neris_id_incident,department_name,type_1_main,call_create_eastern,hour,day_of_week,time_period,unit_response_count,x,y
FD24013403|26000015_639029121620263116|1767268001,Carroll County Department of Fire & EMS,HAZSIT,2026-01-01 01:46:41-05:00,1,Thursday,overnight,1,-77.14784,39.67685
FD24013403|26000016_639029125507698572|1767268508,Carroll County Department of Fire & EMS,MEDICAL,2026-01-01 01:55:08-05:00,1,Thursday,overnight,1,-77.21292,39.65774
FD24013403|26000024_639029639910136704|1767280610,Carroll County Department of Fire & EMS,MEDICAL,2026-01-01 05:16:50-05:00,5,Thursday,overnight,1,-77.15879,39.65046
FD24013403|26000025_639029643232309666|1767280642,Carroll County Department of Fire & EMS,HAZSIT,2026-01-01 05:17:22-05:00,5,Thursday,overnight,1,-77.03772,39.48669
FD24013403|26000026_639029647218147954|1767280683,Carroll County Department of Fire & EMS,MEDICAL,2026-01-01 05:18:03-05:00,5,Thursday,overnight,1,-76.80751,39.67788
FD24013403|26000030_639029651590424300|1767283691,Carroll County Department of Fire & EMS,MEDICAL,2026-01-01 06:08:11-05:00,6,Thursday,morning,2,-77.00451,39.52126
FD24013403|26000031_639029669419129678|1767285257,Carroll County Department of Fire & EMS,MEDICAL,2026-01-01 06:34:17-05:00,6,Thursday,morning,2,-77.04392,39.56564
FD24013403|26000046_639029705410688098|1767298343,Carroll County Department of Fire & EMS,MEDICAL,2026-01-01 10:12:23-05:00,10,Thursday,morning,1,-76.98137,39.57423
FD24013403|26000054_639029783019180425|1767308372,Carroll County Department of Fire & EMS,NOEMERG,2026-01-01 12:59:32-05:00,12,Thursday,afternoon,1,-76.99076,39.56468
FD24013403|26000058_639029789064457863|1767312145,Carroll County Department of Fire & EMS,FIRE,2026-01-01 14:02:25-05:00,14,Thursday,afternoon,1,-76.99913,39.50015
FD24013403|26000062_639029792622438549|1767313525,Carroll County Department of Fire & EMS,MEDICAL,2026-01-01 14:25:25-05:00,14,Thursday,afternoon,1,-76.90045,39.40636
FD24013403|26000074_639029797100570560|1767328218,Carroll County Department of Fire & EMS,MEDICAL,2026-01-01 18:30:18-05:00,18,Thursday,evening,1,-77.16757,39.38179
FD24013403|26000075_639029801005580217|1767328738,Carroll County Department of Fire & EMS,MEDICAL,2026-01-01 18:38:58-05:00,18,Thursday,evening,1,-77.18766,39.68554
FD24013403|26000086_639029804107687441|1767356828,Carroll County Department of Fire & EMS,MEDICAL,2026-01-02 02:27:08-05:00,2,Friday,overnight,1,-76.99975,39.57316
FD24013403|26000100_639029806207584753|1767365794,Carroll County Department of Fire & EMS,MEDICAL,2026-01-02 04:56:34-05:00,4,Friday,overnight,1,-76.94146,39.50579
FD24013403|26000105_639029808317208779|1767371151,Carroll County Department of Fire & EMS,MEDICAL,2026-01-02 06:25:51-05:00,6,Friday,morning,1,-76.99946,39.59679
FD24013403|26000110_639029810021043525|1767380997,Carroll County Department of Fire & EMS,MEDICAL,2026-01-02 09:09:57-05:00,9,Friday,morning,1,-76.98443,39.56272
FD24013403|26000113_639030550207532903|1767383613,Carroll County Department of Fire & EMS,MEDICAL,2026-01-02 09:53:33-05:00,9,Friday,morning,1,-77.15855,39.64717
FD24013403|26000116_639030554408070369|1767386178,Carroll County Department of Fire & EMS,MEDICAL,2026-01-02 10:36:18-05:00,10,Friday,morning,1,-77.08778,39.43525
FD24013403|26000120_639030556712011115|1767394391,Carroll County Department of Fire & EMS,MEDICAL,2026-01-02 12:53:11-05:00,12,Friday,afternoon,1,-76.94834,39.56946
FD24013403|26000121_639030558908542371|1767396045,Carroll County Department of Fire & EMS,MEDICAL,2026-01-02 13:20:45-05:00,13,Friday,afternoon,1,-76.96608,39.48481
FD24013403|26000123_639030561607036494|1767395930,Carroll County Department of Fire & EMS,MEDICAL,2026-01-02 13:18:50-05:00,13,Friday,afternoon,1,-76.90334,39.64721
FD24013403|26000138_639030564907783021|1767406202,Carroll County Department of Fire & EMS,MEDICAL,2026-01-02 16:10:02-05:00,16,Friday,afternoon,1,-76.98071,39.38561
FD24013403|26000152_639030567529427478|1767440994,Carroll County Department of Fire & EMS,MEDICAL,2026-01-03 01:49:54-05:00,1,Saturday,overnight,1,-77.22247,39.59497
FD24013403|26000154_639030569104163290|1767442978,Carroll County Department of Fire & EMS,MEDICAL,2026-01-03 02:22:58-05:00,2,Saturday,overnight,1,-76.95739,39.41506
FD24013403|26000156_639033096914709167|1767443595,Carroll County Department of Fire & EMS,PUBSERV,2026-01-03 02:33:15-05:00,2,Saturday,overnight,2,-76.94991,39.56437
FD24013403|26000157_639030571163872118|1767443875,Carroll County Department of Fire & EMS,MEDICAL,2026-01-03 02:37:55-05:00,2,Saturday,overnight,1,-77.01226,39.58334
FD24013403|26000158_639030572408864810|1767444541,Carroll County Department of Fire & EMS,MEDICAL,2026-01-03 02:49:01-05:00,2,Saturday,overnight,1,-76.90932,39.51264
FD24013403|26000162_639031281010432345|1767446945,Carroll County Department of Fire & EMS,MEDICAL,2026-01-03 03:29:05-05:00,3,Saturday,overnight,2,-77.16466,39.65882
FD24013403|26000164_639031293578066077|1767450101,Carroll County Department of Fire & EMS,MEDICAL,2026-01-03 04:21:41-05:00,4,Saturday,overnight,1,-76.88771,39.66495
FD24013403|26000168_639031294808506072|1767453012,Carroll County Department of Fire & EMS,HAZSIT,2026-01-03 05:10:12-05:00,5,Saturday,overnight,1,-77.21225,39.63632
FD24013403|26000170_639031296526296487|1767453390,Carroll County Department of Fire & EMS,MEDICAL,2026-01-03 05:16:30-05:00,5,Saturday,overnight,1,-76.89815,39.63727
FD24013403|26000172_639031302605520789|1767454862,Carroll County Department of Fire & EMS,FIRE,2026-01-03 05:41:02-05:00,5,Saturday,overnight,2,-76.97244,39.68559
FD24013403|26000190_639031305007257944|1767479810,Carroll County Department of Fire & EMS,MEDICAL,2026-01-03 12:36:50-05:00,12,Saturday,afternoon,1,-76.98037,39.56445
FD24013403|26000243_639032199550966634|1767545030,Carroll County Department of Fire & EMS,MEDICAL,2026-01-04 06:43:50-05:00,6,Sunday,morning,1,-76.8846,39.66061
FD24013403|26000247_639032209156734647|1767548436,Carroll County Department of Fire & EMS,FIRE,2026-01-04 07:40:36-05:00,7,Sunday,morning,1,-77.10107,39.44705
FD24013403|26000249_639032444011109041|1767550725,Carroll County Department of Fire & EMS,MEDICAL,2026-01-04 08:18:45-05:00,8,Sunday,morning,1,-77.15775,39.66733
FD24013403|26000256_639032447893180845|1767556256,Carroll County Department of Fire & EMS,MEDICAL,2026-01-04 09:50:56-05:00,9,Sunday,morning,1,-77.00471,39.57231
FD24013403|26000268_639032450113084922|1767562095,Carroll County Department of Fire & EMS,MEDICAL,2026-01-04 11:28:15-05:00,11,Sunday,morning,1,-76.89468,39.49843
FD24013403|26000270_639032460611820337|1767562792,Carroll County Department of Fire & EMS,MEDICAL,2026-01-04 11:39:52-05:00,11,Sunday,morning,1,-76.89468,39.49843
FD24013403|26000274_639032462888174660|1767564392,Carroll County Department of Fire & EMS,MEDICAL,2026-01-04 12:06:32-05:00,12,Sunday,afternoon,1,-76.97559,39.59168
FD24013403|26000276_639032466298324632|1767567768,Carroll County Department of Fire & EMS,MEDICAL,2026-01-04 13:02:48-05:00,13,Sunday,afternoon,1,-77.00008,39.3901
FD24013403|26000280_639032473516602299|1767573541,Carroll County Department of Fire & EMS,MEDICAL,2026-01-04 14:39:01-05:00,14,Sunday,afternoon,1,-76.96477,39.59199
FD24013403|26000299_639032474965458960|1767610731,Carroll County Department of Fire & EMS,MEDICAL,2026-01-05 00:58:51-05:00,0,Monday,overnight,1,-76.89445,39.40012
FD24013403|26000300_639032475930055489|1767613454,Carroll County Department of Fire & EMS,HAZSIT,2026-01-05 01:44:14-05:00,1,Monday,overnight,1,-76.92348,39.39081
FD24013403|26000307_639032476810789123|1767622928,Carroll County Department of Fire & EMS,NOEMERG,2026-01-05 04:22:08-05:00,4,Monday,overnight,1,-76.98834,39.54359
FD24013403|26000308_639032478314613010|1767624598,Carroll County Department of Fire & EMS,MEDICAL,2026-01-05 04:49:58-05:00,4,Monday,overnight,1,-77.09956,39.42001
FD24013403|26000313_639032483108095797|1767627826,Carroll County Department of Fire & EMS,MEDICAL,2026-01-05 05:43:46-05:00,5,Monday,overnight,1,-76.83597,39.5974
FD24013403|26000314_639032484607994272|1767628966,Carroll County Department of Fire & EMS,PUBSERV,2026-01-05 06:02:46-05:00,6,Monday,morning,1,-77.14609,39.37405
FD24013403|26000316_639032486080101673|1767632623,Carroll County Department of Fire & EMS,MEDICAL,2026-01-05 07:03:43-05:00,7,Monday,morning,1,-76.97276,39.56282
FD24013403|26000349_639033201317639763|1767658875,Carroll County Department of Fire & EMS,MEDICAL,2026-01-05 14:21:15-05:00,14,Monday,afternoon,2,-76.99642,39.58744
FD24013403|26000358_639033203121791423|1767672347,Carroll County Department of Fire & EMS,MEDICAL,2026-01-05 18:05:47-05:00,18,Monday,evening,2,-77.0085,39.69057
FD24013403|26000368_639033204607159336|1767686543,Carroll County Department of Fire & EMS,MEDICAL,2026-01-05 22:02:23-05:00,22,Monday,evening,1,-76.91192,39.41249
FD24013403|26000373_639033206116471468|1767699050,Carroll County Department of Fire & EMS,MEDICAL,2026-01-06 01:30:50-05:00,1,Tuesday,overnight,1,-77.15568,39.64566
FD24013403|26000386_639033207009772205|1767709620,Carroll County Department of Fire & EMS,MEDICAL,2026-01-06 04:27:00-05:00,4,Tuesday,overnight,1,-77.15771,39.35854
FD24013403|26000389_639033208532174717|1767711758,Carroll County Department of Fire & EMS,MEDICAL,2026-01-06 05:02:38-05:00,5,Tuesday,overnight,1,-76.96238,39.4197
FD24013403|26000396_639033209591422214|1767720320,Carroll County Department of Fire & EMS,MEDICAL,2026-01-06 07:25:20-05:00,7,Tuesday,morning,1,-76.9861,39.56324
FD24013403|26000402_639033312916502529|1767725564,Carroll County Department of Fire & EMS,MEDICAL,2026-01-06 08:52:44-05:00,8,Tuesday,morning,1,-77.17594,39.65915
FD24013403|26000415_639033963592930382|1767738301,Carroll County Department of Fire & EMS,MEDICAL,2026-01-06 12:25:01-05:00,12,Tuesday,afternoon,2,-76.9826,39.55596
FD24013403|26000430_639033979809884943|1767748321,Carroll County Department of Fire & EMS,MEDICAL,2026-01-06 15:12:01-05:00,15,Tuesday,afternoon,1,-77.16205,39.64719
FD24013403|26000451_639034138812273630|1767794782,Carroll County Department of Fire & EMS,MEDICAL,2026-01-07 04:06:22-05:00,4,Wednesday,overnight,1,-77.01062,39.63055
FD24013403|26000458_639034000513239881|1767800733,Carroll County Department of Fire & EMS,NOEMERG,2026-01-07 05:45:33-05:00,5,Wednesday,overnight,1,-76.9311,39.39071
FD24013403|26000474_639034277906683822|1767808334,Carroll County Department of Fire & EMS,FIRE,2026-01-07 07:52:14-05:00,7,Wednesday,morning,4,-76.98063,39.57989
FD24013403|26000483_639034277709886164|1767817678,Carroll County Department of Fire & EMS,MEDICAL,2026-01-07 10:27:58-05:00,10,Wednesday,morning,1,-77.10543,39.54381
FD24013403|26000491_639034289710054973|1767822153,Carroll County Department of Fire & EMS,FIRE,2026-01-07 11:42:33-05:00,11,Wednesday,morning,1,-77.04086,39.36959
FD24013403|26000492_639034221867190208|1767822598,Carroll County Department of Fire & EMS,MEDICAL,2026-01-07 11:49:58-05:00,11,Wednesday,morning,1,-76.88771,39.66495
FD24013403|26000499_639034359818308360|1767831245,Carroll County Department of Fire & EMS,MEDICAL,2026-01-07 14:14:05-05:00,14,Wednesday,afternoon,1,-76.85141,39.60765
FD24013403|26000506_639034401608965282|1767841096,Carroll County Department of Fire & EMS,MEDICAL,2026-01-07 16:58:16-05:00,16,Wednesday,afternoon,2,-76.94049,39.54584
FD24013403|26000513_639034700412062943|1767848946,Carroll County Department of Fire & EMS,NOEMERG,2026-01-07 19:09:06-05:00,19,Wednesday,evening,1,-76.9621,39.37015
FD24013403|26000518_639034703606194262|1767858268,Carroll County Department of Fire & EMS,NOEMERG,2026-01-07 21:44:28-05:00,21,Wednesday,evening,1,-76.98745,39.54326
FD24013403|26000524_639034708527830912|1767869302,Carroll County Department of Fire & EMS,MEDICAL,2026-01-08 00:48:22-05:00,0,Thursday,overnight,1,-77.06916,39.41469
FD24013403|26000531_639035028912513995|1767877726,Carroll County Department of Fire & EMS,MEDICAL,2026-01-08 03:08:46-05:00,3,Thursday,overnight,1,-77.16692,39.65359
FD24013403|26000532_639034798210858455|1767877759,Carroll County Department of Fire & EMS,NOEMERG,2026-01-08 03:09:19-05:00,3,Thursday,overnight,2,-76.95059,39.40412
FD24013403|26000533_639035374508569185|1767878609,Carroll County Department of Fire & EMS,MEDICAL,2026-01-08 03:23:29-05:00,3,Thursday,overnight,1,-76.85013,39.56202
FD24013403|26000534_639034814109831112|1767879260,Carroll County Department of Fire & EMS,NOEMERG,2026-01-08 03:34:20-05:00,3,Thursday,overnight,1,-77.15606,39.37682
FD24013403|26000550_639034883119772479|1767888875,Carroll County Department of Fire & EMS,NOEMERG,2026-01-08 06:14:35-05:00,6,Thursday,morning,1,-77.14817,39.36906
FD24013403|26000552_639035377204842923|1767889708,Carroll County Department of Fire & EMS,MEDICAL,2026-01-08 06:28:28-05:00,6,Thursday,morning,1,-76.8553,39.60595
FD24013403|26000553_639035018712725826|1767889629,Carroll County Department of Fire & EMS,MEDICAL,2026-01-08 06:27:09-05:00,6,Thursday,morning,1,-77.17665,39.65926
FD24013403|26000559_639034993718582637|1767894158,Carroll County Department of Fire & EMS,MEDICAL,2026-01-08 07:42:38-05:00,7,Thursday,morning,1,-76.89445,39.40012
FD24013403|26000574_639035313943077342|1767913548,Carroll County Department of Fire & EMS,MEDICAL,2026-01-08 13:05:48-05:00,13,Thursday,afternoon,1,-77.00193,39.70384
FD24013403|26000587_639035238906739255|1767925639,Carroll County Department of Fire & EMS,NOEMERG,2026-01-08 16:27:19-05:00,16,Thursday,afternoon,2,-76.89454,39.39531
FD24013403|26000590_639035319306913031|1767931759,Carroll County Department of Fire & EMS,MEDICAL,2026-01-08 18:09:19-05:00,18,Thursday,evening,1,-77.15455,39.59945
FD24013403|26000621_639038436622741395|1767980266,Carroll County Department of Fire & EMS,MEDICAL,2026-01-09 07:37:46-05:00,7,Friday,morning,1,-77.04392,39.56563
FD24013403|26000627_639036410109371062|1767986957,Carroll County Department of Fire & EMS,MEDICAL,2026-01-09 09:29:17-05:00,9,Friday,morning,3,-77.09058,39.4112
FD24013403|26000639_639036035714638687|1767996687,Carroll County Department of Fire & EMS,MEDICAL,2026-01-09 12:11:27-05:00,12,Friday,afternoon,2,-77.15784,39.65154
FD24013403|26000640_639036062108382086|1768000297,Carroll County Department of Fire & EMS,MEDICAL,2026-01-09 13:11:37-05:00,13,Friday,afternoon,1,-77.15855,39.64717
FD24013403|26000643_639038443095913069|1768001427,Carroll County Department of Fire & EMS,MEDICAL,2026-01-09 13:30:27-05:00,13,Friday,afternoon,1,-77.07908,39.55348
FD24013403|26000647_639036405606777488|1768007009,Carroll County Department of Fire & EMS,MEDICAL,2026-01-09 15:03:29-05:00,15,Friday,afternoon,1,-77.13684,39.65152
FD24013403|26000652_639036126518919054|1768013028,Carroll County Department of Fire & EMS,NOEMERG,2026-01-09 16:43:48-05:00,16,Friday,afternoon,2,-77.0229,39.56784
FD24013403|26000661_639036346369348993|1768034849,Carroll County Department of Fire & EMS,MEDICAL,2026-01-09 22:47:29-05:00,22,Friday,evening,1,-76.8676,39.64336
FD24013403|26000662_639056369946702347|1768035849,Carroll County Department of Fire & EMS,MEDICAL,2026-01-09 23:04:09-05:00,23,Friday,evening,1,-77.14586,39.38227
FD24013403|26000665_639036770010401532|1768046084,Carroll County Department of Fire & EMS,NOEMERG,2026-01-10 01:54:44-05:00,1,Saturday,overnight,2,-76.99289,39.57009
FD24013403|26000678_639036779707753328|1768061522,Carroll County Department of Fire & EMS,MEDICAL,2026-01-10 06:12:02-05:00,6,Saturday,morning,1,-77.17634,39.6587
FD24013403|26000709_639036938946301523|1768091141,Carroll County Department of Fire & EMS,MEDICAL,2026-01-10 14:25:41-05:00,14,Saturday,afternoon,1,-77.16075,39.64397
FD24013403|26000720_639040084691765154|1768106202,Carroll County Department of Fire & EMS,NOEMERG,2026-01-10 18:36:42-05:00,18,Saturday,evening,1,-76.99459,39.56935
FD24013403|26000734_639037620813195590|1768140692,Carroll County Department of Fire & EMS,MEDICAL,2026-01-11 04:11:32-05:00,4,Sunday,overnight,1,-76.98211,39.51952
FD24013403|26000736_639037657207268929|1768143202,Carroll County Department of Fire & EMS,MEDICAL,2026-01-11 04:53:22-05:00,4,Sunday,overnight,1,-77.0537,39.70524
FD24013403|26000737_639037408465857527|1768143339,Carroll County Department of Fire & EMS,MEDICAL,2026-01-11 04:55:39-05:00,4,Sunday,overnight,1,-76.88607,39.66493
FD24013403|26000744_639037594208064686|1768157034,Carroll County Department of Fire & EMS,NOEMERG,2026-01-11 08:43:54-05:00,8,Sunday,morning,1,-76.9347,39.46744
FD24013403|26000752_639037619416785675|1768162535,Carroll County Department of Fire & EMS,MEDICAL,2026-01-11 10:15:35-05:00,10,Sunday,morning,1,-76.95713,39.70979
FD24013403|26000756_639037655058952417|1768166553,Carroll County Department of Fire & EMS,MEDICAL,2026-01-11 11:22:33-05:00,11,Sunday,morning,1,-77.16056,39.65295
FD24013403|26000759_639037713316194415|1768173229,Carroll County Department of Fire & EMS,FIRE,2026-01-11 13:13:49-05:00,13,Sunday,afternoon,2,-76.97276,39.57015
FD24013403|26000768_639040762816832888|1768179073,Carroll County Department of Fire & EMS,MEDICAL,2026-01-11 14:51:13-05:00,14,Sunday,afternoon,1,-76.97839,39.37121
FD24013403|26000776_639037897107730572|1768188982,Carroll County Department of Fire & EMS,NOEMERG,2026-01-11 17:36:22-05:00,17,Sunday,afternoon,2,-76.97018,39.68603
FD24013403|26000779_639038385367139140|1768194545,Carroll County Department of Fire & EMS,MEDICAL,2026-01-11 19:09:05-05:00,19,Sunday,evening,1,-76.9723,39.37634
FD24013403|26000784_639038016006507676|1768202904,Carroll County Department of Fire & EMS,NOEMERG,2026-01-11 21:28:24-05:00,21,Sunday,evening,1,-76.97562,39.58836
FD24013403|26000785_639038055771086352|1768206899,Carroll County Department of Fire & EMS,MEDICAL,2026-01-11 22:34:59-05:00,22,Sunday,evening,1,-76.90257,39.64855
FD24013403|26000788_639038332494960069|1768216971,Carroll County Department of Fire & EMS,MEDICAL,2026-01-12 01:22:51-05:00,1,Monday,overnight,1,-76.92311,39.40687
FD24013403|26000798_639038330112304589|1768225977,Carroll County Department of Fire & EMS,MEDICAL,2026-01-12 03:52:57-05:00,3,Monday,overnight,1,-77.04972,39.42169
FD24013403|26000809_639038770226305588|1768241013,Carroll County Department of Fire & EMS,MEDICAL,2026-01-12 08:03:33-05:00,8,Monday,morning,1,-76.98978,39.55902
FD24013403|26000823_639038595603638773|1768253026,Carroll County Department of Fire & EMS,MEDICAL,2026-01-12 11:23:46-05:00,11,Monday,morning,1,-77.16787,39.36389
FD24013403|26000831_639038593209713970|1768256580,Carroll County Department of Fire & EMS,NOEMERG,2026-01-12 12:23:00-05:00,12,Monday,afternoon,1,-76.95028,39.40843
FD24013403|26000837_639038684900447172|1768265482,Carroll County Department of Fire & EMS,NOEMERG,2026-01-12 14:51:22-05:00,14,Monday,afternoon,1,-77.15478,39.66021
FD24013403|26000839_639038768323442279|1768268851,Carroll County Department of Fire & EMS,MEDICAL,2026-01-12 15:47:31-05:00,15,Monday,afternoon,1,-76.97071,39.70566
FD24013403|26000844_639038769005506850|1768276774,Carroll County Department of Fire & EMS,MEDICAL,2026-01-12 17:59:34-05:00,17,Monday,afternoon,1,-76.88462,39.6082
FD24013403|26000861_639039116411900116|1768311302,Carroll County Department of Fire & EMS,MEDICAL,2026-01-13 03:35:02-05:00,3,Tuesday,overnight,1,-76.88615,39.66635
FD24013403|26000872_639173936726695123|1768322735,Carroll County Department of Fire & EMS,RESCUE,2026-01-13 06:45:35-05:00,6,Tuesday,morning,2,-76.99891,39.59254
FD24013403|26000908_639043065308652085|1768360796,Carroll County Department of Fire & EMS,RESCUE,2026-01-13 17:19:56-05:00,17,Tuesday,afternoon,1,-76.99026,39.55837
FD24013403|26000929_639040086912545487|1768400641,Carroll County Department of Fire & EMS,MEDICAL,2026-01-14 04:24:01-05:00,4,Wednesday,overnight,1,-77.02669,39.58628
FD24013403|26000931_639040472106605111|1768403386,Carroll County Department of Fire & EMS,MEDICAL,2026-01-14 05:09:46-05:00,5,Wednesday,overnight,1,-76.9723,39.37634
FD24013403|26000935_639040087807298871|1768408118,Carroll County Department of Fire & EMS,MEDICAL,2026-01-14 06:28:38-05:00,6,Wednesday,morning,1,-76.88509,39.66229
FD24013403|26000941_639040258225063155|1768418883,Carroll County Department of Fire & EMS,MEDICAL,2026-01-14 09:28:03-05:00,9,Wednesday,morning,1,-77.27491,39.71232
FD24013403|26000949_639040258522081984|1768425008,Carroll County Department of Fire & EMS,MEDICAL,2026-01-14 11:10:08-05:00,11,Wednesday,morning,1,-77.025,39.67536
FD24013403|26000955_639040473019512216|1768430164,Carroll County Department of Fire & EMS,MEDICAL,2026-01-14 12:36:04-05:00,12,Wednesday,afternoon,1,-76.98825,39.55833
FD24013403|26000957_639040375122240452|1768431103,Carroll County Department of Fire & EMS,MEDICAL,2026-01-14 12:51:43-05:00,12,Wednesday,afternoon,1,-77.17088,39.65073
FD24013403|26000963_639040953007275844|1768440518,Carroll County Department of Fire & EMS,NOEMERG,2026-01-14 15:28:38-05:00,15,Wednesday,afternoon,1,-76.99497,39.56899
FD24013403|26000964_639040951810929885|1768441346,Carroll County Department of Fire & EMS,NOEMERG,2026-01-14 15:42:26-05:00,15,Wednesday,afternoon,1,-76.93143,39.54639
FD24013403|26000987_639040905334799112|1768491151,Carroll County Department of Fire & EMS,NOEMERG,2026-01-15 05:32:31-05:00,5,Thursday,overnight,1,-76.99819,39.60658
FD24013403|26000995_639041406585438901|1768495681,Carroll County Department of Fire & EMS,MEDICAL,2026-01-15 06:48:01-05:00,6,Thursday,morning,1,-77.04927,39.42763
FD24013403|26000998_639041022913771534|1768496321,Carroll County Department of Fire & EMS,NOEMERG,2026-01-15 06:58:41-05:00,6,Thursday,morning,1,-76.97206,39.56242
FD24013403|26001005_639041037540542126|1768503082,Carroll County Department of Fire & EMS,MEDICAL,2026-01-15 08:51:22-05:00,8,Thursday,morning,1,-76.99669,39.59444
FD24013403|26001006_639041043285647703|1768504459,Carroll County Department of Fire & EMS,NOEMERG,2026-01-15 09:14:19-05:00,9,Thursday,morning,4,-76.99437,39.57122
FD24013403|26001008_639041039115610561|1768505751,Carroll County Department of Fire & EMS,MEDICAL,2026-01-15 09:35:51-05:00,9,Thursday,morning,2,-76.9951,39.56841
FD24013403|26001012_639041084063144665|1768509611,Carroll County Department of Fire & EMS,MEDICAL,2026-01-15 10:40:11-05:00,10,Thursday,morning,1,-76.89921,39.61881
FD24013403|26001018_639041408371269326|1768511843,Carroll County Department of Fire & EMS,MEDICAL,2026-01-15 11:17:23-05:00,11,Thursday,morning,1,-76.94841,39.41258
FD24013403|26001028_639041353206550147|1768525777,Carroll County Department of Fire & EMS,MEDICAL,2026-01-15 15:09:37-05:00,15,Thursday,afternoon,1,-77.16153,39.64954
FD24013403|26001044_639042038113303007|1768559384,Carroll County Department of Fire & EMS,FIRE,2026-01-16 00:29:44-05:00,0,Friday,overnight,2,-77.02762,39.67034
FD24013403|26001051_639042231606795831|1768564227,Carroll County Department of Fire & EMS,MEDICAL,2026-01-16 01:50:27-05:00,1,Friday,overnight,1,-76.83647,39.59289
FD24013403|26001054_639042230073976522|1768568106,Carroll County Department of Fire & EMS,MEDICAL,2026-01-16 02:55:06-05:00,2,Friday,overnight,1,-77.03949,39.58448
FD24013403|26001055_639041683997726308|1768568624,Carroll County Department of Fire & EMS,NOEMERG,2026-01-16 03:03:44-05:00,3,Friday,overnight,2,-77.17082,39.65023
FD24013403|26001060_639042232511964295|1768574422,Carroll County Department of Fire & EMS,MEDICAL,2026-01-16 04:40:22-05:00,4,Friday,overnight,1,-76.86527,39.58989
FD24013403|26001066_639042123016821716|1768580794,Carroll County Department of Fire & EMS,NOEMERG,2026-01-16 06:26:34-05:00,6,Friday,morning,1,-77.14417,39.38582
FD24013403|26001067_639041903410332256|1768582510,Carroll County Department of Fire & EMS,MEDICAL,2026-01-16 06:55:10-05:00,6,Friday,morning,1,-77.20695,39.70908
FD24013403|26001069_639041905189716364|1768583440,Carroll County Department of Fire & EMS,MEDICAL,2026-01-16 07:10:40-05:00,7,Friday,morning,1,-77.17389,39.6604
FD24013403|26001070_639042231282657230|1768584324,Carroll County Department of Fire & EMS,MEDICAL,2026-01-16 07:25:24-05:00,7,Friday,morning,1,-76.85245,39.60954
FD24013403|26001074_639042125345813060|1768588620,Carroll County Department of Fire & EMS,NOEMERG,2026-01-16 08:37:00-05:00,8,Friday,morning,1,-76.97113,39.37373
FD24013403|26001076_639042128627403563|1768592157,Carroll County Department of Fire & EMS,MEDICAL,2026-01-16 09:35:57-05:00,9,Friday,morning,1,-76.9341,39.46431
FD24013403|26001078_639041976530029652|1768597661,Carroll County Department of Fire & EMS,MEDICAL,2026-01-16 11:07:41-05:00,11,Friday,morning,1,-77.23709,39.59916
FD24013403|26001083_639042131413415250|1768603699,Carroll County Department of Fire & EMS,NOEMERG,2026-01-16 12:48:19-05:00,12,Friday,afternoon,2,-76.9642,39.36868
FD24013403|26001084_639055171713939815|1768603989,Carroll County Department of Fire & EMS,NOEMERG,2026-01-16 12:53:09-05:00,12,Friday,afternoon,1,-77.04477,39.56307
FD24013403|26001085_639042133488356980|1768603907,Carroll County Department of Fire & EMS,NOEMERG,2026-01-16 12:51:47-05:00,12,Friday,afternoon,4,-77.16017,39.36305
FD24013403|26001090_639042228908903114|1768609046,Carroll County Department of Fire & EMS,MEDICAL,2026-01-16 14:17:26-05:00,14,Friday,afternoon,1,-76.8553,39.61391
FD24013403|26001091_639042131413887800|1768609201,Carroll County Department of Fire & EMS,MEDICAL,2026-01-16 14:20:01-05:00,14,Friday,afternoon,1,-76.98678,39.57753
FD24013403|26001093_639042133488144281|1768610792,Carroll County Department of Fire & EMS,MEDICAL,2026-01-16 14:46:32-05:00,14,Friday,afternoon,1,-76.97786,39.5821
FD24013403|26001094_639042135492019752|1768610380,Carroll County Department of Fire & EMS,NOEMERG,2026-01-16 14:39:40-05:00,14,Friday,afternoon,2,-76.93273,39.48231
FD24013403|26001095_639042136514732277|1768612362,Carroll County Department of Fire & EMS,MEDICAL,2026-01-16 15:12:42-05:00,15,Friday,afternoon,1,-76.91367,39.39308
FD24013403|26001097_639042227969275247|1768619562,Carroll County Department of Fire & EMS,MEDICAL,2026-01-16 17:12:42-05:00,17,Friday,afternoon,1,-76.99432,39.5759
FD24013403|26001100_639042249153422056|1768626840,Carroll County Department of Fire & EMS,HAZSIT,2026-01-16 19:14:00-05:00,19,Friday,evening,1,-76.91885,39.63169
FD24013403|26001102_639042762872734583|1768633828,Carroll County Department of Fire & EMS,MEDICAL,2026-01-16 21:10:28-05:00,21,Friday,evening,1,-76.97265,39.5674
FD24013403|26001103_639042452410075815|1768635003,Carroll County Department of Fire & EMS,NOEMERG,2026-01-16 21:30:03-05:00,21,Friday,evening,2,-76.93234,39.39517
FD24013403|26001107_639042564607815391|1768642474,Carroll County Department of Fire & EMS,MEDICAL,2026-01-16 23:34:34-05:00,23,Friday,evening,1,-77.11238,39.53628
FD24013403|26001109_639042987020166070|1768655332,Carroll County Department of Fire & EMS,HAZSIT,2026-01-17 03:08:52-05:00,3,Saturday,overnight,1,-76.89256,39.575
FD24013403|26001110_639043548622578026|1768656461,Carroll County Department of Fire & EMS,HAZSIT,2026-01-17 03:27:41-05:00,3,Saturday,overnight,1,-76.98935,39.52255
FD24013403|26001116_639043518919462127|1768661045,Carroll County Department of Fire & EMS,MEDICAL,2026-01-17 04:44:05-05:00,4,Saturday,overnight,1,-77.04697,39.46262
FD24013403|26001122_639043544727111845|1768666442,Carroll County Department of Fire & EMS,MEDICAL,2026-01-17 06:14:02-05:00,6,Saturday,morning,1,-77.16121,39.36222
FD24013403|26001124_639043541106257152|1768668445,Carroll County Department of Fire & EMS,MEDICAL,2026-01-17 06:47:25-05:00,6,Saturday,morning,1,-76.89133,39.37006
FD24013403|26001127_639042988810030801|1768671084,Carroll County Department of Fire & EMS,MEDICAL,2026-01-17 07:31:24-05:00,7,Saturday,morning,1,-76.99847,39.58064
FD24013403|26001130_639042990528933171|1768676414,Carroll County Department of Fire & EMS,MEDICAL,2026-01-17 09:00:14-05:00,9,Saturday,morning,1,-76.99877,39.58102
FD24013403|26001132_639042781692635629|1768677817,Carroll County Department of Fire & EMS,MEDICAL,2026-01-17 09:23:37-05:00,9,Saturday,morning,1,-77.16536,39.65681
FD24013403|26001133_639043535407527932|1768678400,Carroll County Department of Fire & EMS,MEDICAL,2026-01-17 09:33:20-05:00,9,Saturday,morning,1,-77.15252,39.36852
FD24013403|26001134_639042853762399718|1768678871,Carroll County Department of Fire & EMS,MEDICAL,2026-01-17 09:41:11-05:00,9,Saturday,morning,2,-77.16667,39.35916
FD24013403|26001135_639042840908376516|1768681878,Carroll County Department of Fire & EMS,MEDICAL,2026-01-17 10:31:18-05:00,10,Saturday,morning,1,-77.1633,39.6548
FD24013403|26001139_639142811124725453|1768683830,Carroll County Department of Fire & EMS,FIRE,2026-01-17 11:03:50-05:00,11,Saturday,morning,1,-76.78019,39.57473
FD24013403|26001140_639042842342906800|1768683979,Carroll County Department of Fire & EMS,MEDICAL,2026-01-17 11:06:19-05:00,11,Saturday,morning,1,-77.02191,39.58889
FD24013403|26001145_639043530257835293|1768688653,Carroll County Department of Fire & EMS,MEDICAL,2026-01-17 12:24:13-05:00,12,Saturday,afternoon,1,-76.99585,39.57018
FD24013403|26001146_639043064712932889|1768689376,Carroll County Department of Fire & EMS,MEDICAL,2026-01-17 12:36:16-05:00,12,Saturday,afternoon,2,-76.98609,39.41698
FD24013403|26001147_639042967208377425|1768692330,Carroll County Department of Fire & EMS,NOEMERG,2026-01-17 13:25:30-05:00,13,Saturday,afternoon,1,-77.22544,39.68057
FD24013403|26001150_639042982207694258|1768692517,Carroll County Department of Fire & EMS,MEDICAL,2026-01-17 13:28:37-05:00,13,Saturday,afternoon,3,-76.92969,39.53994
FD24013403|26001153_639042984026151001|1768693772,Carroll County Department of Fire & EMS,MEDICAL,2026-01-17 13:49:32-05:00,13,Saturday,afternoon,1,-76.94836,39.56589
FD24013403|26001162_639043294993504883|1768711141,Carroll County Department of Fire & EMS,NOEMERG,2026-01-17 18:39:01-05:00,18,Saturday,evening,1,-77.01829,39.66614
FD24013403|26001167_639043381813808845|1768715448,Carroll County Department of Fire & EMS,MEDICAL,2026-01-17 19:50:48-05:00,19,Saturday,evening,1,-76.86044,39.60408
FD24013403|26001168_639043296269813868|1768721999,Carroll County Department of Fire & EMS,MEDICAL,2026-01-17 21:39:59-05:00,21,Saturday,evening,1,-77.16912,39.64912
FD24013403|26001176_639043524208627618|1768733781,Carroll County Department of Fire & EMS,MEDICAL,2026-01-18 00:56:21-05:00,0,Sunday,overnight,1,-77.10053,39.43822
FD24013403|26001178_639043404619138749|1768736865,Carroll County Department of Fire & EMS,MEDICAL,2026-01-18 01:47:45-05:00,1,Sunday,overnight,1,-77.15855,39.64717
FD24013403|26001179_639043404906023463|1768736896,Carroll County Department of Fire & EMS,MEDICAL,2026-01-18 01:48:16-05:00,1,Sunday,overnight,2,-77.10965,39.67921
FD24013403|26001180_639043405414123659|1768738618,Carroll County Department of Fire & EMS,MEDICAL,2026-01-18 02:16:58-05:00,2,Sunday,overnight,1,-77.1583,39.65682
FD24013403|26001188_639043630095306634|1768749146,Carroll County Department of Fire & EMS,MEDICAL,2026-01-18 05:12:26-05:00,5,Sunday,overnight,1,-76.83647,39.59289
FD24013403|26001191_639043513808538141|1768750658,Carroll County Department of Fire & EMS,NOEMERG,2026-01-18 05:37:38-05:00,5,Sunday,overnight,1,-76.93422,39.3966
FD24013403|26001192_639043505117800616|1768750895,Carroll County Department of Fire & EMS,MEDICAL,2026-01-18 05:41:35-05:00,5,Sunday,overnight,1,-77.16121,39.36222
FD24013403|26001193_639043636211465212|1768751416,Carroll County Department of Fire & EMS,MEDICAL,2026-01-18 05:50:16-05:00,5,Sunday,overnight,1,-76.95322,39.69163
FD24013403|26001195_639043571373568817|1768754627,Carroll County Department of Fire & EMS,NOEMERG,2026-01-18 06:43:47-05:00,6,Sunday,morning,1,-76.96969,39.36681
FD24013403|26001197_639043573189889428|1768755497,Carroll County Department of Fire & EMS,MEDICAL,2026-01-18 06:58:17-05:00,6,Sunday,morning,1,-76.953,39.40418
FD24013403|26001198_639043573807041226|1768757259,Carroll County Department of Fire & EMS,NOEMERG,2026-01-18 07:27:39-05:00,7,Sunday,morning,1,-76.99547,39.54041
FD24013403|26001204_639043642809338678|1768764209,Carroll County Department of Fire & EMS,MEDICAL,2026-01-18 09:23:29-05:00,9,Sunday,morning,1,-76.9711,39.50655
FD24013403|26001206_639067743911386716|1768765530,Carroll County Department of Fire & EMS,MEDICAL,2026-01-18 09:45:30-05:00,9,Sunday,morning,1,-77.16883,39.36485
FD24013403|26001207_639043697709671451|1768766956,Carroll County Department of Fire & EMS,RESCUE,2026-01-18 10:09:16-05:00,10,Sunday,morning,2,-77.15419,39.67915
FD24013403|26001209_639067743322476005|1768769162,Carroll County Department of Fire & EMS,MEDICAL,2026-01-18 10:46:02-05:00,10,Sunday,morning,1,-77.22544,39.68057
FD24013403|26001210_639043948206484674|1768771593,Carroll County Department of Fire & EMS,MEDICAL,2026-01-18 11:26:33-05:00,11,Sunday,morning,1,-76.98804,39.58617
FD24013403|26001217_639061181044278200|1768778472,Carroll County Department of Fire & EMS,FIRE,2026-01-18 13:21:12-05:00,13,Sunday,afternoon,2,-76.82179,39.6291
FD24013403|26001222_639043853113213125|1768782840,Carroll County Department of Fire & EMS,MEDICAL,2026-01-18 14:34:00-05:00,14,Sunday,afternoon,1,-77.16121,39.36221
FD24013403|26001223_639043947490904398|1768783001,Carroll County Department of Fire & EMS,MEDICAL,2026-01-18 14:36:41-05:00,14,Sunday,afternoon,1,-76.97013,39.36798
FD24013403|26001230_639043943672710285|1768786165,Carroll County Department of Fire & EMS,MEDICAL,2026-01-18 15:29:25-05:00,15,Sunday,afternoon,1,-76.84317,39.68598
FD24013403|26001233_639043989304997829|1768791653,Carroll County Department of Fire & EMS,FIRE,2026-01-18 17:00:53-05:00,17,Sunday,afternoon,2,-77.05868,39.45859
FD24013403|26001240_639056407231433715|1768812576,Carroll County Department of Fire & EMS,MEDICAL,2026-01-18 22:49:36-05:00,22,Sunday,evening,1,-76.83436,39.70622
FD24013403|26001243_639044280216607984|1768821698,Carroll County Department of Fire & EMS,MEDICAL,2026-01-19 01:21:38-05:00,1,Monday,overnight,1,-76.89736,39.67643
FD24013403|26001252_639044336631534091|1768829376,Carroll County Department of Fire & EMS,MEDICAL,2026-01-19 03:29:36-05:00,3,Monday,overnight,1,-76.96978,39.46639
FD24013403|26001257_639044841617545836|1768838390,Carroll County Department of Fire & EMS,MEDICAL,2026-01-19 05:59:50-05:00,5,Monday,overnight,1,-76.99253,39.55141
FD24013403|26001260_639044406174826277|1768842025,Carroll County Department of Fire & EMS,NOEMERG,2026-01-19 07:00:25-05:00,7,Monday,morning,1,-76.98948,39.56866
FD24013403|26001261_639044408028789286|1768842771,Carroll County Department of Fire & EMS,NOEMERG,2026-01-19 07:12:51-05:00,7,Monday,morning,1,-76.99432,39.5759
FD24013403|26001264_639044505314101168|1768843943,Carroll County Department of Fire & EMS,NOEMERG,2026-01-19 07:32:23-05:00,7,Monday,morning,1,-77.04328,39.55112
FD24013403|26001265_639044507732054724|1768844576,Carroll County Department of Fire & EMS,MEDICAL,2026-01-19 07:42:56-05:00,7,Monday,morning,1,-77.01215,39.55745
FD24013403|26001272_639061179614008183|1768852450,Carroll County Department of Fire & EMS,HAZSIT,2026-01-19 09:54:10-05:00,9,Monday,morning,3,-76.99231,39.56466
FD24013403|26001276_639044617526531973|1768859684,Carroll County Department of Fire & EMS,NOEMERG,2026-01-19 11:54:44-05:00,11,Monday,morning,1,-77.01549,39.66572
FD24013403|26001277_639044621720302684|1768860048,Carroll County Department of Fire & EMS,NOEMERG,2026-01-19 12:00:48-05:00,12,Monday,afternoon,2,-77.15362,39.63426
FD24013403|26001285_639044638138615342|1768866353,Carroll County Department of Fire & EMS,NOEMERG,2026-01-19 13:45:53-05:00,13,Monday,afternoon,1,-76.98696,39.57217
FD24013403|26001288_639044843826481211|1768870780,Carroll County Department of Fire & EMS,MEDICAL,2026-01-19 14:59:40-05:00,14,Monday,afternoon,1,-76.94199,39.39915
FD24013403|26001289_639044705411257763|1768871259,Carroll County Department of Fire & EMS,MEDICAL,2026-01-19 15:07:39-05:00,15,Monday,afternoon,1,-76.95494,39.57086
FD24013403|26001294_639044845213248607|1768882142,Carroll County Department of Fire & EMS,MEDICAL,2026-01-19 18:09:02-05:00,18,Monday,evening,1,-76.97113,39.37373
FD24013403|26001296_639045633833733886|1768892393,Carroll County Department of Fire & EMS,MEDICAL,2026-01-19 20:59:53-05:00,20,Monday,evening,2,-77.05342,39.50132
FD24013403|26001297_639045634729561507|1768904242,Carroll County Department of Fire & EMS,NOEMERG,2026-01-20 00:17:22-05:00,0,Tuesday,overnight,1,-76.93412,39.368
FD24013403|26001307_639045237219138937|1768920202,Carroll County Department of Fire & EMS,MEDICAL,2026-01-20 04:43:22-05:00,4,Tuesday,overnight,1,-76.98213,39.58485
FD24013403|26001315_639045583213022124|1768932116,Carroll County Department of Fire & EMS,NOEMERG,2026-01-20 08:01:56-05:00,8,Tuesday,morning,1,-76.94497,39.40421
FD24013403|26001316_639045581731380187|1768932355,Carroll County Department of Fire & EMS,MEDICAL,2026-01-20 08:05:55-05:00,8,Tuesday,morning,1,-76.99422,39.57351
FD24013403|26001317_639045304211081602|1768932406,Carroll County Department of Fire & EMS,MEDICAL,2026-01-20 08:06:46-05:00,8,Tuesday,morning,2,-76.99422,39.57351
FD24013403|26001328_639045584097350190|1768944136,Carroll County Department of Fire & EMS,NOEMERG,2026-01-20 11:22:16-05:00,11,Tuesday,morning,1,-77.05439,39.44741
FD24013403|26001329_639045584710185657|1768945484,Carroll County Department of Fire & EMS,NOEMERG,2026-01-20 11:44:44-05:00,11,Tuesday,morning,1,-76.94779,39.40057
FD24013403|26001330_639045535806055822|1768946763,Carroll County Department of Fire & EMS,MEDICAL,2026-01-20 12:06:03-05:00,12,Tuesday,afternoon,1,-77.03375,39.60385
FD24013403|26001338_639045560381415795|1768954244,Carroll County Department of Fire & EMS,MEDICAL,2026-01-20 14:10:44-05:00,14,Tuesday,afternoon,1,-76.81183,39.66164
FD24013403|26001341_639045585311527829|1768958249,Carroll County Department of Fire & EMS,NOEMERG,2026-01-20 15:17:29-05:00,15,Tuesday,afternoon,1,-76.96691,39.37165
FD24013403|26001354_639046072725601893|1768972526,Carroll County Department of Fire & EMS,NOEMERG,2026-01-20 19:15:26-05:00,19,Tuesday,evening,1,-76.96069,39.41348
FD24013403|26001357_639046073718621571|1768976241,Carroll County Department of Fire & EMS,MEDICAL,2026-01-20 20:17:21-05:00,20,Tuesday,evening,1,-77.0944,39.45166
FD24013403|26001360_639045906788252252|1768984056,Carroll County Department of Fire & EMS,MEDICAL,2026-01-20 22:27:36-05:00,22,Tuesday,evening,1,-76.97938,39.56459
FD24013403|26001370_639046351533288402|1768997751,Carroll County Department of Fire & EMS,FIRE,2026-01-21 02:15:51-05:00,2,Wednesday,overnight,2,-76.93472,39.37304
FD24013403|26001374_639046342515287806|1769002478,Carroll County Department of Fire & EMS,NOEMERG,2026-01-21 03:34:38-05:00,3,Wednesday,overnight,1,-77.14499,39.39437
FD24013403|26001376_639173936415065474|1769003173,Carroll County Department of Fire & EMS,NOEMERG,2026-01-21 03:46:13-05:00,3,Wednesday,overnight,1,-76.84024,39.64533
FD24013403|26001380_639069268210723277|1769005983,Carroll County Department of Fire & EMS,HAZSIT,2026-01-21 04:33:03-05:00,4,Wednesday,overnight,1,-76.85657,39.52745
FD24013403|26001381_639056410217347819|1769006334,Carroll County Department of Fire & EMS,MEDICAL,2026-01-21 04:38:54-05:00,4,Wednesday,overnight,1,-76.98782,39.56799
FD24013403|26001391_639046471200249538|1769016735,Carroll County Department of Fire & EMS,NOEMERG,2026-01-21 07:32:15-05:00,7,Wednesday,morning,1,-76.99881,39.58179
FD24013403|26001395_639046344010466442|1769019547,Carroll County Department of Fire & EMS,MEDICAL,2026-01-21 08:19:07-05:00,8,Wednesday,morning,1,-77.02017,39.38791
FD24013403|26001399_639046258595954906|1769021616,Carroll County Department of Fire & EMS,MEDICAL,2026-01-21 08:53:36-05:00,8,Wednesday,morning,1,-77.02786,39.58346
FD24013403|26001402_639046257306994636|1769023472,Carroll County Department of Fire & EMS,NOEMERG,2026-01-21 09:24:32-05:00,9,Wednesday,morning,1,-76.9986,39.57569
FD24013403|26001403_639046255220086990|1769024006,Carroll County Department of Fire & EMS,MEDICAL,2026-01-21 09:33:26-05:00,9,Wednesday,morning,1,-76.97823,39.58145
FD24013403|26001409_639046352410078984|1769030552,Carroll County Department of Fire & EMS,MEDICAL,2026-01-21 11:22:32-05:00,11,Wednesday,morning,1,-77.16541,39.36709
FD24013403|26001414_639046413009750409|1769041519,Carroll County Department of Fire & EMS,MEDICAL,2026-01-21 14:25:19-05:00,14,Wednesday,afternoon,1,-77.16072,39.65584
FD24013403|26001428_639069269369128798|1769070959,Carroll County Department of Fire & EMS,FIRE,2026-01-21 22:35:59-05:00,22,Wednesday,evening,3,-77.08553,39.58824
FD24013403|26001436_639061177478797778|1769083812,Carroll County Department of Fire & EMS,HAZSIT,2026-01-22 02:10:12-05:00,2,Thursday,overnight,1,-76.97737,39.54646
FD24013403|26001437_639047289614839277|1769084397,Carroll County Department of Fire & EMS,MEDICAL,2026-01-22 02:19:57-05:00,2,Thursday,overnight,1,-76.99713,39.58569
FD24013403|26001438_639057191123670177|1769084994,Carroll County Department of Fire & EMS,HAZSIT,2026-01-22 02:29:54-05:00,2,Thursday,overnight,1,-77.1321,39.61097
FD24013403|26001446_639047020509996520|1769092096,Carroll County Department of Fire & EMS,NOEMERG,2026-01-22 04:28:16-05:00,4,Thursday,overnight,1,-77.16075,39.64397
FD24013403|26001447_639047020837094267|1769093324,Carroll County Department of Fire & EMS,MEDICAL,2026-01-22 04:48:44-05:00,4,Thursday,overnight,2,-76.98743,39.56378
FD24013403|26001448_639047021110513238|1769094183,Carroll County Department of Fire & EMS,MEDICAL,2026-01-22 05:03:03-05:00,5,Thursday,overnight,1,-77.01105,39.58839
FD24013403|26001455_639047052827885546|1769097971,Carroll County Department of Fire & EMS,MEDICAL,2026-01-22 06:06:11-05:00,6,Thursday,morning,1,-77.14394,39.38739
FD24013403|26001464_639047292010217991|1769108984,Carroll County Department of Fire & EMS,NOEMERG,2026-01-22 09:09:44-05:00,9,Thursday,morning,1,-76.95713,39.70979
FD24013403|26001471_639061175662387627|1769113164,Carroll County Department of Fire & EMS,NOEMERG,2026-01-22 10:19:24-05:00,10,Thursday,morning,2,-76.99772,39.60429
FD24013403|26001474_639047295610274179|1769113923,Carroll County Department of Fire & EMS,NOEMERG,2026-01-22 10:32:03-05:00,10,Thursday,morning,1,-76.84973,39.60788
FD24013403|26001475_639047296810557518|1769114012,Carroll County Department of Fire & EMS,NOEMERG,2026-01-22 10:33:32-05:00,10,Thursday,morning,1,-76.83496,39.59495
FD24013403|26001477_639047173073243264|1769115073,Carroll County Department of Fire & EMS,MEDICAL,2026-01-22 10:51:13-05:00,10,Thursday,morning,1,-77.15855,39.64717
FD24013403|26001480_639047331240381495|1769121623,Carroll County Department of Fire & EMS,MEDICAL,2026-01-22 12:40:23-05:00,12,Thursday,afternoon,1,-77.08378,39.44606
FD24013403|26001485_639047299509461996|1769124683,Carroll County Department of Fire & EMS,MEDICAL,2026-01-22 13:31:23-05:00,13,Thursday,afternoon,1,-76.897,39.6417
FD24013403|26001496_639067742664954791|1769135216,Carroll County Department of Fire & EMS,MEDICAL,2026-01-22 16:26:56-05:00,16,Thursday,afternoon,1,-77.17795,39.56866
FD24013403|26001506_639047575398627680|1769157783,Carroll County Department of Fire & EMS,MEDICAL,2026-01-22 22:43:03-05:00,22,Thursday,evening,1,-76.97005,39.43008
FD24013403|26001518_639047966345032221|1769173686,Carroll County Department of Fire & EMS,MEDICAL,2026-01-23 03:08:06-05:00,3,Friday,overnight,1,-77.08287,39.46152
FD24013403|26001533_639048113647851199|1769190208,Carroll County Department of Fire & EMS,MEDICAL,2026-01-23 07:43:28-05:00,7,Friday,morning,1,-77.04558,39.66376
FD24013403|26001539_639048122712170707|1769194605,Carroll County Department of Fire & EMS,MEDICAL,2026-01-23 08:56:45-05:00,8,Friday,morning,1,-76.98696,39.57217
FD24013403|26001544_639048117008469994|1769201160,Carroll County Department of Fire & EMS,MEDICAL,2026-01-23 10:46:00-05:00,10,Friday,morning,1,-77.10308,39.63307
FD24013403|26001547_639048269974349930|1769205204,Carroll County Department of Fire & EMS,MEDICAL,2026-01-23 11:53:24-05:00,11,Friday,morning,1,-77.01801,39.40391
FD24013403|26001549_639048122109238813|1769209998,Carroll County Department of Fire & EMS,MEDICAL,2026-01-23 13:13:18-05:00,13,Friday,afternoon,1,-76.89761,39.66328
FD24013403|26001553_639048315927452602|1769213368,Carroll County Department of Fire & EMS,NOEMERG,2026-01-23 14:09:28-05:00,14,Friday,afternoon,1,-77.01339,39.5868
FD24013403|26001572_639048341296413221|1769233880,Carroll County Department of Fire & EMS,MEDICAL,2026-01-23 19:51:20-05:00,19,Friday,evening,1,-77.00014,39.58212
FD24013403|26001581_639049064717343902|1769258013,Carroll County Department of Fire & EMS,PUBSERV,2026-01-24 02:33:33-05:00,2,Saturday,overnight,1,-77.1795,39.65309
FD24013403|26001605_639049062277421604|1769281382,Carroll County Department of Fire & EMS,MEDICAL,2026-01-24 09:03:02-05:00,9,Saturday,morning,1,-77.11017,39.54222
FD24013403|26001607_639049506615658749|1769283061,Carroll County Department of Fire & EMS,MEDICAL,2026-01-24 09:31:01-05:00,9,Saturday,morning,1,-76.97482,39.56567
FD24013403|26001609_639049494907718268|1769283462,Carroll County Department of Fire & EMS,FIRE,2026-01-24 09:37:42-05:00,9,Saturday,morning,2,-77.05997,39.39378
FD24013403|26001615_639049505962317808|1769290579,Carroll County Department of Fire & EMS,MEDICAL,2026-01-24 11:36:19-05:00,11,Saturday,morning,1,-76.85446,39.62168
FD24013403|26001624_639049504796585457|1769295906,Carroll County Department of Fire & EMS,MEDICAL,2026-01-24 13:05:06-05:00,13,Saturday,afternoon,1,-76.99102,39.59569
FD24013403|26001641_639049482012698861|1769310253,Carroll County Department of Fire & EMS,MEDICAL,2026-01-24 17:04:13-05:00,17,Saturday,afternoon,1,-77.04969,39.40577
FD24013403|26001643_639049341605639370|1769311307,Carroll County Department of Fire & EMS,MEDICAL,2026-01-24 17:21:47-05:00,17,Saturday,afternoon,1,-77.07555,39.4698
FD24013403|26001646_639051186610537329|1769319231,Carroll County Department of Fire & EMS,HAZSIT,2026-01-24 19:33:51-05:00,19,Saturday,evening,2,-76.98696,39.57217
FD24013403|26001649_639049480398819519|1769321389,Carroll County Department of Fire & EMS,NOEMERG,2026-01-24 20:09:49-05:00,20,Saturday,evening,1,-76.96115,39.53163
FD24013403|26001655_639049481387459767|1769335777,Carroll County Department of Fire & EMS,NOEMERG,2026-01-25 00:09:37-05:00,0,Sunday,overnight,1,-77.08267,39.46059
FD24013403|26001679_639049892730739384|1769379181,Carroll County Department of Fire & EMS,MEDICAL,2026-01-25 12:13:01-05:00,12,Sunday,afternoon,1,-77.16343,39.66022
FD24013403|26001682_639049852137883365|1769382638,Carroll County Department of Fire & EMS,MEDICAL,2026-01-25 13:10:38-05:00,13,Sunday,afternoon,1,-76.99675,39.57618
FD24013403|26001683_639049894424506545|1769383802,Carroll County Department of Fire & EMS,MEDICAL,2026-01-25 13:30:02-05:00,13,Sunday,afternoon,1,-77.17597,39.65971
FD24013403|26001684_639049907608542699|1769384500,Carroll County Department of Fire & EMS,MEDICAL,2026-01-25 13:41:40-05:00,13,Sunday,afternoon,1,-77.10907,39.4278
FD24013403|26001703_639050504372196411|1769433260,Carroll County Department of Fire & EMS,MEDICAL,2026-01-26 03:14:20-05:00,3,Monday,overnight,1,-77.17557,39.65929
FD24013403|26001711_639053169216476049|1769439189,Carroll County Department of Fire & EMS,NOEMERG,2026-01-26 04:53:09-05:00,4,Monday,overnight,1,-77.10543,39.54381
FD24013403|26001717_639067572608087679|1769445939,Carroll County Department of Fire & EMS,NOEMERG,2026-01-26 06:45:39-05:00,6,Monday,morning,1,-77.08566,39.48395
FD24013403|26001719_639064654814520164|1769447712,Carroll County Department of Fire & EMS,MEDICAL,2026-01-26 07:15:12-05:00,7,Monday,morning,1,-77.13158,39.37089
FD24013403|26001732_639053170533778479|1769460071,Carroll County Department of Fire & EMS,MEDICAL,2026-01-26 10:41:11-05:00,10,Monday,morning,1,-76.91646,39.6382
FD24013403|26001733_639053171409504503|1769457769,Carroll County Department of Fire & EMS,NOEMERG,2026-01-26 10:02:49-05:00,10,Monday,morning,1,-76.99442,39.5638
FD24013403|26001737_639050816715339197|1769461735,Carroll County Department of Fire & EMS,MEDICAL,2026-01-26 11:08:55-05:00,11,Monday,morning,1,-77.06842,39.47898
FD24013403|26001743_639064655130702125|1769472380,Carroll County Department of Fire & EMS,NOEMERG,2026-01-26 14:06:20-05:00,14,Monday,afternoon,2,-76.99986,39.581
FD24013403|26001749_639050816296394071|1769478905,Carroll County Department of Fire & EMS,MEDICAL,2026-01-26 15:55:05-05:00,15,Monday,afternoon,1,-76.94917,39.3925
FD24013403|26001750_639050815472702014|1769480816,Carroll County Department of Fire & EMS,MEDICAL,2026-01-26 16:26:56-05:00,16,Monday,afternoon,1,-76.94093,39.39568
FD24013403|26001764_639051364821267084|1769514192,Carroll County Department of Fire & EMS,NOEMERG,2026-01-27 01:43:12-05:00,1,Tuesday,overnight,1,-76.9113,39.46926
FD24013403|26001770_639051319757607342|1769522604,Carroll County Department of Fire & EMS,PUBSERV,2026-01-27 04:03:24-05:00,4,Tuesday,overnight,1,-76.88354,39.64992
FD24013403|26001777_639051361470445418|1769531712,Carroll County Department of Fire & EMS,MEDICAL,2026-01-27 06:35:12-05:00,6,Tuesday,morning,1,-77.04366,39.43294
FD24013403|26001783_639051445210621259|1769537264,Carroll County Department of Fire & EMS,MEDICAL,2026-01-27 08:07:44-05:00,8,Tuesday,morning,1,-76.85117,39.66879
FD24013403|26001805_639051564912470119|1769555525,Carroll County Department of Fire & EMS,MEDICAL,2026-01-27 13:12:05-05:00,13,Tuesday,afternoon,1,-76.99731,39.42377
FD24013403|26001811_639051699869834761|1769562311,Carroll County Department of Fire & EMS,MEDICAL,2026-01-27 15:05:11-05:00,15,Tuesday,afternoon,1,-77.06643,39.61434
FD24013403|26001814_639051612314080452|1769563290,Carroll County Department of Fire & EMS,NOEMERG,2026-01-27 15:21:30-05:00,15,Tuesday,afternoon,2,-77.0918,39.62009
FD24013403|26001841_639052091729884082|1769607616,Carroll County Department of Fire & EMS,MEDICAL,2026-01-28 03:40:16-05:00,3,Wednesday,overnight,1,-76.91795,39.65872
FD24013403|26001849_639052532068812689|1769614379,Carroll County Department of Fire & EMS,MEDICAL,2026-01-28 05:32:59-05:00,5,Wednesday,overnight,1,-76.99221,39.48642
FD24013403|26001863_639052533008109253|1769624108,Carroll County Department of Fire & EMS,MEDICAL,2026-01-28 08:15:08-05:00,8,Wednesday,morning,1,-76.94894,39.40718
FD24013403|26001868_639052295719807390|1769625960,Carroll County Department of Fire & EMS,NOEMERG,2026-01-28 08:46:00-05:00,8,Wednesday,morning,1,-76.98782,39.56799
FD24013403|26001887_639052551834124724|1769641342,Carroll County Department of Fire & EMS,FIRE,2026-01-28 13:02:22-05:00,13,Wednesday,afternoon,2,-77.0552,39.44613
FD24013403|26001889_639052435086889857|1769645211,Carroll County Department of Fire & EMS,NOEMERG,2026-01-28 14:06:51-05:00,14,Wednesday,afternoon,1,-76.87992,39.66713
FD24013403|26001893_639052515011250956|1769649584,Carroll County Department of Fire & EMS,MEDICAL,2026-01-28 15:19:44-05:00,15,Wednesday,afternoon,1,-76.86726,39.63934
FD24013403|26001897_639052602212244069|1769659445,Carroll County Department of Fire & EMS,MEDICAL,2026-01-28 18:04:05-05:00,18,Wednesday,evening,1,-76.89949,39.5701
FD24013403|26001910_639053173819771356|1769695276,Carroll County Department of Fire & EMS,NOEMERG,2026-01-29 04:01:16-05:00,4,Thursday,overnight,1,-77.15771,39.35854
FD24013403|26001918_639053174421429483|1769702911,Carroll County Department of Fire & EMS,NOEMERG,2026-01-29 06:08:31-05:00,6,Thursday,morning,1,-77.15252,39.36852
FD24013403|26001927_639055174812168356|1769709398,Carroll County Department of Fire & EMS,NOEMERG,2026-01-29 07:56:38-05:00,7,Thursday,morning,1,-77.07555,39.4698
FD24013403|26001934_639053187050160752|1769715077,Carroll County Department of Fire & EMS,HAZSIT,2026-01-29 09:31:17-05:00,9,Thursday,morning,1,-77.09991,39.64016
FD24013403|26001937_639135412536478531|1769716788,Carroll County Department of Fire & EMS,FIRE,2026-01-29 09:59:48-05:00,9,Thursday,morning,3,-76.99842,39.57712
FD24013403|26001940_639053750708366141|1769719182,Carroll County Department of Fire & EMS,MEDICAL,2026-01-29 10:39:42-05:00,10,Thursday,morning,1,-76.92659,39.64907
FD24013403|26001953_639053750033717621|1769735814,Carroll County Department of Fire & EMS,MEDICAL,2026-01-29 15:16:54-05:00,15,Thursday,afternoon,1,-76.98892,39.56396
FD24013403|26001966_639056362517200070|1769758739,Carroll County Department of Fire & EMS,MEDICAL,2026-01-29 21:38:59-05:00,21,Thursday,evening,1,-76.95204,39.48081
FD24013403|26001969_639056325595169162|1769763199,Carroll County Department of Fire & EMS,MEDICAL,2026-01-29 22:53:19-05:00,22,Thursday,evening,1,-77.14694,39.4155
FD24013403|26002005_639054631215073417|1769800474,Carroll County Department of Fire & EMS,NOEMERG,2026-01-30 09:14:34-05:00,9,Friday,morning,2,-76.95033,39.40845
FD24013403|26002012_639054073519210274|1769807957,Carroll County Department of Fire & EMS,HAZSIT,2026-01-30 11:19:17-05:00,11,Friday,morning,1,-77.17871,39.66171
FD24013403|26002016_639054125997996150|1769814277,Carroll County Department of Fire & EMS,NOEMERG,2026-01-30 13:04:37-05:00,13,Friday,afternoon,1,-76.98037,39.56445
FD24013403|26002022_639054182419957167|1769817954,Carroll County Department of Fire & EMS,NOEMERG,2026-01-30 14:05:54-05:00,14,Friday,afternoon,2,-77.00179,39.5792
FD24013403|26002025_639054630224829313|1769822640,Carroll County Department of Fire & EMS,MEDICAL,2026-01-30 15:24:00-05:00,15,Friday,afternoon,1,-77.15252,39.36852
FD24013403|26002036_639054629614219720|1769832318,Carroll County Department of Fire & EMS,MEDICAL,2026-01-30 18:05:18-05:00,18,Friday,evening,1,-77.13113,39.37363
FD24013403|26002042_639054628714735157|1769848897,Carroll County Department of Fire & EMS,MEDICAL,2026-01-30 22:41:37-05:00,22,Friday,evening,1,-76.97657,39.46161
FD24013403|26002049_639054697813049536|1769865274,Carroll County Department of Fire & EMS,MEDICAL,2026-01-31 03:14:34-05:00,3,Saturday,overnight,1,-77.15855,39.64717
FD24013403|26002053_639054781513948699|1769870526,Carroll County Department of Fire & EMS,MEDICAL,2026-01-31 04:42:06-05:00,4,Saturday,overnight,1,-77.15656,39.67066
FD24013403|26002068_639054812118680380|1769883385,Carroll County Department of Fire & EMS,MEDICAL,2026-01-31 08:16:25-05:00,8,Saturday,morning,1,-76.88634,39.66368
FD24013403|26002085_639055012527938758|1769903429,Carroll County Department of Fire & EMS,NOEMERG,2026-01-31 13:50:29-05:00,13,Saturday,afternoon,1,-76.99761,39.57383
FD24013403|26002093_639055140911622833|1769907226,Carroll County Department of Fire & EMS,NOEMERG,2026-01-31 14:53:46-05:00,14,Saturday,afternoon,2,-77.10661,39.54346
FD24013403|26002097_639055095314572882|1769908807,Carroll County Department of Fire & EMS,HAZSIT,2026-01-31 15:20:07-05:00,15,Saturday,afternoon,3,-76.88468,39.64765
FD24013403|26002117_639055694408880788|1769929109,Carroll County Department of Fire & EMS,MEDICAL,2026-01-31 20:58:29-05:00,20,Saturday,evening,1,-76.93993,39.52567
FD24013403|26002119_639055697320742071|1769935296,Carroll County Department of Fire & EMS,FIRE,2026-01-31 22:41:36-05:00,22,Saturday,evening,1,-76.96107,39.55393
FD24013403|26002131_639055738213353392|1769961002,Carroll County Department of Fire & EMS,MEDICAL,2026-02-01 05:50:02-05:00,5,Sunday,overnight,1,-77.16893,39.65731
FD24013403|26002136_639055739674240587|1769963254,Carroll County Department of Fire & EMS,MEDICAL,2026-02-01 06:27:34-05:00,6,Sunday,morning,1,-77.0992,39.64125
FD24013403|26002141_639055740487391196|1769972716,Carroll County Department of Fire & EMS,MEDICAL,2026-02-01 09:05:16-05:00,9,Sunday,morning,1,-77.1389,39.62368
FD24013403|26002152_639055972770027034|1769988236,Carroll County Department of Fire & EMS,NOEMERG,2026-02-01 13:23:56-05:00,13,Sunday,afternoon,2,-76.91367,39.39308
FD24013403|26002155_639056322608793662|1769991245,Carroll County Department of Fire & EMS,MEDICAL,2026-02-01 14:14:05-05:00,14,Sunday,afternoon,1,-76.90324,39.6786
FD24013403|26002167_639056323518558209|1770011432,Carroll County Department of Fire & EMS,MEDICAL,2026-02-01 19:50:32-05:00,19,Sunday,evening,1,-76.85708,39.6197
FD24013403|26002174_639056374125002843|1770035656,Carroll County Department of Fire & EMS,MEDICAL,2026-02-02 02:34:16-05:00,2,Monday,overnight,1,-77.04978,39.41584
FD24013403|26002179_639069270607584617|1770042261,Carroll County Department of Fire & EMS,MEDICAL,2026-02-02 04:24:21-05:00,4,Monday,overnight,1,-76.99242,39.54143
FD24013403|26002183_639056871611770412|1770047708,Carroll County Department of Fire & EMS,MEDICAL,2026-02-02 05:55:08-05:00,5,Monday,overnight,1,-76.89159,39.49547
FD24013403|26002183_639056871612919570|1770047708,Carroll County Department of Fire & EMS,MEDICAL,2026-02-02 05:55:08-05:00,5,Monday,overnight,1,-76.89159,39.49547
FD24013403|26002209_639056870420753264|1770071457,Carroll County Department of Fire & EMS,MEDICAL,2026-02-02 12:30:57-05:00,12,Monday,afternoon,1,-76.9187,39.62573
FD24013403|26002220_639056897974426223|1770082749,Carroll County Department of Fire & EMS,MEDICAL,2026-02-02 15:39:09-05:00,15,Monday,afternoon,1,-76.95968,39.39435
FD24013403|26002224_639056869814603289|1770082702,Carroll County Department of Fire & EMS,MEDICAL,2026-02-02 15:38:22-05:00,15,Monday,afternoon,1,-76.9719,39.57055
FD24013403|26002226_639056870918251018|1770086904,Carroll County Department of Fire & EMS,MEDICAL,2026-02-02 16:48:24-05:00,16,Monday,afternoon,1,-77.23001,39.66757
FD24013403|26002246_639057703509239006|1770126795,Carroll County Department of Fire & EMS,NOEMERG,2026-02-03 03:53:15-05:00,3,Tuesday,overnight,1,-76.9168,39.41421
FD24013403|26002247_639057703816913717|1770129429,Carroll County Department of Fire & EMS,MEDICAL,2026-02-03 04:37:09-05:00,4,Tuesday,overnight,1,-76.9168,39.41421
FD24013403|26002249_639057701711962137|1770130835,Carroll County Department of Fire & EMS,MEDICAL,2026-02-03 05:00:35-05:00,5,Tuesday,overnight,2,-76.97582,39.37816
FD24013403|26002251_639057578125794056|1770131246,Carroll County Department of Fire & EMS,HAZSIT,2026-02-03 05:07:26-05:00,5,Tuesday,overnight,2,-76.95697,39.48218
FD24013403|26002258_639057577764060339|1770135749,Carroll County Department of Fire & EMS,MEDICAL,2026-02-03 06:22:29-05:00,6,Tuesday,morning,1,-76.99083,39.56385
FD24013403|26002265_639057700816472385|1770141127,Carroll County Department of Fire & EMS,MEDICAL,2026-02-03 07:52:07-05:00,7,Tuesday,morning,1,-77.09939,39.48771
FD24013403|26002273_639057578729868215|1770148322,Carroll County Department of Fire & EMS,MEDICAL,2026-02-03 09:52:02-05:00,9,Tuesday,morning,1,-77.1309,39.73582
FD24013403|26002278_639057511780677920|1770150939,Carroll County Department of Fire & EMS,NOEMERG,2026-02-03 10:35:39-05:00,10,Tuesday,morning,1,-76.9957,39.57428
FD24013403|26002296_639058647307972640|1770166976,Carroll County Department of Fire & EMS,MEDICAL,2026-02-03 15:02:56-05:00,15,Tuesday,afternoon,1,-77.16058,39.65713
FD24013403|26002303_639060024613983852|1770175884,Carroll County Department of Fire & EMS,MEDICAL,2026-02-03 17:31:24-05:00,17,Tuesday,afternoon,1,-76.85229,39.61119
FD24013403|26002310_639058026928386332|1770196226,Carroll County Department of Fire & EMS,MEDICAL,2026-02-03 23:10:26-05:00,23,Tuesday,evening,1,-76.91746,39.41041
FD24013403|26002328_639058162979056858|1770216549,Carroll County Department of Fire & EMS,NOEMERG,2026-02-04 04:49:09-05:00,4,Wednesday,overnight,2,-76.97764,39.36823
FD24013403|26002341_639058646413682017|1770236949,Carroll County Department of Fire & EMS,NOEMERG,2026-02-04 10:29:09-05:00,10,Wednesday,morning,1,-77.16159,39.66043
FD24013403|26002344_639058644559335529|1770240322,Carroll County Department of Fire & EMS,NOEMERG,2026-02-04 11:25:22-05:00,11,Wednesday,morning,1,-77.1612,39.64825
FD24013403|26002345_639058577017919102|1770240515,Carroll County Department of Fire & EMS,FIRE,2026-02-04 11:28:35-05:00,11,Wednesday,morning,2,-77.16653,39.37182
FD24013403|26002353_639058644007847604|1770246651,Carroll County Department of Fire & EMS,MEDICAL,2026-02-04 13:10:51-05:00,13,Wednesday,afternoon,1,-77.09679,39.54417
FD24013403|26002355_639058562726229546|1770247839,Carroll County Department of Fire & EMS,MEDICAL,2026-02-04 13:30:39-05:00,13,Wednesday,afternoon,1,-77.02169,39.57919
FD24013403|26002361_639058643636047895|1770258206,Carroll County Department of Fire & EMS,NOEMERG,2026-02-04 16:23:26-05:00,16,Wednesday,afternoon,1,-77.12235,39.67003
FD24013403|26002363_639058649415798703|1770258378,Carroll County Department of Fire & EMS,MEDICAL,2026-02-04 16:26:18-05:00,16,Wednesday,afternoon,1,-77.15696,39.65112
FD24013403|26002377_639059165715806028|1770291849,Carroll County Department of Fire & EMS,MEDICAL,2026-02-05 01:44:09-05:00,1,Thursday,overnight,1,-77.16446,39.658
FD24013403|26002378_639059114914339270|1770293917,Carroll County Department of Fire & EMS,RESCUE,2026-02-05 02:18:37-05:00,2,Thursday,overnight,2,-77.14794,39.36833
FD24013403|26002381_639059023476792792|1770296255,Carroll County Department of Fire & EMS,MEDICAL,2026-02-05 02:57:35-05:00,2,Thursday,overnight,1,-76.95495,39.55182
FD24013403|26002384_639059163630936573|1770299229,Carroll County Department of Fire & EMS,MEDICAL,2026-02-05 03:47:09-05:00,3,Thursday,overnight,1,-77.16635,39.65353
FD24013403|26002390_639069271502483381|1770303336,Carroll County Department of Fire & EMS,HAZSIT,2026-02-05 04:55:36-05:00,4,Thursday,overnight,3,-76.98998,39.58385
FD24013403|26002413_639059407511241313|1770341628,Carroll County Department of Fire & EMS,MEDICAL,2026-02-05 15:33:48-05:00,15,Thursday,afternoon,2,-76.98645,39.52565
FD24013403|26002414_639059781907339275|1770341763,Carroll County Department of Fire & EMS,MEDICAL,2026-02-05 15:36:03-05:00,15,Thursday,afternoon,2,-76.96254,39.39761
FD24013403|26002417_639059739610393110|1770343934,Carroll County Department of Fire & EMS,FIRE,2026-02-05 16:12:14-05:00,16,Thursday,afternoon,2,-76.84948,39.71632
FD24013403|26002438_639060030027221188|1770381495,Carroll County Department of Fire & EMS,HAZSIT,2026-02-06 02:38:15-05:00,2,Friday,overnight,1,-77.16844,39.65888
FD24013403|26002442_639059878213870498|1770386507,Carroll County Department of Fire & EMS,MEDICAL,2026-02-06 04:01:47-05:00,4,Friday,overnight,1,-76.93419,39.46585
FD24013403|26002443_639060031216212331|1770386925,Carroll County Department of Fire & EMS,MEDICAL,2026-02-06 04:08:45-05:00,4,Friday,overnight,1,-77.17699,39.37644
FD24013403|26002449_639060174230108354|1770394493,Carroll County Department of Fire & EMS,MEDICAL,2026-02-06 06:14:53-05:00,6,Friday,morning,2,-76.98825,39.55833
FD24013403|26002461_639060345607686808|1770406755,Carroll County Department of Fire & EMS,MEDICAL,2026-02-06 09:39:15-05:00,9,Friday,morning,1,-76.94684,39.4042
FD24013403|26002472_639060602356115601|1770420566,Carroll County Department of Fire & EMS,FIRE,2026-02-06 13:29:26-05:00,13,Friday,afternoon,2,-76.96714,39.36896
FD24013403|26002475_639060260261255267|1770424073,Carroll County Department of Fire & EMS,MEDICAL,2026-02-06 14:27:53-05:00,14,Friday,afternoon,1,-76.85319,39.62296
FD24013403|26002516_639060930299455208|1770481569,Carroll County Department of Fire & EMS,MEDICAL,2026-02-07 06:26:09-05:00,6,Saturday,morning,1,-76.96308,39.70045
FD24013403|26002531_639060930909699620|1770493335,Carroll County Department of Fire & EMS,NOEMERG,2026-02-07 09:42:15-05:00,9,Saturday,morning,1,-76.98758,39.56682
FD24013403|26002532_639061181713359312|1770493916,Carroll County Department of Fire & EMS,MEDICAL,2026-02-07 09:51:56-05:00,9,Saturday,morning,2,-76.99114,39.42469
FD24013403|26002534_639061161493697798|1770501760,Carroll County Department of Fire & EMS,MEDICAL,2026-02-07 12:02:40-05:00,12,Saturday,afternoon,1,-77.14983,39.63527
FD24013403|26002535_639061181115153382|1770504318,Carroll County Department of Fire & EMS,MEDICAL,2026-02-07 12:45:18-05:00,12,Saturday,afternoon,1,-76.91139,39.39294
FD24013403|26002547_639064656008670639|1770513736,Carroll County Department of Fire & EMS,MEDICAL,2026-02-07 15:22:16-05:00,15,Saturday,afternoon,1,-76.93942,39.40534
FD24013403|26002550_639066121213710233|1770517913,Carroll County Department of Fire & EMS,NOEMERG,2026-02-07 16:31:53-05:00,16,Saturday,afternoon,1,-76.88905,39.5869
FD24013403|26002563_639061818318097726|1770544132,Carroll County Department of Fire & EMS,HAZSIT,2026-02-07 23:48:52-05:00,23,Saturday,evening,1,-76.98935,39.52255
FD24013403|26002584_639061823327220791|1770569134,Carroll County Department of Fire & EMS,MEDICAL,2026-02-08 06:45:34-05:00,6,Sunday,morning,2,-76.98825,39.55833
FD24013403|26002586_639061677300943565|1770569402,Carroll County Department of Fire & EMS,NOEMERG,2026-02-08 06:50:02-05:00,6,Sunday,morning,1,-76.93091,39.53892
FD24013403|26002591_639061990733780954|1770575405,Carroll County Department of Fire & EMS,MEDICAL,2026-02-08 08:30:05-05:00,8,Sunday,morning,1,-77.14686,39.36835
FD24013403|26002592_639061734013202928|1770575885,Carroll County Department of Fire & EMS,NOEMERG,2026-02-08 08:38:05-05:00,8,Sunday,morning,1,-76.99432,39.5759
FD24013403|26002595_639061824593031722|1770580809,Carroll County Department of Fire & EMS,NOEMERG,2026-02-08 10:00:09-05:00,10,Sunday,morning,2,-76.98969,39.56173
FD24013403|26002597_639062000115488350|1770587405,Carroll County Department of Fire & EMS,FIRE,2026-02-08 11:50:05-05:00,11,Sunday,morning,2,-77.15915,39.37297
FD24013403|26002599_639062004805196547|1770588962,Carroll County Department of Fire & EMS,MEDICAL,2026-02-08 12:16:02-05:00,12,Sunday,afternoon,2,-76.95083,39.40404
FD24013403|26002602_639062006711157548|1770593317,Carroll County Department of Fire & EMS,MEDICAL,2026-02-08 13:28:37-05:00,13,Sunday,afternoon,1,-77.01346,39.41407
FD24013403|26002604_639061956889038967|1770596208,Carroll County Department of Fire & EMS,MEDICAL,2026-02-08 14:16:48-05:00,14,Sunday,afternoon,1,-76.92476,39.70944
FD24013403|26002608_639062122413884559|1770601345,Carroll County Department of Fire & EMS,MEDICAL,2026-02-08 15:42:25-05:00,15,Sunday,afternoon,1,-77.06506,39.63288
FD24013403|26002616_639062499917852950|1770641315,Carroll County Department of Fire & EMS,MEDICAL,2026-02-09 02:48:35-05:00,2,Monday,overnight,1,-76.961,39.43118
FD24013403|26002622_639062883010582043|1770642189,Carroll County Department of Fire & EMS,MEDICAL,2026-02-09 03:03:09-05:00,3,Monday,overnight,1,-76.84439,39.70371
FD24013403|26002628_639062883905859635|1770647868,Carroll County Department of Fire & EMS,MEDICAL,2026-02-09 04:37:48-05:00,4,Monday,overnight,1,-76.8733,39.51278
FD24013403|26002635_639062886570481574|1770654973,Carroll County Department of Fire & EMS,MEDICAL,2026-02-09 06:36:13-05:00,6,Monday,morning,1,-76.85665,39.65619
FD24013403|26002641_639062887516525859|1770659662,Carroll County Department of Fire & EMS,MEDICAL,2026-02-09 07:54:22-05:00,7,Monday,morning,1,-76.99547,39.54041
FD24013403|26002658_639062898213713977|1770675166,Carroll County Department of Fire & EMS,RESCUE,2026-02-09 12:12:46-05:00,12,Monday,afternoon,3,-76.90444,39.53671
FD24013403|26002664_639062965110855802|1770676456,Carroll County Department of Fire & EMS,MEDICAL,2026-02-09 12:34:16-05:00,12,Monday,afternoon,1,-76.9957,39.57428
FD24013403|26002675_639062885415547378|1770689424,Carroll County Department of Fire & EMS,MEDICAL,2026-02-09 16:10:24-05:00,16,Monday,afternoon,1,-76.85973,39.63173
FD24013403|26002678_639062965782212015|1770696213,Carroll County Department of Fire & EMS,MEDICAL,2026-02-09 18:03:33-05:00,18,Monday,evening,1,-77.04258,39.51572
FD24013403|26002692_639064038286977626|1770730412,Carroll County Department of Fire & EMS,MEDICAL,2026-02-10 03:33:32-05:00,3,Tuesday,overnight,1,-77.16713,39.37851
FD24013403|26002703_639087566715308761|1770748869,Carroll County Department of Fire & EMS,MEDICAL,2026-02-10 08:41:09-05:00,8,Tuesday,morning,2,-77.00614,39.43163
FD24013403|26002716_639063697215350875|1770754556,Carroll County Department of Fire & EMS,MEDICAL,2026-02-10 10:15:56-05:00,10,Tuesday,morning,1,-76.85553,39.62493
FD24013403|26002742_639064040954777432|1770788366,Carroll County Department of Fire & EMS,MEDICAL,2026-02-10 19:39:26-05:00,19,Tuesday,evening,1,-77.08286,39.46151
FD24013403|26002757_639064480511071656|1770820060,Carroll County Department of Fire & EMS,MEDICAL,2026-02-11 04:27:40-05:00,4,Wednesday,overnight,1,-77.04436,39.56436
FD24013403|26002767_639064334430797065|1770827093,Carroll County Department of Fire & EMS,MEDICAL,2026-02-11 06:24:53-05:00,6,Wednesday,morning,2,-76.98887,39.60701
FD24013403|26002773_639064530911453363|1770828790,Carroll County Department of Fire & EMS,MEDICAL,2026-02-11 06:53:10-05:00,6,Wednesday,morning,1,-76.97931,39.56323
FD24013403|26002775_639064531819567099|1770830510,Carroll County Department of Fire & EMS,MEDICAL,2026-02-11 07:21:50-05:00,7,Wednesday,morning,1,-76.95947,39.58979
FD24013403|26002776_639067739091793115|1770830641,Carroll County Department of Fire & EMS,MEDICAL,2026-02-11 07:24:01-05:00,7,Wednesday,morning,2,-76.86767,39.63745
FD24013403|26002777_639064533315409315|1770832610,Carroll County Department of Fire & EMS,NOEMERG,2026-02-11 07:56:50-05:00,7,Wednesday,morning,2,-76.99364,39.58293
FD24013403|26002778_639064536013555620|1770832976,Carroll County Department of Fire & EMS,RESCUE,2026-02-11 08:02:56-05:00,8,Wednesday,morning,1,-76.99095,39.58241
FD24013403|26002779_639067741446395145|1770833712,Carroll County Department of Fire & EMS,MEDICAL,2026-02-11 08:15:12-05:00,8,Wednesday,morning,1,-76.99547,39.5404
FD24013403|26002781_639067741106237573|1770833758,Carroll County Department of Fire & EMS,MEDICAL,2026-02-11 08:15:58-05:00,8,Wednesday,morning,2,-77.00151,39.56679
FD24013403|26002787_639064535063295840|1770837465,Carroll County Department of Fire & EMS,MEDICAL,2026-02-11 09:17:45-05:00,9,Wednesday,morning,1,-76.99083,39.56385
FD24013403|26002796_639064536913294146|1770851493,Carroll County Department of Fire & EMS,NOEMERG,2026-02-11 13:11:33-05:00,13,Wednesday,afternoon,1,-77.00123,39.57725
FD24013403|26002802_639067740314192582|1770857847,Carroll County Department of Fire & EMS,MEDICAL,2026-02-11 14:57:27-05:00,14,Wednesday,afternoon,1,-77.1638,39.65921
FD24013403|26002804_639066123083638114|1770858397,Carroll County Department of Fire & EMS,MEDICAL,2026-02-11 15:06:37-05:00,15,Wednesday,afternoon,2,-76.88373,39.65971
FD24013403|26002823_639065073019656592|1770886684,Carroll County Department of Fire & EMS,MEDICAL,2026-02-11 22:58:04-05:00,22,Wednesday,evening,1,-76.96529,39.36968
FD24013403|26002825_639068104401270473|1770888170,Carroll County Department of Fire & EMS,PUBSERV,2026-02-11 23:22:50-05:00,23,Wednesday,evening,1,-77.1766,39.6589
FD24013403|26002828_639068104732884592|1770889880,Carroll County Department of Fire & EMS,MEDICAL,2026-02-11 23:51:20-05:00,23,Wednesday,evening,1,-77.15806,39.6577
FD24013403|26002830_639065073614770177|1770892928,Carroll County Department of Fire & EMS,MEDICAL,2026-02-12 00:42:08-05:00,0,Thursday,overnight,2,-76.9286,39.38079
FD24013403|26002837_639065072642333233|1770905766,Carroll County Department of Fire & EMS,MEDICAL,2026-02-12 04:16:06-05:00,4,Thursday,overnight,1,-77.05488,39.40953
FD24013403|26002846_639070338913416440|1770914824,Carroll County Department of Fire & EMS,MEDICAL,2026-02-12 06:47:04-05:00,6,Thursday,morning,1,-76.99114,39.42469
FD24013403|26002855_639065234380693896|1770926022,Carroll County Department of Fire & EMS,NOEMERG,2026-02-12 09:53:42-05:00,9,Thursday,morning,1,-76.96684,39.56129
FD24013403|26002859_639065276382775233|1770929809,Carroll County Department of Fire & EMS,MEDICAL,2026-02-12 10:56:49-05:00,10,Thursday,morning,1,-76.87082,39.64181
FD24013403|26002864_639065334613795461|1770932296,Carroll County Department of Fire & EMS,MEDICAL,2026-02-12 11:38:16-05:00,11,Thursday,morning,1,-76.86334,39.60298
FD24013403|26002868_639065608209392706|1770937843,Carroll County Department of Fire & EMS,MEDICAL,2026-02-12 13:10:43-05:00,13,Thursday,afternoon,1,-76.81616,39.617
FD24013403|26002869_639065611205335070|1770937178,Carroll County Department of Fire & EMS,NOEMERG,2026-02-12 12:59:38-05:00,12,Thursday,afternoon,3,-76.94885,39.66251
FD24013403|26002883_639065620807384770|1770957057,Carroll County Department of Fire & EMS,MEDICAL,2026-02-12 18:30:57-05:00,18,Thursday,evening,1,-76.89635,39.66718
FD24013403|26002892_639065841914153986|1770985096,Carroll County Department of Fire & EMS,MEDICAL,2026-02-13 02:18:16-05:00,2,Friday,overnight,1,-77.16291,39.64733
FD24013403|26002897_639066096615649465|1770992889,Carroll County Department of Fire & EMS,MEDICAL,2026-02-13 04:28:09-05:00,4,Friday,overnight,1,-76.90572,39.50726
FD24013403|26002906_639074478929153726|1771002864,Carroll County Department of Fire & EMS,HAZSIT,2026-02-13 07:14:24-05:00,7,Friday,morning,1,-76.9911,39.59002
FD24013403|26002913_639066099489646712|1771009722,Carroll County Department of Fire & EMS,MEDICAL,2026-02-13 09:08:42-05:00,9,Friday,morning,2,-77.17032,39.37852
FD24013403|26002924_639066334706255290|1771016668,Carroll County Department of Fire & EMS,MEDICAL,2026-02-13 11:04:28-05:00,11,Friday,morning,3,-77.15855,39.64717
FD24013403|26002933_639066312476454382|1771023572,Carroll County Department of Fire & EMS,MEDICAL,2026-02-13 12:59:32-05:00,12,Friday,afternoon,1,-76.9587,39.39426
FD24013403|26002936_639066556805857233|1771024931,Carroll County Department of Fire & EMS,MEDICAL,2026-02-13 13:22:11-05:00,13,Friday,afternoon,1,-77.29122,39.68176
FD24013403|26002943_639066336306108750|1771033777,Carroll County Department of Fire & EMS,MEDICAL,2026-02-13 15:49:37-05:00,15,Friday,afternoon,2,-76.94208,39.60933
FD24013403|26002962_639069221144173248|1771071259,Carroll County Department of Fire & EMS,MEDICAL,2026-02-14 02:14:19-05:00,2,Saturday,overnight,1,-76.9828,39.37306
FD24013403|26002972_639066875308420485|1771087222,Carroll County Department of Fire & EMS,MEDICAL,2026-02-14 06:40:22-05:00,6,Saturday,morning,1,-76.86726,39.63934
FD24013403|26002979_639067144767797747|1771093977,Carroll County Department of Fire & EMS,NOEMERG,2026-02-14 08:32:57-05:00,8,Saturday,morning,1,-76.98969,39.56173
FD24013403|26002986_639067070420908022|1771100588,Carroll County Department of Fire & EMS,NOEMERG,2026-02-14 10:23:08-05:00,10,Saturday,morning,1,-77.02769,39.64241
FD24013403|26002987_639067500610576981|1771100767,Carroll County Department of Fire & EMS,MEDICAL,2026-02-14 10:26:07-05:00,10,Saturday,morning,2,-76.93422,39.3966
FD24013403|26002998_639069218408624648|1771110815,Carroll County Department of Fire & EMS,MEDICAL,2026-02-14 13:13:35-05:00,13,Saturday,afternoon,1,-77.07743,39.45869
FD24013403|26003014_639067270215623370|1771126469,Carroll County Department of Fire & EMS,MEDICAL,2026-02-14 17:34:29-05:00,17,Saturday,afternoon,1,-76.94322,39.60883
FD24013403|26003028_639070314583885468|1771165912,Carroll County Department of Fire & EMS,HAZSIT,2026-02-15 04:31:52-05:00,4,Sunday,overnight,2,-76.88771,39.66495
FD24013403|26003041_639067995016381514|1771172171,Carroll County Department of Fire & EMS,NOEMERG,2026-02-15 06:16:11-05:00,6,Sunday,morning,1,-77.15252,39.36852
FD24013403|26003047_639067994964098813|1771175336,Carroll County Department of Fire & EMS,MEDICAL,2026-02-15 07:08:56-05:00,7,Sunday,morning,2,-76.99155,39.56494
FD24013403|26003052_639067790135033269|1771179016,Carroll County Department of Fire & EMS,MEDICAL,2026-02-15 08:10:16-05:00,8,Sunday,morning,1,-77.16868,39.65266
FD24013403|26003071_639067993809585103|1771200642,Carroll County Department of Fire & EMS,NOEMERG,2026-02-15 14:10:42-05:00,14,Sunday,afternoon,1,-76.95571,39.38594
FD24013403|26003076_639070334088301906|1771215162,Carroll County Department of Fire & EMS,MEDICAL,2026-02-15 18:12:42-05:00,18,Sunday,evening,1,-77.07412,39.51363
FD24013403|26003077_639068548218757525|1771216988,Carroll County Department of Fire & EMS,NOEMERG,2026-02-15 18:43:08-05:00,18,Sunday,evening,2,-77.02672,39.58556
FD24013403|26003078_639083290222132819|1771219571,Carroll County Department of Fire & EMS,MEDICAL,2026-02-15 19:26:11-05:00,19,Sunday,evening,1,-76.91264,39.51451
FD24013403|26003079_639068547609844601|1771220215,Carroll County Department of Fire & EMS,MEDICAL,2026-02-15 19:36:55-05:00,19,Sunday,evening,1,-76.88108,39.66191
FD24013403|26003087_639068471326415910|1771243163,Carroll County Department of Fire & EMS,NOEMERG,2026-02-16 01:59:23-05:00,1,Monday,overnight,1,-76.99923,39.61718
FD24013403|26003095_639068611437996953|1771254813,Carroll County Department of Fire & EMS,MEDICAL,2026-02-16 05:13:33-05:00,5,Monday,overnight,1,-76.84513,39.59588
FD24013403|26003105_639068612421755813|1771262027,Carroll County Department of Fire & EMS,NOEMERG,2026-02-16 07:13:47-05:00,7,Monday,morning,2,-76.989,39.56583
FD24013403|26003108_639068886332291170|1771265057,Carroll County Department of Fire & EMS,MEDICAL,2026-02-16 08:04:17-05:00,8,Monday,morning,1,-76.94953,39.50829
FD24013403|26003112_639068975611261543|1771269560,Carroll County Department of Fire & EMS,NOEMERG,2026-02-16 09:19:20-05:00,9,Monday,morning,2,-77.1756,39.65935
FD24013403|26003113_639068979309155781|1771269636,Carroll County Department of Fire & EMS,FIRE,2026-02-16 09:20:36-05:00,9,Monday,morning,3,-77.17597,39.65971
FD24013403|26003124_639068884208841667|1771275025,Carroll County Department of Fire & EMS,MEDICAL,2026-02-16 10:50:25-05:00,10,Monday,morning,1,-77.07555,39.46981
FD24013403|26003126_639068776519360714|1771280326,Carroll County Department of Fire & EMS,NOEMERG,2026-02-16 12:18:46-05:00,12,Monday,afternoon,1,-76.84857,39.60056
FD24013403|26003129_639068878127892796|1771283429,Carroll County Department of Fire & EMS,NOEMERG,2026-02-16 13:10:29-05:00,13,Monday,afternoon,2,-77.14798,39.40091
FD24013403|26003130_639068829012895633|1771284299,Carroll County Department of Fire & EMS,MEDICAL,2026-02-16 13:24:59-05:00,13,Monday,afternoon,1,-76.88583,39.66294
FD24013403|26003134_639069215710826641|1771288268,Carroll County Department of Fire & EMS,MEDICAL,2026-02-16 14:31:08-05:00,14,Monday,afternoon,1,-77.16289,39.64673
FD24013403|26003137_639068969108045057|1771293271,Carroll County Department of Fire & EMS,MEDICAL,2026-02-16 15:54:31-05:00,15,Monday,afternoon,1,-76.83542,39.59338
FD24013403|26003144_639069302944576104|1771304998,Carroll County Department of Fire & EMS,MEDICAL,2026-02-16 19:09:58-05:00,19,Monday,evening,1,-76.9946,39.36549
FD24013403|26003145_639069031224259552|1771305340,Carroll County Department of Fire & EMS,NOEMERG,2026-02-16 19:15:40-05:00,19,Monday,evening,1,-77.04252,39.56487
FD24013403|26003170_639069900391541918|1771348386,Carroll County Department of Fire & EMS,MEDICAL,2026-02-17 07:13:06-05:00,7,Tuesday,morning,1,-76.99062,39.57018
FD24013403|26003182_639069902408282341|1771358793,Carroll County Department of Fire & EMS,MEDICAL,2026-02-17 10:06:33-05:00,10,Tuesday,morning,1,-76.88607,39.66493
FD24013403|26003184_639069901426883042|1771360036,Carroll County Department of Fire & EMS,MEDICAL,2026-02-17 10:27:16-05:00,10,Tuesday,morning,1,-76.98969,39.56173
FD24013403|26003201_639070185609668443|1771389038,Carroll County Department of Fire & EMS,NOEMERG,2026-02-17 18:30:38-05:00,18,Tuesday,evening,1,-77.12565,39.36895
FD24013403|26003208_639070186486277331|1771399191,Carroll County Department of Fire & EMS,MEDICAL,2026-02-17 21:19:51-05:00,21,Tuesday,evening,1,-76.95673,39.37237
FD24013403|26003210_639070011605582486|1771400298,Carroll County Department of Fire & EMS,MEDICAL,2026-02-17 21:38:18-05:00,21,Tuesday,evening,1,-77.1807,39.66543
FD24013403|26003213_639070510141159377|1771407936,Carroll County Department of Fire & EMS,MEDICAL,2026-02-17 23:45:36-05:00,23,Tuesday,evening,1,-76.84177,39.59785
FD24013403|26003222_639070665908067092|1771422246,Carroll County Department of Fire & EMS,MEDICAL,2026-02-18 03:44:06-05:00,3,Wednesday,overnight,1,-77.15252,39.36852
FD24013403|26003230_639070404848789939|1771429370,Carroll County Department of Fire & EMS,NOEMERG,2026-02-18 05:42:50-05:00,5,Wednesday,overnight,1,-77.10646,39.54029
FD24013403|26003241_639070663120931866|1771436297,Carroll County Department of Fire & EMS,MEDICAL,2026-02-18 07:38:17-05:00,7,Wednesday,morning,1,-76.95064,39.51654
FD24013403|26003244_639070406108985931|1771440501,Carroll County Department of Fire & EMS,MEDICAL,2026-02-18 08:48:21-05:00,8,Wednesday,morning,1,-77.13583,39.61839
FD24013403|26003255_639070616619009152|1771448305,Carroll County Department of Fire & EMS,MEDICAL,2026-02-18 10:58:25-05:00,10,Wednesday,morning,2,-76.92745,39.44412
FD24013403|26003256_639070659020062495|1771449014,Carroll County Department of Fire & EMS,MEDICAL,2026-02-18 11:10:14-05:00,11,Wednesday,morning,1,-76.96389,39.39075
FD24013403|26003261_639070696990783300|1771451178,Carroll County Department of Fire & EMS,MEDICAL,2026-02-18 11:46:18-05:00,11,Wednesday,morning,1,-77.10212,39.6206
FD24013403|26003264_639070592713118871|1771451774,Carroll County Department of Fire & EMS,NOEMERG,2026-02-18 11:56:14-05:00,11,Wednesday,morning,1,-76.86726,39.63934
FD24013403|26003266_639070627716583720|1771454837,Carroll County Department of Fire & EMS,MEDICAL,2026-02-18 12:47:17-05:00,12,Wednesday,afternoon,1,-76.976,39.55842
FD24013403|26003268_639070651514083563|1771456702,Carroll County Department of Fire & EMS,MEDICAL,2026-02-18 13:18:22-05:00,13,Wednesday,afternoon,1,-76.90326,39.40651
FD24013403|26003274_639070628723404267|1771462543,Carroll County Department of Fire & EMS,NOEMERG,2026-02-18 14:55:43-05:00,14,Wednesday,afternoon,1,-76.99547,39.54041
FD24013403|26003275_639074560816833097|1771463086,Carroll County Department of Fire & EMS,MEDICAL,2026-02-18 15:04:46-05:00,15,Wednesday,afternoon,1,-76.98091,39.59105
FD24013403|26003280_639070698331028604|1771469791,Carroll County Department of Fire & EMS,HAZSIT,2026-02-18 16:56:31-05:00,16,Wednesday,afternoon,1,-77.15626,39.64793
FD24013403|26003289_639081907506669056|1771489280,Carroll County Department of Fire & EMS,MEDICAL,2026-02-18 22:21:20-05:00,22,Wednesday,evening,1,-77.0944,39.45166
FD24013403|26003298_639071843407657015|1771509851,Carroll County Department of Fire & EMS,MEDICAL,2026-02-19 04:04:11-05:00,4,Thursday,overnight,2,-76.99728,39.57725
FD24013403|26003304_639071441714098878|1771514049,Carroll County Department of Fire & EMS,MEDICAL,2026-02-19 05:14:09-05:00,5,Thursday,overnight,1,-76.96918,39.70511
FD24013403|26003310_639071934619803228|1771518001,Carroll County Department of Fire & EMS,MEDICAL,2026-02-19 06:20:01-05:00,6,Thursday,morning,1,-76.94702,39.40104
FD24013403|26003315_639071937498567329|1771523785,Carroll County Department of Fire & EMS,MEDICAL,2026-02-19 07:56:25-05:00,7,Thursday,morning,1,-76.91724,39.42589
FD24013403|26003324_639071961262095785|1771528335,Carroll County Department of Fire & EMS,MEDICAL,2026-02-19 09:12:15-05:00,9,Thursday,morning,1,-77.13135,39.37188
FD24013403|26003325_639071269829253308|1771528964,Carroll County Department of Fire & EMS,MEDICAL,2026-02-19 09:22:44-05:00,9,Thursday,morning,1,-77.15491,39.64191
FD24013403|26003332_639071363932327795|1771536409,Carroll County Department of Fire & EMS,MEDICAL,2026-02-19 11:26:49-05:00,11,Thursday,morning,1,-76.15873,38.818199284
FD24013403|26003334_639071940011885230|1771537962,Carroll County Department of Fire & EMS,HAZSIT,2026-02-19 11:52:42-05:00,11,Thursday,morning,2,-77.04807,39.53285
FD24013403|26003342_639071541471026824|1771548220,Carroll County Department of Fire & EMS,MEDICAL,2026-02-19 14:43:40-05:00,14,Thursday,afternoon,1,-77.02304,39.58591
FD24013403|26003348_639071579368060765|1771557819,Carroll County Department of Fire & EMS,MEDICAL,2026-02-19 17:23:39-05:00,17,Thursday,afternoon,1,-76.93463,39.62112
FD24013403|26003355_639071842209497432|1771581842,Carroll County Department of Fire & EMS,NOEMERG,2026-02-20 00:04:02-05:00,0,Friday,overnight,1,-76.9719,39.57055
FD24013403|26003370_639072132909847389|1771601014,Carroll County Department of Fire & EMS,HAZSIT,2026-02-20 05:23:34-05:00,5,Friday,overnight,1,-76.97989,39.48633
FD24013403|26003372_639072145487332327|1771602273,Carroll County Department of Fire & EMS,MEDICAL,2026-02-20 05:44:33-05:00,5,Friday,overnight,1,-77.09168,39.43199
FD24013403|26003373_639072022508757989|1771601152,Carroll County Department of Fire & EMS,NOEMERG,2026-02-20 05:25:52-05:00,5,Friday,overnight,3,-76.88209,39.60975
FD24013403|26003375_639072021036388494|1771603112,Carroll County Department of Fire & EMS,NOEMERG,2026-02-20 05:58:32-05:00,5,Friday,overnight,1,-76.88607,39.66493
FD24013403|26003378_639072062707127444|1771604885,Carroll County Department of Fire & EMS,MEDICAL,2026-02-20 06:28:05-05:00,6,Friday,morning,1,-77.17104,39.65115
FD24013403|26003380_639072239651646906|1771606669,Carroll County Department of Fire & EMS,HAZSIT,2026-02-20 06:57:49-05:00,6,Friday,morning,4,-76.99728,39.54217
FD24013403|26003387_639072231534506708|1771619325,Carroll County Department of Fire & EMS,NOEMERG,2026-02-20 10:28:45-05:00,10,Friday,morning,1,-77.17508,39.65843
FD24013403|26003392_639072245710748576|1771621356,Carroll County Department of Fire & EMS,HAZSIT,2026-02-20 11:02:36-05:00,11,Friday,morning,4,-76.96601,39.53477
FD24013403|26003403_639072449109504068|1771629644,Carroll County Department of Fire & EMS,NOEMERG,2026-02-20 13:20:44-05:00,13,Friday,afternoon,1,-77.04048,39.43163
FD24013403|26003407_639072425908838827|1771633413,Carroll County Department of Fire & EMS,MEDICAL,2026-02-20 14:23:33-05:00,14,Friday,afternoon,2,-76.92267,39.39611
FD24013403|26003413_639072426941058487|1771635571,Carroll County Department of Fire & EMS,NOEMERG,2026-02-20 14:59:31-05:00,14,Friday,afternoon,2,-77.03997,39.59537
FD24013403|26003414_639072429013074483|1771636712,Carroll County Department of Fire & EMS,MEDICAL,2026-02-20 15:18:32-05:00,15,Friday,afternoon,2,-76.99725,39.57434
FD24013403|26003415_639072447028852970|1771637588,Carroll County Department of Fire & EMS,MEDICAL,2026-02-20 15:33:08-05:00,15,Friday,afternoon,1,-76.96264,39.39118
FD24013403|26003416_639072428121338071|1771638108,Carroll County Department of Fire & EMS,MEDICAL,2026-02-20 15:41:48-05:00,15,Friday,afternoon,1,-77.03931,39.53816
FD24013403|26003419_639072439016530261|1771640258,Carroll County Department of Fire & EMS,FIRE,2026-02-20 16:17:38-05:00,16,Friday,afternoon,2,-76.99279,39.5645
FD24013403|26003423_639072430449650795|1771641712,Carroll County Department of Fire & EMS,NOEMERG,2026-02-20 16:41:52-05:00,16,Friday,afternoon,2,-77.08136,39.62967
FD24013403|26003446_639073279109690367|1771682833,Carroll County Department of Fire & EMS,MEDICAL,2026-02-21 04:07:13-05:00,4,Saturday,overnight,1,-76.89569,39.67649
FD24013403|26003450_639073279507959411|1771687409,Carroll County Department of Fire & EMS,MEDICAL,2026-02-21 05:23:29-05:00,5,Saturday,overnight,1,-76.91843,39.51509
FD24013403|26003452_639073281881514136|1771688396,Carroll County Department of Fire & EMS,MEDICAL,2026-02-21 05:39:56-05:00,5,Saturday,overnight,1,-76.99547,39.54041
FD24013403|26003461_639073229061540010|1771698607,Carroll County Department of Fire & EMS,NOEMERG,2026-02-21 08:30:07-05:00,8,Saturday,morning,2,-76.88927,39.52458
FD24013403|26003471_639073255212892333|1771711884,Carroll County Department of Fire & EMS,MEDICAL,2026-02-21 12:11:24-05:00,12,Saturday,afternoon,2,-76.89557,39.68707
FD24013403|26003480_639073282723705859|1771726575,Carroll County Department of Fire & EMS,MEDICAL,2026-02-21 16:16:15-05:00,16,Saturday,afternoon,1,-76.88469,39.66176
FD24013403|26003494_639073450997695421|1771743907,Carroll County Department of Fire & EMS,MEDICAL,2026-02-21 21:05:07-05:00,21,Saturday,evening,1,-77.23708,39.73136
FD24013403|26003497_639073506606356675|1771750989,Carroll County Department of Fire & EMS,MEDICAL,2026-02-21 23:03:09-05:00,23,Saturday,evening,1,-77.04271,39.68184
FD24013403|26003510_639074051951061246|1771780832,Carroll County Department of Fire & EMS,MEDICAL,2026-02-22 07:20:32-05:00,7,Sunday,morning,1,-77.10091,39.62535
FD24013403|26003511_639073920908595683|1771781507,Carroll County Department of Fire & EMS,MEDICAL,2026-02-22 07:31:47-05:00,7,Sunday,morning,1,-76.97043,39.68644
FD24013403|26003518_639074053498014746|1771790246,Carroll County Department of Fire & EMS,MEDICAL,2026-02-22 09:57:26-05:00,9,Sunday,morning,2,-77.02417,39.58877
FD24013403|26003519_639074142560745112|1771791051,Carroll County Department of Fire & EMS,MEDICAL,2026-02-22 10:10:51-05:00,10,Sunday,morning,1,-77.01345,39.58503
FD24013403|26003535_639074123111586509|1771810442,Carroll County Department of Fire & EMS,RESCUE,2026-02-22 15:34:02-05:00,15,Sunday,afternoon,2,-77.00256,39.52206
FD24013403|26003537_639074108712059390|1771811183,Carroll County Department of Fire & EMS,HAZSIT,2026-02-22 15:46:23-05:00,15,Sunday,afternoon,1,-77.12368,39.63378
FD24013403|26003549_639074508867802321|1771830003,Carroll County Department of Fire & EMS,NOEMERG,2026-02-22 21:00:03-05:00,21,Sunday,evening,1,-77.10695,39.59398
FD24013403|26003550_639074492108682794|1771830607,Carroll County Department of Fire & EMS,MEDICAL,2026-02-22 21:10:07-05:00,21,Sunday,evening,3,-76.96552,39.59276
FD24013403|26003560_639074489895064997|1771843319,Carroll County Department of Fire & EMS,MEDICAL,2026-02-23 00:41:59-05:00,0,Monday,overnight,1,-76.90008,39.64342
FD24013403|26003566_639086553221834134|1771847321,Carroll County Department of Fire & EMS,RESCUE,2026-02-23 01:48:41-05:00,1,Monday,overnight,4,-76.97998,39.46307
FD24013403|26003585_639074731880280581|1771863711,Carroll County Department of Fire & EMS,MEDICAL,2026-02-23 06:21:51-05:00,6,Monday,morning,1,-77.09824,39.54937
FD24013403|26003587_639074874918552359|1771865038,Carroll County Department of Fire & EMS,MEDICAL,2026-02-23 06:43:58-05:00,6,Monday,morning,1,-76.98938,39.56761
FD24013403|26003596_639074733028716737|1771872276,Carroll County Department of Fire & EMS,MEDICAL,2026-02-23 08:44:36-05:00,8,Monday,morning,1,-77.15855,39.64717
FD24013403|26003611_639074908722156356|1771891289,Carroll County Department of Fire & EMS,MEDICAL,2026-02-23 14:01:29-05:00,14,Monday,afternoon,1,-77.15784,39.65154
FD24013403|26003617_639075463212367926|1771909553,Carroll County Department of Fire & EMS,MEDICAL,2026-02-23 19:05:53-05:00,19,Monday,evening,1,-77.15529,39.64227
FD24013403|26003626_639075465010354618|1771924659,Carroll County Department of Fire & EMS,MEDICAL,2026-02-23 23:17:39-05:00,23,Monday,evening,1,-77.10091,39.62535
FD24013403|26003628_639076462523394965|1771927588,Carroll County Department of Fire & EMS,MEDICAL,2026-02-24 00:06:28-05:00,0,Tuesday,overnight,1,-76.9503,39.58166
FD24013403|26003635_639075405864713253|1771937871,Carroll County Department of Fire & EMS,MEDICAL,2026-02-24 02:57:51-05:00,2,Tuesday,overnight,1,-76.93708,39.70372
FD24013403|26003641_639075425873358398|1771940754,Carroll County Department of Fire & EMS,MEDICAL,2026-02-24 03:45:54-05:00,3,Tuesday,overnight,1,-76.97582,39.37816
FD24013403|26003650_639079293913153203|1771947863,Carroll County Department of Fire & EMS,NOEMERG,2026-02-24 05:44:23-05:00,5,Tuesday,overnight,1,-76.98921,39.55842
FD24013403|26003653_639075692116053325|1771953921,Carroll County Department of Fire & EMS,MEDICAL,2026-02-24 07:25:21-05:00,7,Tuesday,morning,1,-76.85711,39.65503
FD24013403|26003654_639079294813816005|1771954204,Carroll County Department of Fire & EMS,NOEMERG,2026-02-24 07:30:04-05:00,7,Tuesday,morning,1,-76.85013,39.56202
FD24013403|26003659_639075571509346279|1771957434,Carroll County Department of Fire & EMS,MEDICAL,2026-02-24 08:23:54-05:00,8,Tuesday,morning,1,-76.99252,39.53658
FD24013403|26003670_639075874508432836|1771965311,Carroll County Department of Fire & EMS,MEDICAL,2026-02-24 10:35:11-05:00,10,Tuesday,morning,1,-77.03246,39.55091
FD24013403|26003680_639075918906061352|1771973994,Carroll County Department of Fire & EMS,MEDICAL,2026-02-24 12:59:54-05:00,12,Tuesday,afternoon,2,-76.97899,39.53905
FD24013403|26003682_639075971120143524|1771974390,Carroll County Department of Fire & EMS,MEDICAL,2026-02-24 13:06:30-05:00,13,Tuesday,afternoon,1,-76.978,39.55244
FD24013403|26003684_639075822609442906|1771976154,Carroll County Department of Fire & EMS,NOEMERG,2026-02-24 13:35:54-05:00,13,Tuesday,afternoon,2,-77.02611,39.54525
FD24013403|26003689_639075920108163732|1771979897,Carroll County Department of Fire & EMS,MEDICAL,2026-02-24 14:38:17-05:00,14,Tuesday,afternoon,1,-76.97866,39.56808
FD24013403|26003692_639075974743322674|1771981742,Carroll County Department of Fire & EMS,MEDICAL,2026-02-24 15:09:02-05:00,15,Tuesday,afternoon,1,-76.95673,39.37237
FD24013403|26003695_639075917437510767|1771986920,Carroll County Department of Fire & EMS,MEDICAL,2026-02-24 16:35:20-05:00,16,Tuesday,afternoon,1,-77.1748,39.37219
FD24013403|26003705_639076890906361173|1772021523,Carroll County Department of Fire & EMS,MEDICAL,2026-02-25 02:12:03-05:00,2,Wednesday,overnight,1,-77.04436,39.56436
FD24013403|26003709_639076665631469777|1772027646,Carroll County Department of Fire & EMS,HAZSIT,2026-02-25 03:54:06-05:00,3,Wednesday,overnight,1,-77.00025,39.58072
FD24013403|26003719_639076668320579586|1772031934,Carroll County Department of Fire & EMS,FIRE,2026-02-25 05:05:34-05:00,5,Wednesday,overnight,1,-76.94695,39.60098
FD24013403|26003722_639076494021514086|1772035608,Carroll County Department of Fire & EMS,MEDICAL,2026-02-25 06:06:48-05:00,6,Wednesday,morning,1,-76.99079,39.53025
FD24013403|26003725_639076494907651133|1772040409,Carroll County Department of Fire & EMS,NOEMERG,2026-02-25 07:26:49-05:00,7,Wednesday,morning,1,-76.95941,39.54287
FD24013403|26003727_639076495543430686|1772042353,Carroll County Department of Fire & EMS,MEDICAL,2026-02-25 07:59:13-05:00,7,Wednesday,morning,1,-77.03246,39.55091
FD24013403|26003729_639076893276192012|1772044323,Carroll County Department of Fire & EMS,MEDICAL,2026-02-25 08:32:03-05:00,8,Wednesday,morning,1,-76.96992,39.5359
FD24013403|26003730_639076740308369546|1772043664,Carroll County Department of Fire & EMS,HAZSIT,2026-02-25 08:21:04-05:00,8,Wednesday,morning,1,-77.14713,39.35491
FD24013403|26003748_639076657816075183|1772062770,Carroll County Department of Fire & EMS,MEDICAL,2026-02-25 13:39:30-05:00,13,Wednesday,afternoon,1,-77.17896,39.74832
FD24013403|26003751_639076663510293914|1772066832,Carroll County Department of Fire & EMS,MEDICAL,2026-02-25 14:47:12-05:00,14,Wednesday,afternoon,1,-77.1689,39.6563
FD24013403|26003762_639076980607553380|1772087985,Carroll County Department of Fire & EMS,MEDICAL,2026-02-25 20:39:45-05:00,20,Wednesday,evening,1,-77.15452,39.65745
FD24013403|26003765_639083277271658489|1772088100,Carroll County Department of Fire & EMS,MEDICAL,2026-02-25 20:41:40-05:00,20,Wednesday,evening,1,-77.08015,39.42597
FD24013403|26003767_639077001610971874|1772090382,Carroll County Department of Fire & EMS,FIRE,2026-02-25 21:19:42-05:00,21,Wednesday,evening,4,-77.17194,39.65879
FD24013403|26003775_639083278219223512|1772102458,Carroll County Department of Fire & EMS,MEDICAL,2026-02-26 00:40:58-05:00,0,Thursday,overnight,1,-76.99547,39.5404
FD24013403|26003777_639083279300494038|1772106163,Carroll County Department of Fire & EMS,NOEMERG,2026-02-26 01:42:43-05:00,1,Thursday,overnight,1,-76.95438,39.42044
FD24013403|26003779_639077196311965026|1772110921,Carroll County Department of Fire & EMS,FIRE,2026-02-26 03:02:01-05:00,3,Thursday,overnight,3,-76.99636,39.62202
FD24013403|26003792_639077467218763330|1772121433,Carroll County Department of Fire & EMS,MEDICAL,2026-02-26 05:57:13-05:00,5,Thursday,overnight,1,-77.02202,39.57186
FD24013403|26003799_639077904275721515|1772129561,Carroll County Department of Fire & EMS,MEDICAL,2026-02-26 08:12:41-05:00,8,Thursday,morning,2,-76.97213,39.56138
FD24013403|26003814_639077896207010824|1772137919,Carroll County Department of Fire & EMS,MEDICAL,2026-02-26 10:31:59-05:00,10,Thursday,morning,1,-77.15784,39.65154
FD24013403|26003814_639077896208531112|1772137919,Carroll County Department of Fire & EMS,MEDICAL,2026-02-26 10:31:59-05:00,10,Thursday,morning,1,-77.15784,39.65154
FD24013403|26003823_639078146114550456|1772150148,Carroll County Department of Fire & EMS,RESCUE,2026-02-26 13:55:48-05:00,13,Thursday,afternoon,3,-77.01754,39.54933
FD24013403|26003825_639078147194817366|1772151063,Carroll County Department of Fire & EMS,HAZSIT,2026-02-26 14:11:03-05:00,14,Thursday,afternoon,2,-76.99137,39.56569
FD24013403|26003826_639078149379854112|1772151620,Carroll County Department of Fire & EMS,FIRE,2026-02-26 14:20:20-05:00,14,Thursday,afternoon,2,-77.0176,39.57657
FD24013403|26003828_639077643008343630|1772156956,Carroll County Department of Fire & EMS,MEDICAL,2026-02-26 15:49:16-05:00,15,Thursday,afternoon,1,-76.83732,39.59209
FD24013403|26003831_639088202046773328|1772162083,Carroll County Department of Fire & EMS,MEDICAL,2026-02-26 17:14:43-05:00,17,Thursday,afternoon,1,-76.9526,39.51004
FD24013403|26003852_639078041109848928|1772203903,Carroll County Department of Fire & EMS,NOEMERG,2026-02-27 04:51:43-05:00,4,Friday,overnight,1,-77.08562,39.43779
FD24013403|26003853_639078041041505820|1772204588,Carroll County Department of Fire & EMS,MEDICAL,2026-02-27 05:03:08-05:00,5,Friday,overnight,1,-76.99718,39.40865
FD24013403|26003857_639078433519506869|1772208450,Carroll County Department of Fire & EMS,MEDICAL,2026-02-27 06:07:30-05:00,6,Friday,morning,1,-77.17104,39.65115
FD24013403|26003858_639078322812476234|1772208664,Carroll County Department of Fire & EMS,NOEMERG,2026-02-27 06:11:04-05:00,6,Friday,morning,2,-77.10222,39.53079
FD24013403|26003859_639078232468686910|1772209018,Carroll County Department of Fire & EMS,MEDICAL,2026-02-27 06:16:58-05:00,6,Friday,morning,1,-76.94743,39.39646
FD24013403|26003864_639078231623357949|1772215633,Carroll County Department of Fire & EMS,MEDICAL,2026-02-27 08:07:13-05:00,8,Friday,morning,2,-76.94882,39.40068
FD24013403|26003868_639078433754217783|1772219362,Carroll County Department of Fire & EMS,MEDICAL,2026-02-27 09:09:22-05:00,9,Friday,morning,1,-77.00644,39.6991
FD24013403|26003873_639078231009789776|1772222375,Carroll County Department of Fire & EMS,MEDICAL,2026-02-27 09:59:35-05:00,9,Friday,morning,1,-77.00614,39.43163
FD24013403|26003889_639078360541304454|1772238223,Carroll County Department of Fire & EMS,NOEMERG,2026-02-27 14:23:43-05:00,14,Friday,afternoon,1,-76.95351,39.54838
FD24013403|26003892_639085465749507339|1772240733,Carroll County Department of Fire & EMS,MEDICAL,2026-02-27 15:05:33-05:00,15,Friday,afternoon,1,-77.04233,39.56815
FD24013403|26003895_639085463109368875|1772243342,Carroll County Department of Fire & EMS,MEDICAL,2026-02-27 15:49:02-05:00,15,Friday,afternoon,1,-76.9444,39.40835
FD24013403|26003898_639078530707347628|1772249840,Carroll County Department of Fire & EMS,MEDICAL,2026-02-27 17:37:20-05:00,17,Friday,afternoon,2,-77.14686,39.36835
FD24013403|26003908_639078708006949247|1772266049,Carroll County Department of Fire & EMS,MEDICAL,2026-02-27 22:07:29-05:00,22,Friday,evening,1,-77.17106,39.56543
FD24013403|26003917_639078849611367260|1772284921,Carroll County Department of Fire & EMS,MEDICAL,2026-02-28 03:22:01-05:00,3,Saturday,overnight,1,-76.9719,39.57055
FD24013403|26003924_639079430109111505|1772292854,Carroll County Department of Fire & EMS,HAZSIT,2026-02-28 05:34:14-05:00,5,Saturday,overnight,3,-77.17571,39.65901
FD24013403|26003937_639078968114109185|1772299451,Carroll County Department of Fire & EMS,NOEMERG,2026-02-28 07:24:11-05:00,7,Saturday,morning,1,-76.98621,39.57604
FD24013403|26003939_639079017317163092|1772301367,Carroll County Department of Fire & EMS,NOEMERG,2026-02-28 07:56:07-05:00,7,Saturday,morning,1,-76.99909,39.58752
FD24013403|26003940_639079018213618023|1772301943,Carroll County Department of Fire & EMS,MEDICAL,2026-02-28 08:05:43-05:00,8,Saturday,morning,1,-76.96851,39.59203
FD24013403|26003960_639079423949336598|1772314359,Carroll County Department of Fire & EMS,MEDICAL,2026-02-28 11:32:39-05:00,11,Saturday,morning,1,-77.17754,39.66214
FD24013403|26003968_639079425275254107|1772318875,Carroll County Department of Fire & EMS,MEDICAL,2026-02-28 12:47:55-05:00,12,Saturday,afternoon,1,-77.10977,39.62678
FD24013403|26003971_639079223066498646|1772322141,Carroll County Department of Fire & EMS,NOEMERG,2026-02-28 13:42:21-05:00,13,Saturday,afternoon,1,-77.14298,39.38001
FD24013403|26003974_639079427640862488|1772325539,Carroll County Department of Fire & EMS,MEDICAL,2026-02-28 14:38:59-05:00,14,Saturday,afternoon,1,-77.16039,39.66626
FD24013403|26003983_639079426430594537|1772334176,Carroll County Department of Fire & EMS,MEDICAL,2026-02-28 17:02:56-05:00,17,Saturday,afternoon,1,-76.88796,39.48175
FD24013403|26003984_639079607955516470|1772333120,Carroll County Department of Fire & EMS,MEDICAL,2026-02-28 16:45:20-05:00,16,Saturday,afternoon,1,-76.89794,39.40386
FD24013403|26003985_639080719821837563|1772333250,Carroll County Department of Fire & EMS,HAZSIT,2026-02-28 16:47:30-05:00,16,Saturday,afternoon,3,-76.92512,39.55704
FD24013403|26003987_639079376707860245|1772336737,Carroll County Department of Fire & EMS,NOEMERG,2026-02-28 17:45:37-05:00,17,Saturday,afternoon,2,-77.17389,39.6604
FD24013403|26003993_639079422833428182|1772343106,Carroll County Department of Fire & EMS,MEDICAL,2026-02-28 19:31:46-05:00,19,Saturday,evening,1,-77.17139,39.65612
FD24013403|26003999_639079605609383266|1772357499,Carroll County Department of Fire & EMS,NOEMERG,2026-02-28 23:31:39-05:00,23,Saturday,evening,1,-77.0944,39.45166
FD24013403|26004006_639080092513471469|1772369774,Carroll County Department of Fire & EMS,MEDICAL,2026-03-01 02:56:14-05:00,2,Sunday,overnight,1,-77.14585,39.35743
FD24013403|26004008_639079735212639407|1772374004,Carroll County Department of Fire & EMS,HAZSIT,2026-03-01 04:06:44-05:00,4,Sunday,overnight,2,-77.08897,39.44253
FD24013403|26004011_639080014208162953|1772379561,Carroll County Department of Fire & EMS,MEDICAL,2026-03-01 05:39:21-05:00,5,Sunday,overnight,1,-76.91661,39.54602
FD24013403|26004018_639080088328702029|1772384776,Carroll County Department of Fire & EMS,MEDICAL,2026-03-01 07:06:16-05:00,7,Sunday,morning,1,-76.96971,39.47078
FD24013403|26004021_639080090024570634|1772391183,Carroll County Department of Fire & EMS,HAZSIT,2026-03-01 08:53:03-05:00,8,Sunday,morning,1,-77.11133,39.54753
FD24013403|26004027_639079948211388579|1772394090,Carroll County Department of Fire & EMS,MEDICAL,2026-03-01 09:41:30-05:00,9,Sunday,morning,1,-77.16215,39.64714
FD24013403|26004031_639080090977187194|1772397227,Carroll County Department of Fire & EMS,MEDICAL,2026-03-01 10:33:47-05:00,10,Sunday,morning,1,-76.95968,39.39435
FD24013403|26004034_639080091324173316|1772401040,Carroll County Department of Fire & EMS,MEDICAL,2026-03-01 11:37:20-05:00,11,Sunday,morning,1,-76.93422,39.3966
FD24013403|26004049_639080185438593723|1772418646,Carroll County Department of Fire & EMS,FIRE,2026-03-01 16:30:46-05:00,16,Sunday,afternoon,1,-76.87725,39.71822
FD24013403|26004052_639080261020303888|1772426880,Carroll County Department of Fire & EMS,MEDICAL,2026-03-01 18:48:00-05:00,18,Sunday,evening,1,-76.97866,39.5661
FD24013403|26004063_639081351305793657|1772449397,Carroll County Department of Fire & EMS,MEDICAL,2026-03-02 01:03:17-05:00,1,Monday,overnight,1,-76.9071,39.52314
FD24013403|26004065_639081895209679654|1772452227,Carroll County Department of Fire & EMS,MEDICAL,2026-03-02 01:50:27-05:00,1,Monday,overnight,1,-77.15771,39.35854
FD24013403|26004066_639084274523834857|1772452259,Carroll County Department of Fire & EMS,MEDICAL,2026-03-02 01:50:59-05:00,1,Monday,overnight,1,-76.88359,39.49412
FD24013403|26004068_639081017653525385|1772455699,Carroll County Department of Fire & EMS,MEDICAL,2026-03-02 02:48:19-05:00,2,Monday,overnight,1,-76.91301,39.49176
FD24013403|26004070_639081898215779548|1772460079,Carroll County Department of Fire & EMS,MEDICAL,2026-03-02 04:01:19-05:00,4,Monday,overnight,1,-77.08602,39.44284
FD24013403|26004081_639080858422417516|1772467273,Carroll County Department of Fire & EMS,MEDICAL,2026-03-02 06:01:13-05:00,6,Monday,morning,1,-77.16734,39.6517
FD24013403|26004093_639080859019703842|1772480108,Carroll County Department of Fire & EMS,MEDICAL,2026-03-02 09:35:08-05:00,9,Monday,morning,1,-77.04178,39.60048
FD24013403|26004099_639081020423858507|1772484094,Carroll County Department of Fire & EMS,NOEMERG,2026-03-02 10:41:34-05:00,10,Monday,morning,3,-76.83219,39.63848
FD24013403|26004103_639081022200679005|1772487683,Carroll County Department of Fire & EMS,MEDICAL,2026-03-02 11:41:23-05:00,11,Monday,morning,1,-76.83551,39.59449
FD24013403|26004106_639080946012778419|1772490512,Carroll County Department of Fire & EMS,MEDICAL,2026-03-02 12:28:32-05:00,12,Monday,afternoon,1,-77.1802,39.66424
FD24013403|26004108_639081060308742437|1772492074,Carroll County Department of Fire & EMS,MEDICAL,2026-03-02 12:54:34-05:00,12,Monday,afternoon,2,-77.00821,39.54197
FD24013403|26004116_639081058534977287|1772503620,Carroll County Department of Fire & EMS,MEDICAL,2026-03-02 16:07:00-05:00,16,Monday,afternoon,3,-77.03455,39.54189
FD24013403|26004119_639081100443352752|1772506045,Carroll County Department of Fire & EMS,MEDICAL,2026-03-02 16:47:25-05:00,16,Monday,afternoon,1,-76.92276,39.52492
FD24013403|26004124_639081085742987538|1772509323,Carroll County Department of Fire & EMS,NOEMERG,2026-03-02 17:42:03-05:00,17,Monday,afternoon,1,-76.93925,39.52755
FD24013403|26004131_639084284294072460|1772524296,Carroll County Department of Fire & EMS,NOEMERG,2026-03-02 21:51:36-05:00,21,Monday,evening,1,-76.90679,39.70022
FD24013403|26004141_639083289019050980|1772540064,Carroll County Department of Fire & EMS,MEDICAL,2026-03-03 02:14:24-05:00,2,Tuesday,overnight,1,-76.88522,39.63421
FD24013403|26004149_639081670812634474|1772544489,Carroll County Department of Fire & EMS,MEDICAL,2026-03-03 03:28:09-05:00,3,Tuesday,overnight,1,-77.15557,39.67041
FD24013403|26004153_639083288109055609|1772545675,Carroll County Department of Fire & EMS,MEDICAL,2026-03-03 03:47:55-05:00,3,Tuesday,overnight,1,-77.01742,39.58771
FD24013403|26004159_639083286910408620|1772550054,Carroll County Department of Fire & EMS,MEDICAL,2026-03-03 05:00:54-05:00,5,Tuesday,overnight,1,-76.91284,39.61391
FD24013403|26004166_639081795614022516|1772551911,Carroll County Department of Fire & EMS,MEDICAL,2026-03-03 05:31:51-05:00,5,Tuesday,overnight,2,-76.97276,39.57015
FD24013403|26004169_639085434607206434|1772553961,Carroll County Department of Fire & EMS,MEDICAL,2026-03-03 06:06:01-05:00,6,Tuesday,morning,2,-76.94264,39.46867
FD24013403|26004177_639083283915887779|1772556767,Carroll County Department of Fire & EMS,MEDICAL,2026-03-03 06:52:47-05:00,6,Tuesday,morning,1,-76.89506,39.57272
FD24013403|26004179_639081794113745040|1772560939,Carroll County Department of Fire & EMS,MEDICAL,2026-03-03 08:02:19-05:00,8,Tuesday,morning,1,-76.9661,39.68315
FD24013403|26004183_639081705014299831|1772567355,Carroll County Department of Fire & EMS,MEDICAL,2026-03-03 09:49:15-05:00,9,Tuesday,morning,1,-76.99663,39.56494
FD24013403|26004192_639083285111023635|1772582688,Carroll County Department of Fire & EMS,MEDICAL,2026-03-03 14:04:48-05:00,14,Tuesday,afternoon,1,-76.88924,39.65134
FD24013403|26004203_639082228445328310|1772592375,Carroll County Department of Fire & EMS,MEDICAL,2026-03-03 16:46:15-05:00,16,Tuesday,afternoon,1,-76.99023,39.58417
FD24013403|26004257_639082670072968427|1772666316,Carroll County Department of Fire & EMS,MEDICAL,2026-03-04 13:18:36-05:00,13,Wednesday,afternoon,1,-76.87711,39.67016
FD24013403|26004260_639082670712609837|1772667397,Carroll County Department of Fire & EMS,MEDICAL,2026-03-04 13:36:37-05:00,13,Wednesday,afternoon,1,-76.85181,39.61036
FD24013403|26004265_639082673900393564|1772669225,Carroll County Department of Fire & EMS,MEDICAL,2026-03-04 14:07:05-05:00,14,Wednesday,afternoon,1,-76.86694,39.63758
FD24013403|26004267_639082752808873218|1772673967,Carroll County Department of Fire & EMS,MEDICAL,2026-03-04 15:26:07-05:00,15,Wednesday,afternoon,1,-77.00645,39.42063
FD24013403|26004276_639082908731552976|1772680145,Carroll County Department of Fire & EMS,NOEMERG,2026-03-04 17:09:05-05:00,17,Wednesday,afternoon,1,-76.99913,39.50015
FD24013403|26004277_639082907710082797|1772681581,Carroll County Department of Fire & EMS,MEDICAL,2026-03-04 17:33:01-05:00,17,Wednesday,afternoon,1,-77.07146,39.43946
FD24013403|26004279_639082907107406874|1772682161,Carroll County Department of Fire & EMS,MEDICAL,2026-03-04 17:42:41-05:00,17,Wednesday,afternoon,1,-76.99522,39.42126
FD24013403|26004284_639083065988694260|1772690921,Carroll County Department of Fire & EMS,NOEMERG,2026-03-04 20:08:41-05:00,20,Wednesday,evening,1,-77.05845,39.67979
FD24013403|26004294_639083510408074768|1772715134,Carroll County Department of Fire & EMS,MEDICAL,2026-03-05 02:52:14-05:00,2,Thursday,overnight,1,-77.17206,39.66336
FD24013403|26004300_639083219414862925|1772720538,Carroll County Department of Fire & EMS,MEDICAL,2026-03-05 04:22:18-05:00,4,Thursday,overnight,2,-76.86597,39.5231
FD24013403|26004302_639083395111814980|1772722902,Carroll County Department of Fire & EMS,MEDICAL,2026-03-05 05:01:42-05:00,5,Thursday,overnight,1,-76.9969,39.45171
FD24013403|26004311_639083362515820145|1772726721,Carroll County Department of Fire & EMS,MEDICAL,2026-03-05 06:05:21-05:00,6,Thursday,morning,1,-76.98938,39.56761
FD24013403|26004313_639083363683330664|1772731936,Carroll County Department of Fire & EMS,MEDICAL,2026-03-05 07:32:16-05:00,7,Thursday,morning,1,-76.8892,39.66127
FD24013403|26004314_639083364015118009|1772733605,Carroll County Department of Fire & EMS,MEDICAL,2026-03-05 08:00:05-05:00,8,Thursday,morning,1,-76.87841,39.69107
FD24013403|26004327_639083522721971302|1772744807,Carroll County Department of Fire & EMS,MEDICAL,2026-03-05 11:06:47-05:00,11,Thursday,morning,1,-76.99547,39.5404
FD24013403|26004360_639086551512887406|1772796577,Carroll County Department of Fire & EMS,MEDICAL,2026-03-06 01:29:37-05:00,1,Friday,overnight,1,-77.15855,39.64717
FD24013403|26004361_639084283514622028|1772799340,Carroll County Department of Fire & EMS,MEDICAL,2026-03-06 02:15:40-05:00,2,Friday,overnight,1,-77.15889,39.64792
FD24013403|26004362_639084277513413755|1772799702,Carroll County Department of Fire & EMS,NOEMERG,2026-03-06 02:21:42-05:00,2,Friday,overnight,1,-77.07588,39.61045
FD24013403|26004369_639084053409283648|1772807313,Carroll County Department of Fire & EMS,NOEMERG,2026-03-06 04:28:33-05:00,4,Friday,overnight,1,-77.14739,39.37872
FD24013403|26004371_639084275411603180|1772809879,Carroll County Department of Fire & EMS,MEDICAL,2026-03-06 05:11:19-05:00,5,Friday,overnight,1,-77.00249,39.69042
FD24013403|26004372_639084100209518295|1772810543,Carroll County Department of Fire & EMS,MEDICAL,2026-03-06 05:22:23-05:00,5,Friday,overnight,1,-76.97708,39.5712
FD24013403|26004384_639084141001184750|1772816483,Carroll County Department of Fire & EMS,NOEMERG,2026-03-06 07:01:23-05:00,7,Friday,morning,2,-76.95083,39.40404
FD24013403|26004401_639084276613545928|1772828178,Carroll County Department of Fire & EMS,MEDICAL,2026-03-06 10:16:18-05:00,10,Friday,morning,1,-76.88388,39.66314
FD24013403|26004403_639084284682449903|1772829504,Carroll County Department of Fire & EMS,MEDICAL,2026-03-06 10:38:24-05:00,10,Friday,morning,1,-77.16587,39.65411
FD24013403|26004406_639087566130729513|1772835045,Carroll County Department of Fire & EMS,MEDICAL,2026-03-06 12:10:45-05:00,12,Friday,afternoon,2,-77.04154,39.51143
FD24013403|26004419_639085156231644832|1772854142,Carroll County Department of Fire & EMS,NOEMERG,2026-03-06 17:29:02-05:00,17,Friday,afternoon,1,-76.94975,39.46323
FD24013403|26004427_639085034108188008|1772868841,Carroll County Department of Fire & EMS,MEDICAL,2026-03-06 21:34:01-05:00,21,Friday,evening,1,-76.95699,39.70302
FD24013403|26004434_639085155911822989|1772882234,Carroll County Department of Fire & EMS,MEDICAL,2026-03-07 01:17:14-05:00,1,Saturday,overnight,1,-77.10456,39.47853
FD24013403|26004441_639085155630625659|1772890419,Carroll County Department of Fire & EMS,NOEMERG,2026-03-07 03:33:39-05:00,3,Saturday,overnight,1,-77.0548,39.41038
FD24013403|26004443_639085155495112414|1772890484,Carroll County Department of Fire & EMS,HAZSIT,2026-03-07 03:34:44-05:00,3,Saturday,overnight,2,-77.05342,39.40892
FD24013403|26004449_639085035475833598|1772899765,Carroll County Department of Fire & EMS,MEDICAL,2026-03-07 06:09:25-05:00,6,Saturday,morning,1,-76.85245,39.60954
FD24013403|26004460_639085314554936509|1772912056,Carroll County Department of Fire & EMS,MEDICAL,2026-03-07 09:34:16-05:00,9,Saturday,morning,2,-77.02417,39.58877
FD24013403|26004462_639085152625120021|1772914092,Carroll County Department of Fire & EMS,NOEMERG,2026-03-07 10:08:12-05:00,10,Saturday,morning,1,-76.97288,39.42324
FD24013403|26004463_639085152277741806|1772914752,Carroll County Department of Fire & EMS,MEDICAL,2026-03-07 10:19:12-05:00,10,Saturday,morning,1,-77.04343,39.44314
FD24013403|26004471_639085397417308700|1772927109,Carroll County Department of Fire & EMS,MEDICAL,2026-03-07 13:45:09-05:00,13,Saturday,afternoon,1,-77.0791,39.48777
FD24013403|26004476_639090045311574770|1772933997,Carroll County Department of Fire & EMS,FIRE,2026-03-07 15:39:57-05:00,15,Saturday,afternoon,2,-77.13648,39.42893
FD24013403|26004485_639085449899729908|1772939404,Carroll County Department of Fire & EMS,MEDICAL,2026-03-07 17:10:04-05:00,17,Saturday,afternoon,1,-77.02564,39.64561
FD24013403|26004492_639085482606473631|1772948823,Carroll County Department of Fire & EMS,MEDICAL,2026-03-07 19:47:03-05:00,19,Saturday,evening,1,-77.17608,39.65839
FD24013403|26004495_639085752915537615|1772954392,Carroll County Department of Fire & EMS,MEDICAL,2026-03-07 22:19:52-05:00,22,Saturday,evening,1,-77.15927,39.64328
FD24013403|26004503_639085714189688215|1772970823,Carroll County Department of Fire & EMS,MEDICAL,2026-03-08 03:53:43-04:00,3,Sunday,overnight,1,-76.89684,39.64841
FD24013403|26004507_639085842010699037|1772976960,Carroll County Department of Fire & EMS,HAZSIT,2026-03-08 05:36:00-04:00,5,Sunday,overnight,2,-77.08231,39.46272
FD24013403|26004509_639085836559420082|1772979306,Carroll County Department of Fire & EMS,NOEMERG,2026-03-08 06:15:06-04:00,6,Sunday,morning,1,-77.07555,39.46981
FD24013403|26004511_639085825880087770|1772982962,Carroll County Department of Fire & EMS,MEDICAL,2026-03-08 07:16:02-04:00,7,Sunday,morning,1,-76.85295,39.60138
FD24013403|26004521_639085892977938073|1772988610,Carroll County Department of Fire & EMS,NOEMERG,2026-03-08 08:50:10-04:00,8,Sunday,morning,1,-77.02187,39.66758
FD24013403|26004523_639085892318469947|1772990473,Carroll County Department of Fire & EMS,NOEMERG,2026-03-08 09:21:13-04:00,9,Sunday,morning,1,-76.99132,39.5689
FD24013403|26004532_639085972224017976|1772999363,Carroll County Department of Fire & EMS,NOEMERG,2026-03-08 11:49:23-04:00,11,Sunday,morning,1,-76.98679,39.56675
FD24013403|26004542_639086161512170599|1773006594,Carroll County Department of Fire & EMS,RESCUE,2026-03-08 13:49:54-04:00,13,Sunday,afternoon,2,-76.99591,39.42961
FD24013403|26004544_639086103007010696|1773008819,Carroll County Department of Fire & EMS,NOEMERG,2026-03-08 14:26:59-04:00,14,Sunday,afternoon,1,-76.99083,39.56385
FD24013403|26004547_639086252254144359|1773013643,Carroll County Department of Fire & EMS,MEDICAL,2026-03-08 15:47:23-04:00,15,Sunday,afternoon,1,-77.16444,39.65409
FD24013403|26004548_639086254829271806|1773013816,Carroll County Department of Fire & EMS,MEDICAL,2026-03-08 15:50:16-04:00,15,Sunday,afternoon,1,-77.17346,39.65953
FD24013403|26004550_639086154527244310|1773016681,Carroll County Department of Fire & EMS,NOEMERG,2026-03-08 16:38:01-04:00,16,Sunday,afternoon,1,-77.16121,39.36222
FD24013403|26004561_639086480109118968|1773033630,Carroll County Department of Fire & EMS,NOEMERG,2026-03-08 21:20:30-04:00,21,Sunday,evening,1,-76.99547,39.54041
FD24013403|26004562_639086373305911407|1773037469,Carroll County Department of Fire & EMS,MEDICAL,2026-03-08 22:24:29-04:00,22,Sunday,evening,1,-76.88813,39.64262
FD24013403|26004566_639086669707495794|1773054824,Carroll County Department of Fire & EMS,MEDICAL,2026-03-09 03:13:44-04:00,3,Monday,overnight,1,-76.88755,39.66303
FD24013403|26004571_639086709561686825|1773057641,Carroll County Department of Fire & EMS,MEDICAL,2026-03-09 04:00:41-04:00,4,Monday,overnight,1,-76.94651,39.50749
FD24013403|26004573_639086670606803415|1773059053,Carroll County Department of Fire & EMS,MEDICAL,2026-03-09 04:24:13-04:00,4,Monday,overnight,1,-76.88771,39.66495
FD24013403|26004577_639086805867540432|1773062424,Carroll County Department of Fire & EMS,MEDICAL,2026-03-09 05:20:24-04:00,5,Monday,overnight,2,-77.04234,39.56816
FD24013403|26004580_639086709906325049|1773063760,Carroll County Department of Fire & EMS,NOEMERG,2026-03-09 05:42:40-04:00,5,Monday,overnight,1,-77.00485,39.40076
FD24013403|26004584_639086692215856022|1773070554,Carroll County Department of Fire & EMS,MEDICAL,2026-03-09 07:35:54-04:00,7,Monday,morning,2,-76.98938,39.56761
FD24013403|26004597_639086903653458235|1773088050,Carroll County Department of Fire & EMS,MEDICAL,2026-03-09 12:27:30-04:00,12,Monday,afternoon,1,-76.96354,39.38658
FD24013403|26004598_639087008423051260|1773087863,Carroll County Department of Fire & EMS,FIRE,2026-03-09 12:24:23-04:00,12,Monday,afternoon,1,-77.10702,39.378
FD24013403|26004599_639087013210053366|1773088220,Carroll County Department of Fire & EMS,FIRE,2026-03-09 12:30:20-04:00,12,Monday,afternoon,1,-76.91816,39.42797
FD24013403|26004600_639087006843937200|1773088633,Carroll County Department of Fire & EMS,MEDICAL,2026-03-09 12:37:13-04:00,12,Monday,afternoon,3,-77.10535,39.43581
FD24013403|26004603_639087014013099776|1773092338,Carroll County Department of Fire & EMS,MEDICAL,2026-03-09 13:38:58-04:00,13,Monday,afternoon,1,-77.00616,39.57903
FD24013403|26004608_639086921025097444|1773094517,Carroll County Department of Fire & EMS,NOEMERG,2026-03-09 14:15:17-04:00,14,Monday,afternoon,2,-76.8886,39.49855
FD24013403|26004613_639088634617069069|1773098043,Carroll County Department of Fire & EMS,NOEMERG,2026-03-09 15:14:03-04:00,15,Monday,afternoon,1,-77.04328,39.55112
FD24013403|26004623_639087350705930347|1773115032,Carroll County Department of Fire & EMS,MEDICAL,2026-03-09 19:57:12-04:00,19,Monday,evening,1,-76.99684,39.56744
FD24013403|26004632_639088204527066555|1773139917,Carroll County Department of Fire & EMS,MEDICAL,2026-03-10 02:51:57-04:00,2,Tuesday,overnight,1,-77.02348,39.4085
FD24013403|26004644_639088205693627037|1773151701,Carroll County Department of Fire & EMS,MEDICAL,2026-03-10 06:08:21-04:00,6,Tuesday,morning,1,-77.16577,39.36542
FD24013403|26004646_639087884716299096|1773153712,Carroll County Department of Fire & EMS,MEDICAL,2026-03-10 06:41:52-04:00,6,Tuesday,morning,1,-77.15747,39.65643
FD24013403|26004647_639088635822238633|1773154358,Carroll County Department of Fire & EMS,MEDICAL,2026-03-10 06:52:38-04:00,6,Tuesday,morning,1,-77.16858,39.36646
FD24013403|26004653_639091670519497660|1773162839,Carroll County Department of Fire & EMS,MEDICAL,2026-03-10 09:13:59-04:00,9,Tuesday,morning,1,-76.85221,39.62195
FD24013403|26004654_639088636821947259|1773162751,Carroll County Department of Fire & EMS,NOEMERG,2026-03-10 09:12:31-04:00,9,Tuesday,morning,1,-76.97112,39.37373
FD24013403|26004672_639087909913985040|1773172489,Carroll County Department of Fire & EMS,NOEMERG,2026-03-10 11:54:49-04:00,11,Tuesday,morning,1,-76.97137,39.56327
FD24013403|26004674_639088353613917253|1773173861,Carroll County Department of Fire & EMS,FIRE,2026-03-10 12:17:41-04:00,12,Tuesday,afternoon,3,-76.94067,39.62864
FD24013403|26004676_639093929943589745|1773175489,Carroll County Department of Fire & EMS,MEDICAL,2026-03-10 12:44:49-04:00,12,Tuesday,afternoon,1,-77.13741,39.36659
FD24013403|26004685_639087886147189671|1773177865,Carroll County Department of Fire & EMS,MEDICAL,2026-03-10 13:24:25-04:00,13,Tuesday,afternoon,1,-77.16291,39.64733
FD24013403|26004689_639087887438486776|1773181652,Carroll County Department of Fire & EMS,MEDICAL,2026-03-10 14:27:32-04:00,14,Tuesday,afternoon,1,-77.04927,39.68987
FD24013403|26004694_639087905411299927|1773180780,Carroll County Department of Fire & EMS,MEDICAL,2026-03-10 14:13:00-04:00,14,Tuesday,afternoon,2,-76.86516,39.52372
FD24013403|26004700_639087903310192207|1773186984,Carroll County Department of Fire & EMS,MEDICAL,2026-03-10 15:56:24-04:00,15,Tuesday,afternoon,1,-76.84973,39.60788
FD24013403|26004701_639087889270858913|1773185823,Carroll County Department of Fire & EMS,MEDICAL,2026-03-10 15:37:03-04:00,15,Tuesday,afternoon,2,-76.983,39.56328
FD24013403|26004703_639087890114014458|1773187020,Carroll County Department of Fire & EMS,MEDICAL,2026-03-10 15:57:00-04:00,15,Tuesday,afternoon,2,-76.97866,39.5661
FD24013403|26004703_639087890115320570|1773187020,Carroll County Department of Fire & EMS,MEDICAL,2026-03-10 15:57:00-04:00,15,Tuesday,afternoon,2,-76.97866,39.5661
FD24013403|26004721_639088787109820388|1773228008,Carroll County Department of Fire & EMS,MEDICAL,2026-03-11 03:20:08-04:00,3,Wednesday,overnight,1,-76.88436,39.66117
FD24013403|26004725_639088787937164956|1773232032,Carroll County Department of Fire & EMS,FIRE,2026-03-11 04:27:12-04:00,4,Wednesday,overnight,1,-76.92191,39.52575
FD24013403|26004726_639088727127946950|1773232200,Carroll County Department of Fire & EMS,MEDICAL,2026-03-11 04:30:00-04:00,4,Wednesday,overnight,1,-77.09843,39.54396
FD24013403|26004734_639088784727411302|1773246614,Carroll County Department of Fire & EMS,MEDICAL,2026-03-11 08:30:14-04:00,8,Wednesday,morning,1,-77.00106,39.55235
FD24013403|26004738_639090045015575686|1773251174,Carroll County Department of Fire & EMS,MEDICAL,2026-03-11 09:46:14-04:00,9,Wednesday,morning,2,-76.98741,39.57293
FD24013403|26004749_639088726438225688|1773260943,Carroll County Department of Fire & EMS,MEDICAL,2026-03-11 12:29:03-04:00,12,Wednesday,afternoon,1,-76.93173,39.3931
FD24013403|26004761_639088786383686333|1773271438,Carroll County Department of Fire & EMS,MEDICAL,2026-03-11 15:23:58-04:00,15,Wednesday,afternoon,1,-77.15889,39.64792
FD24013403|26004769_639088786211509877|1773272746,Carroll County Department of Fire & EMS,FIRE,2026-03-11 15:45:46-04:00,15,Wednesday,afternoon,3,-77.07524,39.37577
FD24013403|26004783_639089084127773758|1773308852,Carroll County Department of Fire & EMS,HAZSIT,2026-03-12 01:47:32-04:00,1,Thursday,overnight,2,-77.00116,39.4569
FD24013403|26004806_639089344498247384|1773334169,Carroll County Department of Fire & EMS,MEDICAL,2026-03-12 08:49:29-04:00,8,Thursday,morning,2,-76.86131,39.62888
FD24013403|26004812_639089669709864307|1773341319,Carroll County Department of Fire & EMS,HAZSIT,2026-03-12 10:48:39-04:00,10,Thursday,morning,1,-77.00083,39.57756
FD24013403|26004831_639089562232212758|1773358113,Carroll County Department of Fire & EMS,MEDICAL,2026-03-12 15:28:33-04:00,15,Thursday,afternoon,1,-76.88202,39.66387
FD24013403|26004834_639089728734238986|1773360783,Carroll County Department of Fire & EMS,NOEMERG,2026-03-12 16:13:03-04:00,16,Thursday,afternoon,1,-76.89232,39.46467
FD24013403|26004836_639089619518377067|1773361620,Carroll County Department of Fire & EMS,MEDICAL,2026-03-12 16:27:00-04:00,16,Thursday,afternoon,1,-76.88771,39.66495
FD24013403|26004837_639089727610390395|1773364016,Carroll County Department of Fire & EMS,MEDICAL,2026-03-12 17:06:56-04:00,17,Thursday,afternoon,1,-77.15127,39.37882
FD24013403|26004839_639089732944893264|1773367345,Carroll County Department of Fire & EMS,MEDICAL,2026-03-12 18:02:25-04:00,18,Thursday,evening,1,-77.11083,39.6743
FD24013403|26004853_639090188121312172|1773407722,Carroll County Department of Fire & EMS,NOEMERG,2026-03-13 05:15:22-04:00,5,Friday,overnight,3,-77.15176,39.37195
FD24013403|26004854_639090448213599119|1773409063,Carroll County Department of Fire & EMS,MEDICAL,2026-03-13 05:37:43-04:00,5,Friday,overnight,1,-76.91815,39.70347
FD24013403|26004894_639090335123757645|1773433692,Carroll County Department of Fire & EMS,NOEMERG,2026-03-13 12:28:12-04:00,12,Friday,afternoon,1,-77.11631,39.53802
FD24013403|26004903_639090433507670996|1773442151,Carroll County Department of Fire & EMS,NOEMERG,2026-03-13 14:49:11-04:00,14,Friday,afternoon,1,-77.17345,39.65461
FD24013403|26004923_639090783857264705|1773467185,Carroll County Department of Fire & EMS,MEDICAL,2026-03-13 21:46:25-04:00,21,Friday,evening,1,-77.1628,39.64739
FD24013403|26004939_639091014908585113|1773495565,Carroll County Department of Fire & EMS,MEDICAL,2026-03-14 05:39:25-04:00,5,Saturday,overnight,1,-77.0944,39.45166
FD24013403|26004947_639091153507453962|1773506997,Carroll County Department of Fire & EMS,MEDICAL,2026-03-14 08:49:57-04:00,8,Saturday,morning,1,-76.88894,39.65679
FD24013403|26004948_639091155030581304|1773509724,Carroll County Department of Fire & EMS,MEDICAL,2026-03-14 09:35:24-04:00,9,Saturday,morning,1,-76.90861,39.71238
FD24013403|26004951_639091355591705205|1773513317,Carroll County Department of Fire & EMS,NOEMERG,2026-03-14 10:35:17-04:00,10,Saturday,morning,1,-77.15252,39.36852
FD24013403|26004954_639091185609551951|1773514208,Carroll County Department of Fire & EMS,MEDICAL,2026-03-14 10:50:08-04:00,10,Saturday,morning,2,-76.9921,39.54947
FD24013403|26004957_639091189147993483|1773515021,Carroll County Department of Fire & EMS,MEDICAL,2026-03-14 11:03:41-04:00,11,Saturday,morning,1,-77.17172,39.65633
FD24013403|26004961_639091412430922994|1773518094,Carroll County Department of Fire & EMS,HAZSIT,2026-03-14 11:54:54-04:00,11,Saturday,morning,1,-76.86058,39.65024
FD24013403|26004971_639091412410037647|1773527840,Carroll County Department of Fire & EMS,MEDICAL,2026-03-14 14:37:20-04:00,14,Saturday,afternoon,1,-77.16989,39.65365
FD24013403|26004981_639091652334164887|1773534796,Carroll County Department of Fire & EMS,FIRE,2026-03-14 16:33:16-04:00,16,Saturday,afternoon,2,-76.99149,39.56769
FD24013403|26004993_639091647909033351|1773563145,Carroll County Department of Fire & EMS,MEDICAL,2026-03-15 00:25:45-04:00,0,Sunday,overnight,1,-76.95186,39.40373
FD24013403|26004994_639091650005422061|1773564493,Carroll County Department of Fire & EMS,MEDICAL,2026-03-15 00:48:13-04:00,0,Sunday,overnight,1,-77.11447,39.41553
FD24013403|26005001_639092145833849686|1773574581,Carroll County Department of Fire & EMS,NOEMERG,2026-03-15 03:36:21-04:00,3,Sunday,overnight,1,-76.99923,39.61718
FD24013403|26005003_639091902800792559|1773581511,Carroll County Department of Fire & EMS,FIRE,2026-03-15 05:31:51-04:00,5,Sunday,overnight,1,-77.17311,39.64626
FD24013403|26005016_639092147112606065|1773593388,Carroll County Department of Fire & EMS,MEDICAL,2026-03-15 08:49:48-04:00,8,Sunday,morning,1,-76.99563,39.58862
FD24013403|26005020_639092148795950734|1773598352,Carroll County Department of Fire & EMS,MEDICAL,2026-03-15 10:12:32-04:00,10,Sunday,morning,1,-77.00471,39.57231
FD24013403|26005029_639092175006469464|1773609407,Carroll County Department of Fire & EMS,MEDICAL,2026-03-15 13:16:47-04:00,13,Sunday,afternoon,1,-77.15855,39.64717
FD24013403|26005063_639092681418858956|1773669108,Carroll County Department of Fire & EMS,NOEMERG,2026-03-16 05:51:48-04:00,5,Monday,overnight,1,-77.16624,39.38614
FD24013403|26005068_639093030313319249|1773672967,Carroll County Department of Fire & EMS,MEDICAL,2026-03-16 06:56:07-04:00,6,Monday,morning,1,-76.97586,39.47985
FD24013403|26005074_639092920810575136|1773678838,Carroll County Department of Fire & EMS,PUBSERV,2026-03-16 08:33:58-04:00,8,Monday,morning,1,-77.15498,39.64082
FD24013403|26005075_639093032371783397|1773678651,Carroll County Department of Fire & EMS,NOEMERG,2026-03-16 08:30:51-04:00,8,Monday,morning,2,-76.93567,39.40025
FD24013403|26005081_639093043224648900|1773684294,Carroll County Department of Fire & EMS,MEDICAL,2026-03-16 10:04:54-04:00,10,Monday,morning,1,-77.06383,39.44996
FD24013403|26005083_639092922043722277|1773685024,Carroll County Department of Fire & EMS,MEDICAL,2026-03-16 10:17:04-04:00,10,Monday,morning,1,-77.17206,39.65867
FD24013403|26005086_639092923215879956|1773688472,Carroll County Department of Fire & EMS,NOEMERG,2026-03-16 11:14:32-04:00,11,Monday,morning,1,-77.1807,39.66543
FD24013403|26005094_639092965127260973|1773698239,Carroll County Department of Fire & EMS,MEDICAL,2026-03-16 13:57:19-04:00,13,Monday,afternoon,1,-76.88577,39.66005
FD24013403|26005101_639093074428307708|1773705484,Carroll County Department of Fire & EMS,MEDICAL,2026-03-16 15:58:04-04:00,15,Monday,afternoon,1,-76.94301,39.66623
FD24013403|26005107_639093093312641188|1773710323,Carroll County Department of Fire & EMS,NOEMERG,2026-03-16 17:18:43-04:00,17,Monday,afternoon,1,-77.15999,39.36376
FD24013403|26005111_639093103207171210|1773711543,Carroll County Department of Fire & EMS,MEDICAL,2026-03-16 17:39:03-04:00,17,Monday,afternoon,1,-76.95659,39.71641
FD24013403|26005125_639093306308968480|1773732140,Carroll County Department of Fire & EMS,NOEMERG,2026-03-16 23:22:20-04:00,23,Monday,evening,2,-77.05277,39.62804
FD24013403|26005126_639093322206544926|1773732641,Carroll County Department of Fire & EMS,MEDICAL,2026-03-16 23:30:41-04:00,23,Monday,evening,1,-76.97341,39.63523
FD24013403|26005143_639093558612600553|1773756076,Carroll County Department of Fire & EMS,FIRE,2026-03-17 06:01:16-04:00,6,Tuesday,morning,4,-76.93668,39.47302
FD24013403|26005144_639093641672699815|1773756543,Carroll County Department of Fire & EMS,MEDICAL,2026-03-17 06:09:03-04:00,6,Tuesday,morning,1,-77.23456,39.66706
FD24013403|26005147_639093639908749373|1773759301,Carroll County Department of Fire & EMS,MEDICAL,2026-03-17 06:55:01-04:00,6,Tuesday,morning,1,-77.15374,39.63454
FD24013403|26005151_639093636606028057|1773762769,Carroll County Department of Fire & EMS,MEDICAL,2026-03-17 07:52:49-04:00,7,Tuesday,morning,1,-77.33479,39.7072
FD24013403|26005152_639093638415168498|1773763506,Carroll County Department of Fire & EMS,MEDICAL,2026-03-17 08:05:06-04:00,8,Tuesday,morning,1,-77.11402,39.62196
FD24013403|26005153_639093858920428942|1773763702,Carroll County Department of Fire & EMS,HAZSIT,2026-03-17 08:08:22-04:00,8,Tuesday,morning,1,-76.88013,39.6621
FD24013403|26005161_639093735909995759|1773770439,Carroll County Department of Fire & EMS,MEDICAL,2026-03-17 10:00:39-04:00,10,Tuesday,morning,1,-77.16734,39.6517
FD24013403|26005167_639093836715883206|1773774508,Carroll County Department of Fire & EMS,MEDICAL,2026-03-17 11:08:28-04:00,11,Tuesday,morning,2,-77.16626,39.35946
FD24013403|26005172_639093859808402126|1773776407,Carroll County Department of Fire & EMS,HAZSIT,2026-03-17 11:40:07-04:00,11,Tuesday,morning,1,-76.9992,39.59328
FD24013403|26005195_639094012216272166|1773801284,Carroll County Department of Fire & EMS,MEDICAL,2026-03-17 18:34:44-04:00,18,Tuesday,evening,1,-77.00728,39.58903
FD24013403|26005205_639094669509571032|1773833967,Carroll County Department of Fire & EMS,NOEMERG,2026-03-18 03:39:27-04:00,3,Wednesday,overnight,2,-76.98998,39.58385
FD24013403|26005206_639094668520000615|1773834674,Carroll County Department of Fire & EMS,HAZSIT,2026-03-18 03:51:14-04:00,3,Wednesday,overnight,2,-76.97425,39.56442
FD24013403|26005207_639105231483648518|1773835676,Carroll County Department of Fire & EMS,MEDICAL,2026-03-18 04:07:56-04:00,4,Wednesday,overnight,1,-77.10307,39.43827
FD24013403|26005217_639097049720205843|1773844364,Carroll County Department of Fire & EMS,MEDICAL,2026-03-18 06:32:44-04:00,6,Wednesday,morning,1,-76.9202,39.39952
FD24013403|26005221_639097051498697616|1773844938,Carroll County Department of Fire & EMS,MEDICAL,2026-03-18 06:42:18-04:00,6,Wednesday,morning,1,-76.97113,39.37373
FD24013403|26005224_639097052709479840|1773845273,Carroll County Department of Fire & EMS,MEDICAL,2026-03-18 06:47:53-04:00,6,Wednesday,morning,2,-76.97417,39.40055
FD24013403|26005229_639097054211006948|1773846502,Carroll County Department of Fire & EMS,MEDICAL,2026-03-18 07:08:22-04:00,7,Wednesday,morning,1,-77.13672,39.37031
FD24013403|26005230_639094665581088542|1773848346,Carroll County Department of Fire & EMS,NOEMERG,2026-03-18 07:39:06-04:00,7,Wednesday,morning,2,-76.99547,39.5404
FD24013403|26005250_639094664113893232|1773862856,Carroll County Department of Fire & EMS,NOEMERG,2026-03-18 11:40:56-04:00,11,Wednesday,morning,1,-76.89782,39.6712
FD24013403|26005266_639096652542407664|1773876069,Carroll County Department of Fire & EMS,MEDICAL,2026-03-18 15:21:09-04:00,15,Wednesday,afternoon,1,-77.10769,39.42506
FD24013403|26005282_639097044311237758|1773901899,Carroll County Department of Fire & EMS,MEDICAL,2026-03-18 22:31:39-04:00,22,Wednesday,evening,1,-76.94792,39.40407
FD24013403|26005285_639097046433763898|1773911211,Carroll County Department of Fire & EMS,MEDICAL,2026-03-19 01:06:51-04:00,1,Thursday,overnight,1,-76.92801,39.42775
FD24013403|26005288_639095557395089205|1773917966,Carroll County Department of Fire & EMS,HAZSIT,2026-03-19 02:59:26-04:00,2,Thursday,overnight,2,-76.93372,39.39362
FD24013403|26005298_639095391618565064|1773937272,Carroll County Department of Fire & EMS,MEDICAL,2026-03-19 08:21:12-04:00,8,Thursday,morning,1,-76.8513,39.60861
FD24013403|26005305_639096081915803685|1773947819,Carroll County Department of Fire & EMS,MEDICAL,2026-03-19 11:16:59-04:00,11,Thursday,morning,1,-76.85858,39.59658
FD24013403|26005307_639095989195541593|1773949423,Carroll County Department of Fire & EMS,FIRE,2026-03-19 11:43:43-04:00,11,Thursday,morning,1,-77.13464,39.42578
FD24013403|26005309_639112917314903042|1773949745,Carroll County Department of Fire & EMS,MEDICAL,2026-03-19 11:49:05-04:00,11,Thursday,morning,1,-77.15855,39.64717
FD24013403|26005310_639095717044766784|1773951559,Carroll County Department of Fire & EMS,MEDICAL,2026-03-19 12:19:19-04:00,12,Thursday,afternoon,1,-77.01227,39.58686
FD24013403|26005311_639095717658269555|1773951937,Carroll County Department of Fire & EMS,NOEMERG,2026-03-19 12:25:37-04:00,12,Thursday,afternoon,2,-76.97966,39.56793
FD24013403|26005320_639112442714796989|1773958849,Carroll County Department of Fire & EMS,MEDICAL,2026-03-19 14:20:49-04:00,14,Thursday,afternoon,1,-77.10738,39.62841
FD24013403|26005328_639095717658301207|1773965854,Carroll County Department of Fire & EMS,MEDICAL,2026-03-19 16:17:34-04:00,16,Thursday,afternoon,1,-77.15252,39.36852
FD24013403|26005330_639095992777074646|1773967325,Carroll County Department of Fire & EMS,FIRE,2026-03-19 16:42:05-04:00,16,Thursday,afternoon,2,-76.93571,39.6956
FD24013403|26005346_639096591010124388|1774013185,Carroll County Department of Fire & EMS,MEDICAL,2026-03-20 05:26:25-04:00,5,Friday,overnight,1,-77.15252,39.36852
FD24013403|26005348_639096589477918169|1774012851,Carroll County Department of Fire & EMS,NOEMERG,2026-03-20 05:20:51-04:00,5,Friday,overnight,1,-76.97113,39.37373
FD24013403|26005361_639096630235481131|1774024604,Carroll County Department of Fire & EMS,MEDICAL,2026-03-20 08:36:44-04:00,8,Friday,morning,1,-77.0335,39.37694
FD24013403|26005367_639096570314563451|1774032463,Carroll County Department of Fire & EMS,MEDICAL,2026-03-20 10:47:43-04:00,10,Friday,morning,2,-76.98194,39.56517
FD24013403|26005369_639096572709368717|1774035675,Carroll County Department of Fire & EMS,MEDICAL,2026-03-20 11:41:15-04:00,11,Friday,morning,1,-76.89673,39.62197
FD24013403|26005374_639099990313287799|1774041006,Carroll County Department of Fire & EMS,FIRE,2026-03-20 13:10:06-04:00,13,Friday,afternoon,5,-77.28625,39.62094
FD24013403|26005379_639096574207484994|1774043601,Carroll County Department of Fire & EMS,MEDICAL,2026-03-20 13:53:21-04:00,13,Friday,afternoon,1,-77.00339,39.51468
FD24013403|26005382_639096575706649421|1774045818,Carroll County Department of Fire & EMS,MEDICAL,2026-03-20 14:30:18-04:00,14,Friday,afternoon,1,-76.89445,39.40012
FD24013403|26005387_639096579611964144|1774052662,Carroll County Department of Fire & EMS,NOEMERG,2026-03-20 16:24:22-04:00,16,Friday,afternoon,1,-76.9723,39.37634
FD24013403|26005388_639096582346943987|1774053801,Carroll County Department of Fire & EMS,MEDICAL,2026-03-20 16:43:21-04:00,16,Friday,afternoon,1,-76.89445,39.40012
FD24013403|26005389_639096617026729997|1774057237,Carroll County Department of Fire & EMS,MEDICAL,2026-03-20 17:40:37-04:00,17,Friday,afternoon,2,-76.99547,39.54041
FD24013403|26005390_639096576915992261|1774056699,Carroll County Department of Fire & EMS,MEDICAL,2026-03-20 17:31:39-04:00,17,Friday,afternoon,1,-76.74976,39.56211
FD24013403|26005392_639097100936820184|1774056774,Carroll County Department of Fire & EMS,HAZSIT,2026-03-20 17:32:54-04:00,17,Friday,afternoon,1,-76.83243,39.68645
FD24013403|26005393_639096578718506163|1774056831,Carroll County Department of Fire & EMS,MEDICAL,2026-03-20 17:33:51-04:00,17,Friday,afternoon,2,-76.99547,39.54041
FD24013403|26005407_639097135809903429|1774092089,Carroll County Department of Fire & EMS,MEDICAL,2026-03-21 03:21:29-04:00,3,Saturday,overnight,1,-77.17762,39.66127
FD24013403|26005410_639097220113212010|1774095481,Carroll County Department of Fire & EMS,NOEMERG,2026-03-21 04:18:01-04:00,4,Saturday,overnight,1,-76.95404,39.40315
FD24013403|26005411_639097399512786278|1774096877,Carroll County Department of Fire & EMS,HAZSIT,2026-03-21 04:41:17-04:00,4,Saturday,overnight,1,-76.88013,39.6621
FD24013403|26005415_639097400415850463|1774100051,Carroll County Department of Fire & EMS,MEDICAL,2026-03-21 05:34:11-04:00,5,Saturday,overnight,2,-76.98005,39.54087
FD24013403|26005419_639097140621360356|1774102734,Carroll County Department of Fire & EMS,MEDICAL,2026-03-21 06:18:54-04:00,6,Saturday,morning,1,-77.16681,39.65502
FD24013403|26005431_639097224314036419|1774113642,Carroll County Department of Fire & EMS,MEDICAL,2026-03-21 09:20:42-04:00,9,Saturday,morning,1,-77.15252,39.36852
FD24013403|26005438_639097221840349678|1774120933,Carroll County Department of Fire & EMS,NOEMERG,2026-03-21 11:22:13-04:00,11,Saturday,morning,1,-76.95083,39.40404
FD24013403|26005447_639097401308773126|1774130660,Carroll County Department of Fire & EMS,NOEMERG,2026-03-21 14:04:20-04:00,14,Saturday,afternoon,1,-76.89056,39.6497
FD24013403|26005449_639097438520865305|1774131683,Carroll County Department of Fire & EMS,MEDICAL,2026-03-21 14:21:23-04:00,14,Saturday,afternoon,1,-77.28135,39.61165
FD24013403|26005460_639097402213321468|1774138825,Carroll County Department of Fire & EMS,MEDICAL,2026-03-21 16:20:25-04:00,16,Saturday,afternoon,1,-76.88555,39.66323
FD24013403|26005465_639097456815493130|1774146774,Carroll County Department of Fire & EMS,MEDICAL,2026-03-21 18:32:54-04:00,18,Saturday,evening,2,-76.99556,39.55876
FD24013403|26005466_639097484412858354|1774149556,Carroll County Department of Fire & EMS,NOEMERG,2026-03-21 19:19:16-04:00,19,Saturday,evening,1,-76.91123,39.39487
FD24013403|26005467_639097511043299617|1774151751,Carroll County Department of Fire & EMS,MEDICAL,2026-03-21 19:55:51-04:00,19,Saturday,evening,1,-77.15723,39.67125
FD24013403|26005468_639097536184737684|1774154593,Carroll County Department of Fire & EMS,MEDICAL,2026-03-21 20:43:13-04:00,20,Saturday,evening,1,-77.0334,39.59942
FD24013403|26005477_639098285368602236|1774189670,Carroll County Department of Fire & EMS,NOEMERG,2026-03-22 06:27:50-04:00,6,Sunday,morning,1,-77.00205,39.56724
FD24013403|26005485_639098730033551956|1774196590,Carroll County Department of Fire & EMS,MEDICAL,2026-03-22 08:23:10-04:00,8,Sunday,morning,1,-76.97113,39.37373
FD24013403|26005489_639098731512638674|1774199756,Carroll County Department of Fire & EMS,MEDICAL,2026-03-22 09:15:56-04:00,9,Sunday,morning,1,-76.94323,39.40232
FD24013403|26005491_639098227229122320|1774204805,Carroll County Department of Fire & EMS,MEDICAL,2026-03-22 10:40:05-04:00,10,Sunday,morning,1,-77.1813,39.66483
FD24013403|26005497_639098225687426312|1774210217,Carroll County Department of Fire & EMS,MEDICAL,2026-03-22 12:10:17-04:00,12,Sunday,afternoon,1,-77.17346,39.65953
FD24013403|26005501_639098734512211748|1774211742,Carroll County Department of Fire & EMS,MEDICAL,2026-03-22 12:35:42-04:00,12,Sunday,afternoon,1,-76.97113,39.37373
FD24013403|26005509_639098284478646326|1774218848,Carroll County Department of Fire & EMS,MEDICAL,2026-03-22 14:34:08-04:00,14,Sunday,afternoon,1,-76.85593,39.6366
FD24013403|26005512_639098224515835970|1774219537,Carroll County Department of Fire & EMS,NOEMERG,2026-03-22 14:45:37-04:00,14,Sunday,afternoon,3,-76.91965,39.70368
FD24013403|26005519_639098741418180419|1774226411,Carroll County Department of Fire & EMS,MEDICAL,2026-03-22 16:40:11-04:00,16,Sunday,afternoon,1,-77.13756,39.36969
FD24013403|26005524_639098398210058959|1774230738,Carroll County Department of Fire & EMS,HAZSIT,2026-03-22 17:52:18-04:00,17,Sunday,afternoon,1,-77.1693,39.64665
FD24013403|26005527_639098652034457833|1774235144,Carroll County Department of Fire & EMS,FIRE,2026-03-22 19:05:44-04:00,19,Sunday,evening,2,-77.10457,39.57819
FD24013403|26005550_639098716217374267|1774269396,Carroll County Department of Fire & EMS,MEDICAL,2026-03-23 04:36:36-04:00,4,Monday,overnight,1,-76.99828,39.42359
FD24013403|26005559_639099113711758439|1774276279,Carroll County Department of Fire & EMS,MEDICAL,2026-03-23 06:31:19-04:00,6,Monday,morning,1,-76.99847,39.58064
FD24013403|26005568_639099115229695814|1774287608,Carroll County Department of Fire & EMS,MEDICAL,2026-03-23 09:40:08-04:00,9,Monday,morning,1,-77.15452,39.65745
FD24013403|26005573_639099117016014778|1774299016,Carroll County Department of Fire & EMS,MEDICAL,2026-03-23 12:50:16-04:00,12,Monday,afternoon,1,-77.15872,39.66002
FD24013403|26005576_639106415411659200|1774303895,Carroll County Department of Fire & EMS,MEDICAL,2026-03-23 14:11:35-04:00,14,Monday,afternoon,1,-76.99938,39.62705
FD24013403|26005579_639099174946828218|1774302800,Carroll County Department of Fire & EMS,MEDICAL,2026-03-23 13:53:20-04:00,13,Monday,afternoon,1,-77.17128,39.69968
FD24013403|26005583_639099156971780348|1774306784,Carroll County Department of Fire & EMS,MEDICAL,2026-03-23 14:59:44-04:00,14,Monday,afternoon,1,-76.84676,39.65334
FD24013403|26005588_639099158075151976|1774312847,Carroll County Department of Fire & EMS,MEDICAL,2026-03-23 16:40:47-04:00,16,Monday,afternoon,1,-76.92792,39.67495
FD24013403|26005591_639099858031382257|1774315431,Carroll County Department of Fire & EMS,MEDICAL,2026-03-23 17:23:51-04:00,17,Monday,afternoon,1,-77.20004,39.60448
FD24013403|26005607_639099752121043114|1774353613,Carroll County Department of Fire & EMS,MEDICAL,2026-03-24 04:00:13-04:00,4,Tuesday,overnight,1,-77.07207,39.60295
FD24013403|26005634_639099759259462347|1774377736,Carroll County Department of Fire & EMS,NOEMERG,2026-03-24 10:42:16-04:00,10,Tuesday,morning,1,-76.93478,39.62322
FD24013403|26005637_639099779117634758|1774379537,Carroll County Department of Fire & EMS,NOEMERG,2026-03-24 11:12:17-04:00,11,Tuesday,morning,1,-77.0224,39.56716
FD24013403|26005639_639099790840974741|1774381783,Carroll County Department of Fire & EMS,MEDICAL,2026-03-24 11:49:43-04:00,11,Tuesday,morning,2,-76.99132,39.5689
FD24013403|26005642_639099827591221003|1774383937,Carroll County Department of Fire & EMS,MEDICAL,2026-03-24 12:25:37-04:00,12,Tuesday,afternoon,1,-76.91878,39.64249
FD24013403|26005646_639100077337604049|1774386613,Carroll County Department of Fire & EMS,HAZSIT,2026-03-24 13:10:13-04:00,13,Tuesday,afternoon,1,-77.0918,39.62009
FD24013403|26005650_639100078509119315|1774389669,Carroll County Department of Fire & EMS,NOEMERG,2026-03-24 14:01:09-04:00,14,Tuesday,afternoon,1,-76.98472,39.55895
FD24013403|26005654_639100083012814365|1774399631,Carroll County Department of Fire & EMS,MEDICAL,2026-03-24 16:47:11-04:00,16,Tuesday,afternoon,1,-77.15252,39.36852
FD24013403|26005661_639100100709403540|1774407026,Carroll County Department of Fire & EMS,MEDICAL,2026-03-24 18:50:26-04:00,18,Tuesday,evening,1,-77.16457,39.3633
FD24013403|26005666_639100264208141498|1774420121,Carroll County Department of Fire & EMS,NOEMERG,2026-03-24 22:28:41-04:00,22,Tuesday,evening,1,-76.99563,39.58862
FD24013403|26005668_639100266930875239|1774426813,Carroll County Department of Fire & EMS,MEDICAL,2026-03-25 00:20:13-04:00,0,Wednesday,overnight,1,-76.92088,39.521
FD24013403|26005673_639100507527583896|1774442860,Carroll County Department of Fire & EMS,MEDICAL,2026-03-25 04:47:40-04:00,4,Wednesday,overnight,1,-76.97448,39.56731
FD24013403|26005676_639100506051417450|1774447981,Carroll County Department of Fire & EMS,MEDICAL,2026-03-25 06:13:01-04:00,6,Wednesday,morning,2,-77.00947,39.58225
FD24013403|26005698_639100920317601192|1774468429,Carroll County Department of Fire & EMS,MEDICAL,2026-03-25 11:53:49-04:00,11,Wednesday,morning,1,-76.9778,39.5828
FD24013403|26005700_639100801820909572|1774470438,Carroll County Department of Fire & EMS,MEDICAL,2026-03-25 12:27:18-04:00,12,Wednesday,afternoon,1,-77.03708,39.59663
FD24013403|26005713_639100921222550396|1774489129,Carroll County Department of Fire & EMS,MEDICAL,2026-03-25 17:38:49-04:00,17,Wednesday,afternoon,1,-76.91403,39.63035
FD24013403|26005719_639101030105926043|1774497638,Carroll County Department of Fire & EMS,MEDICAL,2026-03-25 20:00:38-04:00,20,Wednesday,evening,1,-76.91049,39.5242
FD24013403|26005721_639101014743867222|1774500664,Carroll County Department of Fire & EMS,MEDICAL,2026-03-25 20:51:04-04:00,20,Wednesday,evening,1,-77.15701,39.6416
FD24013403|26005722_639101056808146603|1774505040,Carroll County Department of Fire & EMS,MEDICAL,2026-03-25 22:04:00-04:00,22,Wednesday,evening,1,-76.90485,39.5746
FD24013403|26005725_639103780207620119|1774511651,Carroll County Department of Fire & EMS,MEDICAL,2026-03-25 23:54:11-04:00,23,Wednesday,evening,1,-76.98645,39.52565
FD24013403|26005734_639101675112661105|1774530930,Carroll County Department of Fire & EMS,MEDICAL,2026-03-26 05:15:30-04:00,5,Thursday,overnight,1,-77.17199,39.66077
FD24013403|26005741_639101656794724433|1774542119,Carroll County Department of Fire & EMS,MEDICAL,2026-03-26 08:21:59-04:00,8,Thursday,morning,1,-76.93091,39.53892
FD24013403|26005743_639102086707210202|1774545994,Carroll County Department of Fire & EMS,MEDICAL,2026-03-26 09:26:34-04:00,9,Thursday,morning,1,-77.10988,39.57181
FD24013403|26005745_639101676026077843|1774545737,Carroll County Department of Fire & EMS,MEDICAL,2026-03-26 09:22:17-04:00,9,Thursday,morning,1,-76.99407,39.56491
FD24013403|26005748_639101659815263177|1774548283,Carroll County Department of Fire & EMS,HAZSIT,2026-03-26 10:04:43-04:00,10,Thursday,morning,3,-77.01754,39.54933
FD24013403|26005788_639102186913836040|1774611064,Carroll County Department of Fire & EMS,MEDICAL,2026-03-27 03:31:04-04:00,3,Friday,overnight,1,-76.83211,39.61174
FD24013403|26005820_639103334715430117|1774651517,Carroll County Department of Fire & EMS,MEDICAL,2026-03-27 14:45:17-04:00,14,Friday,afternoon,1,-77.15104,39.70585
FD24013403|26005831_639105649836228690|1774679321,Carroll County Department of Fire & EMS,MEDICAL,2026-03-27 22:28:41-04:00,22,Friday,evening,1,-77.08344,39.43179
FD24013403|26005835_639105647715399303|1774690744,Carroll County Department of Fire & EMS,MEDICAL,2026-03-28 01:39:04-04:00,1,Saturday,overnight,1,-77.03261,39.46146
FD24013403|26005851_639103485012452462|1774719428,Carroll County Department of Fire & EMS,MEDICAL,2026-03-28 09:37:08-04:00,9,Saturday,morning,1,-77.1531,39.51602
FD24013403|26005854_639103541955263566|1774719775,Carroll County Department of Fire & EMS,MEDICAL,2026-03-28 09:42:55-04:00,9,Saturday,morning,1,-77.03174,39.58118
FD24013403|26005858_639103219769926658|1774724592,Carroll County Department of Fire & EMS,NOEMERG,2026-03-28 11:03:12-04:00,11,Saturday,morning,1,-76.99175,39.58121
FD24013403|26005866_639103617525186062|1774734292,Carroll County Department of Fire & EMS,MEDICAL,2026-03-28 13:44:52-04:00,13,Saturday,afternoon,1,-76.96263,39.39117
FD24013403|26005872_639103628357713765|1774739540,Carroll County Department of Fire & EMS,MEDICAL,2026-03-28 15:12:20-04:00,15,Saturday,afternoon,1,-76.96114,39.41316
FD24013403|26005873_639103543508792826|1774740167,Carroll County Department of Fire & EMS,MEDICAL,2026-03-28 15:22:47-04:00,15,Saturday,afternoon,1,-77.22035,39.59484
FD24013403|26005880_639103540510455645|1774751822,Carroll County Department of Fire & EMS,MEDICAL,2026-03-28 18:37:02-04:00,18,Saturday,evening,2,-77.02341,39.58252
FD24013403|26005882_639104762428809196|1774754278,Carroll County Department of Fire & EMS,FIRE,2026-03-28 19:17:58-04:00,19,Saturday,evening,2,-76.96914,39.49633
FD24013403|26005900_639103926010755559|1774791685,Carroll County Department of Fire & EMS,MEDICAL,2026-03-29 05:41:25-04:00,5,Sunday,overnight,1,-76.98604,39.57559
FD24013403|26005902_639104041208950625|1774798878,Carroll County Department of Fire & EMS,RESCUE,2026-03-29 07:41:18-04:00,7,Sunday,morning,2,-76.93233,39.44228
FD24013403|26005915_639104087044438357|1774809110,Carroll County Department of Fire & EMS,FIRE,2026-03-29 10:31:50-04:00,10,Sunday,morning,2,-76.99588,39.57723
FD24013403|26005919_639104266523199814|1774810954,Carroll County Department of Fire & EMS,MEDICAL,2026-03-29 11:02:34-04:00,11,Sunday,morning,1,-76.85639,39.64374
FD24013403|26005932_639104268019352888|1774826112,Carroll County Department of Fire & EMS,HAZSIT,2026-03-29 15:15:12-04:00,15,Sunday,afternoon,2,-76.98726,39.58618
FD24013403|26005935_639104301309856279|1774830821,Carroll County Department of Fire & EMS,MEDICAL,2026-03-29 16:33:41-04:00,16,Sunday,afternoon,1,-76.88674,39.66049
FD24013403|26005951_639104929218005494|1774861262,Carroll County Department of Fire & EMS,MEDICAL,2026-03-30 01:01:02-04:00,1,Monday,overnight,1,-77.10351,39.64217
FD24013403|26005954_639107063714454416|1774866010,Carroll County Department of Fire & EMS,MEDICAL,2026-03-30 02:20:10-04:00,2,Monday,overnight,1,-76.97113,39.37373
FD24013403|26005965_639105200068053204|1774880473,Carroll County Department of Fire & EMS,MEDICAL,2026-03-30 06:21:13-04:00,6,Monday,morning,1,-76.98362,39.57573
FD24013403|26005967_639107067306235030|1774881224,Carroll County Department of Fire & EMS,MEDICAL,2026-03-30 06:33:44-04:00,6,Monday,morning,1,-76.99547,39.54041
FD24013403|26005974_639107074462683210|1774888327,Carroll County Department of Fire & EMS,MEDICAL,2026-03-30 08:32:07-04:00,8,Monday,morning,1,-76.99227,39.53902
FD24013403|26005975_639105198821632548|1774888879,Carroll County Department of Fire & EMS,MEDICAL,2026-03-30 08:41:19-04:00,8,Monday,morning,1,-76.99184,39.56889
FD24013403|26005976_639105494317777657|1774889125,Carroll County Department of Fire & EMS,MEDICAL,2026-03-30 08:45:25-04:00,8,Monday,morning,1,-77.01021,39.57737
FD24013403|26005980_639107078112203603|1774891025,Carroll County Department of Fire & EMS,MEDICAL,2026-03-30 09:17:05-04:00,9,Monday,morning,1,-76.93422,39.3966
FD24013403|26005989_639106417513929527|1774897633,Carroll County Department of Fire & EMS,HAZSIT,2026-03-30 11:07:13-04:00,11,Monday,morning,3,-76.99282,39.57184
FD24013403|26005993_639111753821771721|1774899687,Carroll County Department of Fire & EMS,MEDICAL,2026-03-30 11:41:27-04:00,11,Monday,morning,2,-77.0212,39.53337
FD24013403|26005995_639107081707731859|1774902799,Carroll County Department of Fire & EMS,MEDICAL,2026-03-30 12:33:19-04:00,12,Monday,afternoon,1,-77.02595,39.41912
FD24013403|26005999_639105194708857619|1774905554,Carroll County Department of Fire & EMS,MEDICAL,2026-03-30 13:19:14-04:00,13,Monday,afternoon,1,-76.8787,39.65407
FD24013403|26006006_639105194367044870|1774914960,Carroll County Department of Fire & EMS,NOEMERG,2026-03-30 15:56:00-04:00,15,Monday,afternoon,1,-76.98504,39.56434
FD24013403|26006020_639107085107754287|1774939229,Carroll County Department of Fire & EMS,MEDICAL,2026-03-30 22:40:29-04:00,22,Monday,evening,1,-77.1502,39.37147
FD24013403|26006029_639106776317103487|1774957481,Carroll County Department of Fire & EMS,MEDICAL,2026-03-31 03:44:41-04:00,3,Tuesday,overnight,1,-76.90479,39.69815
FD24013403|26006030_639105990018672911|1774958723,Carroll County Department of Fire & EMS,MEDICAL,2026-03-31 04:05:23-04:00,4,Tuesday,overnight,1,-77.04743,39.45871
FD24013403|26006032_639106048528778934|1774958436,Carroll County Department of Fire & EMS,MEDICAL,2026-03-31 04:00:36-04:00,4,Tuesday,overnight,1,-77.08482,39.68415
FD24013403|26006043_639106778126598670|1774973045,Carroll County Department of Fire & EMS,MEDICAL,2026-03-31 08:04:05-04:00,8,Tuesday,morning,1,-76.85466,39.7637
FD24013403|26006046_639106048515745072|1774974204,Carroll County Department of Fire & EMS,MEDICAL,2026-03-31 08:23:24-04:00,8,Tuesday,morning,1,-77.15386,39.64162
FD24013403|26006047_639106419311973595|1774975102,Carroll County Department of Fire & EMS,MEDICAL,2026-03-31 08:38:22-04:00,8,Tuesday,morning,2,-76.93113,39.53878
FD24013403|26006063_639105989113064555|1774989016,Carroll County Department of Fire & EMS,MEDICAL,2026-03-31 12:30:16-04:00,12,Tuesday,afternoon,2,-77.00614,39.43163
FD24013403|26006072_639105988508781386|1774999091,Carroll County Department of Fire & EMS,MEDICAL,2026-03-31 15:18:11-04:00,15,Tuesday,afternoon,1,-77.11238,39.53628
FD24013403|26006074_639106117812022564|1775003160,Carroll County Department of Fire & EMS,MEDICAL,2026-03-31 16:26:00-04:00,16,Tuesday,afternoon,1,-76.91659,39.41572
FD24013403|26006084_639106462532401721|1775025643,Carroll County Department of Fire & EMS,MEDICAL,2026-03-31 22:40:43-04:00,22,Tuesday,evening,1,-76.98825,39.55833
FD24013403|26006088_639106463715451276|1775036386,Carroll County Department of Fire & EMS,MEDICAL,2026-04-01 01:39:46-04:00,1,Wednesday,overnight,2,-77.11695,39.47711
FD24013403|26006099_639106867209330117|1775055042,Carroll County Department of Fire & EMS,NOEMERG,2026-04-01 06:50:42-04:00,6,Wednesday,morning,1,-76.94998,39.40586
FD24013403|26006115_639106723210667706|1775072803,Carroll County Department of Fire & EMS,PUBSERV,2026-04-01 11:46:43-04:00,11,Wednesday,morning,1,-77.18023,39.67106
FD24013403|26006119_639106865414064942|1775074135,Carroll County Department of Fire & EMS,MEDICAL,2026-04-01 12:08:55-04:00,12,Wednesday,afternoon,1,-76.97038,39.4475
FD24013403|26006121_639106858979538655|1775075710,Carroll County Department of Fire & EMS,FIRE,2026-04-01 12:35:10-04:00,12,Wednesday,afternoon,3,-77.0736,39.37181
FD24013403|26006150_639106998916415637|1775098274,Carroll County Department of Fire & EMS,MEDICAL,2026-04-01 18:51:14-04:00,18,Wednesday,evening,1,-76.87862,39.50543
FD24013403|26006163_639107343557189269|1775128970,Carroll County Department of Fire & EMS,MEDICAL,2026-04-02 03:22:50-04:00,3,Thursday,overnight,1,-76.98609,39.41698
FD24013403|26006165_639107471736263825|1775131812,Carroll County Department of Fire & EMS,MEDICAL,2026-04-02 04:10:12-04:00,4,Thursday,overnight,1,-76.88771,39.66495
FD24013403|26006169_639107536508683982|1775139405,Carroll County Department of Fire & EMS,MEDICAL,2026-04-02 06:16:45-04:00,6,Thursday,morning,1,-76.84312,39.60371
FD24013403|26006173_639107525755491190|1775142184,Carroll County Department of Fire & EMS,MEDICAL,2026-04-02 07:03:04-04:00,7,Thursday,morning,1,-76.92102,39.40459
FD24013403|26006177_639107538008627570|1775146880,Carroll County Department of Fire & EMS,MEDICAL,2026-04-02 08:21:20-04:00,8,Thursday,morning,1,-76.83132,39.55777
FD24013403|26006178_639107652634166644|1775147183,Carroll County Department of Fire & EMS,MEDICAL,2026-04-02 08:26:23-04:00,8,Thursday,morning,1,-77.17686,39.56772
FD24013403|26006181_639107538921298638|1775150413,Carroll County Department of Fire & EMS,MEDICAL,2026-04-02 09:20:13-04:00,9,Thursday,morning,1,-76.85703,39.59795
FD24013403|26006194_639108107116741082|1775165452,Carroll County Department of Fire & EMS,MEDICAL,2026-04-02 13:30:52-04:00,13,Thursday,afternoon,1,-76.99725,39.57646
FD24013403|26006195_639107653209361696|1775166733,Carroll County Department of Fire & EMS,MEDICAL,2026-04-02 13:52:13-04:00,13,Thursday,afternoon,2,-77.03211,39.56064
FD24013403|26006197_639107765410312805|1775171137,Carroll County Department of Fire & EMS,MEDICAL,2026-04-02 15:05:37-04:00,15,Thursday,afternoon,3,-76.95673,39.37236
FD24013403|26006198_639108108025600470|1775171416,Carroll County Department of Fire & EMS,MEDICAL,2026-04-02 15:10:16-04:00,15,Thursday,afternoon,2,-76.99859,39.57566
FD24013403|26006223_639108658773668994|1775215587,Carroll County Department of Fire & EMS,MEDICAL,2026-04-03 03:26:27-04:00,3,Friday,overnight,1,-76.97276,39.57014
FD24013403|26006242_639108657792911588|1775247081,Carroll County Department of Fire & EMS,NOEMERG,2026-04-03 12:11:21-04:00,12,Friday,afternoon,1,-76.91703,39.5191
FD24013403|26006249_639108646223236837|1775253156,Carroll County Department of Fire & EMS,MEDICAL,2026-04-03 13:52:36-04:00,13,Friday,afternoon,1,-76.93224,39.43953
FD24013403|26006256_639108645612581277|1775263153,Carroll County Department of Fire & EMS,MEDICAL,2026-04-03 16:39:13-04:00,16,Friday,afternoon,1,-76.9603,39.38631
FD24013403|26006257_639108645319372621|1775263537,Carroll County Department of Fire & EMS,MEDICAL,2026-04-03 16:45:37-04:00,16,Friday,afternoon,1,-76.97112,39.37373
FD24013403|26006262_639108673428284383|1775268425,Carroll County Department of Fire & EMS,NOEMERG,2026-04-03 18:07:05-04:00,18,Friday,evening,1,-77.06594,39.71491
FD24013403|26006282_639110266210050039|1775314048,Carroll County Department of Fire & EMS,MEDICAL,2026-04-04 06:47:28-04:00,6,Saturday,morning,1,-76.99252,39.53657
FD24013403|26006294_639111160543867090|1775327197,Carroll County Department of Fire & EMS,MEDICAL,2026-04-04 10:26:37-04:00,10,Saturday,morning,1,-76.96217,39.49085
FD24013403|26006295_639109585228871554|1775329296,Carroll County Department of Fire & EMS,MEDICAL,2026-04-04 11:01:36-04:00,11,Saturday,morning,1,-77.16093,39.64085
FD24013403|26006303_639109367420150498|1775337595,Carroll County Department of Fire & EMS,MEDICAL,2026-04-04 13:19:55-04:00,13,Saturday,afternoon,1,-76.87492,39.68926
FD24013403|26006312_639111168923907937|1775344602,Carroll County Department of Fire & EMS,MEDICAL,2026-04-04 15:16:42-04:00,15,Saturday,afternoon,1,-77.09792,39.48105
FD24013403|26006315_639109501127825772|1775346281,Carroll County Department of Fire & EMS,HAZSIT,2026-04-04 15:44:41-04:00,15,Saturday,afternoon,2,-76.93189,39.63533
FD24013403|26006316_639109584907369153|1775346548,Carroll County Department of Fire & EMS,MEDICAL,2026-04-04 15:49:08-04:00,15,Saturday,afternoon,1,-77.16769,39.67368
FD24013403|26006321_639109584605404338|1775350285,Carroll County Department of Fire & EMS,MEDICAL,2026-04-04 16:51:25-04:00,16,Saturday,afternoon,1,-77.21748,39.64551
FD24013403|26006322_639111173412105604|1775350502,Carroll County Department of Fire & EMS,MEDICAL,2026-04-04 16:55:02-04:00,16,Saturday,afternoon,1,-77.01375,39.46657
FD24013403|26006327_639109583710360247|1775356870,Carroll County Department of Fire & EMS,NOEMERG,2026-04-04 18:41:10-04:00,18,Saturday,evening,2,-77.0474,39.62918
FD24013403|26006331_639109583626222128|1775358011,Carroll County Department of Fire & EMS,MEDICAL,2026-04-04 19:00:11-04:00,19,Saturday,evening,1,-77.17138,39.65611
FD24013403|26006332_639109624980040284|1775363260,Carroll County Department of Fire & EMS,MEDICAL,2026-04-04 20:27:40-04:00,20,Saturday,evening,1,-76.8877,39.66494
FD24013403|26006341_639110013009332104|1775396182,Carroll County Department of Fire & EMS,HAZSIT,2026-04-05 05:36:22-04:00,5,Sunday,overnight,1,-77.22765,39.5966
FD24013403|26006348_639110013905869234|1775401513,Carroll County Department of Fire & EMS,MEDICAL,2026-04-05 07:05:13-04:00,7,Sunday,morning,1,-77.15617,39.64362
FD24013403|26006371_639110284133855579|1775430195,Carroll County Department of Fire & EMS,MEDICAL,2026-04-05 15:03:15-04:00,15,Sunday,afternoon,2,-76.97841,39.58101
FD24013403|26006376_639110719210219446|1775433147,Carroll County Department of Fire & EMS,MEDICAL,2026-04-05 15:52:27-04:00,15,Sunday,afternoon,1,-76.97582,39.37815
FD24013403|26006380_639110448285233053|1775438125,Carroll County Department of Fire & EMS,HAZSIT,2026-04-05 17:15:25-04:00,17,Sunday,afternoon,3,-76.98834,39.54359
FD24013403|26006381_639110383845938702|1775438624,Carroll County Department of Fire & EMS,MEDICAL,2026-04-05 17:23:44-04:00,17,Sunday,afternoon,1,-76.88593,39.5692
FD24013403|26006393_639110719811779084|1775465070,Carroll County Department of Fire & EMS,MEDICAL,2026-04-06 00:44:30-04:00,0,Monday,overnight,1,-76.99085,39.45296
FD24013403|26006400_639111262210873090|1775474991,Carroll County Department of Fire & EMS,MEDICAL,2026-04-06 03:29:51-04:00,3,Monday,overnight,1,-76.87872,39.68619
FD24013403|26006403_639110754618162806|1775474936,Carroll County Department of Fire & EMS,MEDICAL,2026-04-06 03:28:56-04:00,3,Monday,overnight,1,-77.17584,39.66024
FD24013403|26006404_639111263113424821|1775476971,Carroll County Department of Fire & EMS,MEDICAL,2026-04-06 04:02:51-04:00,4,Monday,overnight,1,-76.8877,39.66494
FD24013403|26006407_639111264308345834|1775478522,Carroll County Department of Fire & EMS,MEDICAL,2026-04-06 04:28:42-04:00,4,Monday,overnight,1,-76.8899,39.68647
FD24013403|26006415_639111069295745243|1775483766,Carroll County Department of Fire & EMS,MEDICAL,2026-04-06 05:56:06-04:00,5,Monday,overnight,1,-77.16783,39.67422
FD24013403|26006431_639110967313590917|1775498100,Carroll County Department of Fire & EMS,NOEMERG,2026-04-06 09:55:00-04:00,9,Monday,morning,2,-77.01863,39.38939
FD24013403|26006433_639111265135636287|1775498694,Carroll County Department of Fire & EMS,MEDICAL,2026-04-06 10:04:54-04:00,10,Monday,morning,1,-76.98104,39.57293
FD24013403|26006443_639111265833189997|1775506932,Carroll County Department of Fire & EMS,MEDICAL,2026-04-06 12:22:12-04:00,12,Monday,afternoon,1,-76.99982,39.57511
FD24013403|26006449_639111267013879372|1775509801,Carroll County Department of Fire & EMS,MEDICAL,2026-04-06 13:10:01-04:00,13,Monday,afternoon,1,-76.99134,39.5717
FD24013403|26006451_639111267919787966|1775510565,Carroll County Department of Fire & EMS,MEDICAL,2026-04-06 13:22:45-04:00,13,Monday,afternoon,1,-76.9956,39.57254
FD24013403|26006452_639111124991882616|1775514017,Carroll County Department of Fire & EMS,MEDICAL,2026-04-06 14:20:17-04:00,14,Monday,afternoon,1,-76.99641,39.49126
FD24013403|26006456_639111182337263641|1775516579,Carroll County Department of Fire & EMS,MEDICAL,2026-04-06 15:02:59-04:00,15,Monday,afternoon,1,-77.07378,39.47039
FD24013403|26006457_639111268573726190|1775517139,Carroll County Department of Fire & EMS,MEDICAL,2026-04-06 15:12:19-04:00,15,Monday,afternoon,1,-77.01807,39.57982
FD24013403|26006459_639111270013061997|1775518715,Carroll County Department of Fire & EMS,MEDICAL,2026-04-06 15:38:35-04:00,15,Monday,afternoon,1,-77.00006,39.57384
FD24013403|26006467_639111242112069794|1775525661,Carroll County Department of Fire & EMS,PUBSERV,2026-04-06 17:34:21-04:00,17,Monday,afternoon,1,-77.16057,39.65674
FD24013403|26006470_639111305707694074|1775531809,Carroll County Department of Fire & EMS,MEDICAL,2026-04-06 19:16:49-04:00,19,Monday,evening,1,-77.17442,39.56947
FD24013403|26006486_639111752408233741|1775569861,Carroll County Department of Fire & EMS,RESCUE,2026-04-07 05:51:01-04:00,5,Tuesday,overnight,2,-77.05473,39.54819
FD24013403|26006495_639111864018790477|1775576248,Carroll County Department of Fire & EMS,MEDICAL,2026-04-07 07:37:28-04:00,7,Tuesday,morning,2,-77.17772,39.56924
FD24013403|26006508_639111864608557582|1775585728,Carroll County Department of Fire & EMS,NOEMERG,2026-04-07 10:15:28-04:00,10,Tuesday,morning,1,-77.2202,39.61208
FD24013403|26006511_639112079119709416|1775592719,Carroll County Department of Fire & EMS,NOEMERG,2026-04-07 12:11:59-04:00,12,Tuesday,afternoon,3,-76.80851,39.67099
FD24013403|26006512_639112119349714614|1775592902,Carroll County Department of Fire & EMS,FIRE,2026-04-07 12:15:02-04:00,12,Tuesday,afternoon,1,-77.00212,39.68803
FD24013403|26006539_639112953841089191|1775657386,Carroll County Department of Fire & EMS,NOEMERG,2026-04-08 06:09:46-04:00,6,Wednesday,morning,1,-77.14738,39.37871
FD24013403|26006544_639113500177789550|1775660371,Carroll County Department of Fire & EMS,MEDICAL,2026-04-08 06:59:31-04:00,6,Wednesday,morning,1,-76.99277,39.56443
FD24013403|26006548_639112717467852317|1775669814,Carroll County Department of Fire & EMS,MEDICAL,2026-04-08 09:36:54-04:00,9,Wednesday,morning,1,-77.15711,39.6417
FD24013403|26006549_639112717228749927|1775671581,Carroll County Department of Fire & EMS,MEDICAL,2026-04-08 10:06:21-04:00,10,Wednesday,morning,1,-77.15889,39.64791
FD24013403|26006550_639112717509720224|1775672570,Carroll County Department of Fire & EMS,MEDICAL,2026-04-08 10:22:50-04:00,10,Wednesday,morning,1,-77.11191,39.62748
FD24013403|26006564_639112953564194144|1775682325,Carroll County Department of Fire & EMS,NOEMERG,2026-04-08 13:05:25-04:00,13,Wednesday,afternoon,1,-76.9489,39.39277
FD24013403|26006568_639113503823564738|1775687087,Carroll County Department of Fire & EMS,MEDICAL,2026-04-08 14:24:47-04:00,14,Wednesday,afternoon,1,-76.85486,39.61034
FD24013403|26006569_639112954209518907|1775687231,Carroll County Department of Fire & EMS,MEDICAL,2026-04-08 14:27:11-04:00,14,Wednesday,afternoon,1,-77.16453,39.38006
FD24013403|26006585_639123819010577835|1775725665,Carroll County Department of Fire & EMS,MEDICAL,2026-04-09 01:07:45-04:00,1,Thursday,overnight,1,-77.14585,39.35743
FD24013403|26006587_639113607575160942|1775733641,Carroll County Department of Fire & EMS,MEDICAL,2026-04-09 03:20:41-04:00,3,Thursday,overnight,1,-76.99114,39.42468
FD24013403|26006596_639113670848382483|1775740564,Carroll County Department of Fire & EMS,MEDICAL,2026-04-09 05:16:04-04:00,5,Thursday,overnight,1,-77.05137,39.46808
FD24013403|26006599_639113445914314873|1775742142,Carroll County Department of Fire & EMS,MEDICAL,2026-04-09 05:42:22-04:00,5,Thursday,overnight,1,-76.99479,39.5888
FD24013403|26006603_639113696722526182|1775745821,Carroll County Department of Fire & EMS,MEDICAL,2026-04-09 06:43:41-04:00,6,Thursday,morning,1,-76.99211,39.54512
FD24013403|26006608_639113628308850811|1775751052,Carroll County Department of Fire & EMS,MEDICAL,2026-04-09 08:10:52-04:00,8,Thursday,morning,1,-77.163,39.73132
FD24013403|26006610_639113593565973172|1775753396,Carroll County Department of Fire & EMS,MEDICAL,2026-04-09 08:49:56-04:00,8,Thursday,morning,2,-77.16342,39.64703
FD24013403|26006634_639113906340083574|1775776337,Carroll County Department of Fire & EMS,MEDICAL,2026-04-09 15:12:17-04:00,15,Thursday,afternoon,1,-77.15307,39.65949
FD24013403|26006640_639113878664953918|1775779734,Carroll County Department of Fire & EMS,MEDICAL,2026-04-09 16:08:54-04:00,16,Thursday,afternoon,1,-76.96244,39.37065
FD24013403|26006658_639114615316418466|1775827610,Carroll County Department of Fire & EMS,MEDICAL,2026-04-10 05:26:50-04:00,5,Friday,overnight,1,-76.85631,39.60655
FD24013403|26006667_639114442814426651|1775837233,Carroll County Department of Fire & EMS,MEDICAL,2026-04-10 08:07:13-04:00,8,Friday,morning,1,-76.96626,39.41544
FD24013403|26006685_639114730831042909|1775855468,Carroll County Department of Fire & EMS,MEDICAL,2026-04-10 13:11:08-04:00,13,Friday,afternoon,1,-77.15765,39.3736
FD24013403|26006691_639114773731579288|1775867762,Carroll County Department of Fire & EMS,HAZSIT,2026-04-10 16:36:02-04:00,16,Friday,afternoon,2,-77.00471,39.57231
FD24013403|26006694_639114732823981726|1775870152,Carroll County Department of Fire & EMS,HAZSIT,2026-04-10 17:15:52-04:00,17,Friday,afternoon,2,-77.05098,39.41483
FD24013403|26006698_639115032636364758|1775878782,Carroll County Department of Fire & EMS,MEDICAL,2026-04-10 19:39:42-04:00,19,Friday,evening,1,-77.02599,39.58065
FD24013403|26006705_639114949234039626|1775895227,Carroll County Department of Fire & EMS,NOEMERG,2026-04-11 00:13:47-04:00,0,Saturday,overnight,1,-77.13039,39.55141
FD24013403|26006707_639115590637793583|1775903965,Carroll County Department of Fire & EMS,MEDICAL,2026-04-11 02:39:25-04:00,2,Saturday,overnight,1,-76.8733,39.69589
FD24013403|26006711_639115613734759386|1775910481,Carroll County Department of Fire & EMS,MEDICAL,2026-04-11 04:28:01-04:00,4,Saturday,overnight,1,-77.1419,39.39339
FD24013403|26006715_639115277906650648|1775921382,Carroll County Department of Fire & EMS,NOEMERG,2026-04-11 07:29:42-04:00,7,Saturday,morning,1,-77.15855,39.64717
FD24013403|26006719_639115279108260744|1775923106,Carroll County Department of Fire & EMS,MEDICAL,2026-04-11 07:58:26-04:00,7,Saturday,morning,1,-77.16203,39.66143
FD24013403|26006723_639115617612703141|1775926001,Carroll County Department of Fire & EMS,FIRE,2026-04-11 08:46:41-04:00,8,Saturday,morning,1,-77.00643,39.45171
FD24013403|26006732_639115611624760239|1775932135,Carroll County Department of Fire & EMS,MEDICAL,2026-04-11 10:28:55-04:00,10,Saturday,morning,1,-76.93739,39.39236
FD24013403|26006738_639115591734466244|1775935871,Carroll County Department of Fire & EMS,NOEMERG,2026-04-11 11:31:11-04:00,11,Saturday,morning,1,-76.99948,39.60153
FD24013403|26006742_639115502418928443|1775938456,Carroll County Department of Fire & EMS,MEDICAL,2026-04-11 12:14:16-04:00,12,Saturday,afternoon,1,-77.16393,39.64632
FD24013403|26006748_639115575615623942|1775942176,Carroll County Department of Fire & EMS,MEDICAL,2026-04-11 13:16:16-04:00,13,Saturday,afternoon,2,-77.04854,39.67056
FD24013403|26006758_639115852507859113|1775965807,Carroll County Department of Fire & EMS,FIRE,2026-04-11 19:50:07-04:00,19,Saturday,evening,2,-76.88989,39.49243
FD24013403|26006767_639116016908769664|1775998870,Carroll County Department of Fire & EMS,MEDICAL,2026-04-12 05:01:10-04:00,5,Sunday,overnight,1,-77.12283,39.45033
FD24013403|26006768_639116016229099807|1776001090,Carroll County Department of Fire & EMS,MEDICAL,2026-04-12 05:38:10-04:00,5,Sunday,overnight,1,-77.04365,39.41589
FD24013403|26006771_639118828514178382|1776006791,Carroll County Department of Fire & EMS,NOEMERG,2026-04-12 07:13:11-04:00,7,Sunday,morning,1,-77.04296,39.68201
FD24013403|26006783_639116455436070420|1776016026,Carroll County Department of Fire & EMS,MEDICAL,2026-04-12 09:47:06-04:00,9,Sunday,morning,1,-77.09372,39.44682
FD24013403|26006789_639116237119548233|1776018860,Carroll County Department of Fire & EMS,MEDICAL,2026-04-12 10:34:20-04:00,10,Sunday,morning,1,-76.8877,39.66494
FD24013403|26006800_639116982029380217|1776030674,Carroll County Department of Fire & EMS,HAZSIT,2026-04-12 13:51:14-04:00,13,Sunday,afternoon,1,-76.99918,39.58288
FD24013403|26006805_639116302811942796|1776032172,Carroll County Department of Fire & EMS,NOEMERG,2026-04-12 14:16:12-04:00,14,Sunday,afternoon,1,-77.1538,39.37142
FD24013403|26006810_639116447053810468|1776038220,Carroll County Department of Fire & EMS,MEDICAL,2026-04-12 15:57:00-04:00,15,Sunday,afternoon,1,-77.11147,39.42899
FD24013403|26006811_639116374740053919|1776038775,Carroll County Department of Fire & EMS,NOEMERG,2026-04-12 16:06:15-04:00,16,Sunday,afternoon,1,-76.97094,39.56094
FD24013403|26006830_639117095729384890|1776082778,Carroll County Department of Fire & EMS,MEDICAL,2026-04-13 04:19:38-04:00,4,Monday,overnight,1,-77.1766,39.65889
FD24013403|26006833_639116842508204735|1776085152,Carroll County Department of Fire & EMS,NOEMERG,2026-04-13 04:59:12-04:00,4,Monday,overnight,1,-76.95155,39.39646
FD24013403|26006850_639117275710772099|1776102320,Carroll County Department of Fire & EMS,MEDICAL,2026-04-13 09:45:20-04:00,9,Monday,morning,1,-77.04343,39.44313
FD24013403|26006851_639117279016215384|1776103257,Carroll County Department of Fire & EMS,MEDICAL,2026-04-13 10:00:57-04:00,10,Monday,morning,1,-77.05424,39.43465
FD24013403|26006853_639117096014185162|1776104178,Carroll County Department of Fire & EMS,MEDICAL,2026-04-13 10:16:18-04:00,10,Monday,morning,1,-77.16601,39.65426
FD24013403|26006855_639117281979712096|1776107787,Carroll County Department of Fire & EMS,NOEMERG,2026-04-13 11:16:27-04:00,11,Monday,morning,3,-76.96105,39.38259
FD24013403|26006861_639117283218805737|1776113838,Carroll County Department of Fire & EMS,MEDICAL,2026-04-13 12:57:18-04:00,12,Monday,afternoon,1,-77.07015,39.47746
FD24013403|26006867_639117176656364055|1776119295,Carroll County Department of Fire & EMS,MEDICAL,2026-04-13 14:28:15-04:00,14,Monday,afternoon,2,-76.85925,39.53115
FD24013403|26006868_639117276312313162|1776120133,Carroll County Department of Fire & EMS,NOEMERG,2026-04-13 14:42:13-04:00,14,Monday,afternoon,1,-77.16456,39.36378
FD24013403|26006872_639117283524717404|1776124955,Carroll County Department of Fire & EMS,MEDICAL,2026-04-13 16:02:35-04:00,16,Monday,afternoon,1,-77.17023,39.65651
FD24013403|26006877_639117334418516532|1776134780,Carroll County Department of Fire & EMS,MEDICAL,2026-04-13 18:46:20-04:00,18,Monday,evening,1,-77.16364,39.64837
FD24013403|26006896_639117929718213764|1776170203,Carroll County Department of Fire & EMS,MEDICAL,2026-04-14 04:36:43-04:00,4,Tuesday,overnight,1,-77.17464,39.65756
FD24013403|26006898_639117928239832252|1776173982,Carroll County Department of Fire & EMS,FIRE,2026-04-14 05:39:42-04:00,5,Tuesday,overnight,1,-77.15362,39.63426
FD24013403|26006900_639117725107132430|1776174125,Carroll County Department of Fire & EMS,MEDICAL,2026-04-14 05:42:05-04:00,5,Tuesday,overnight,2,-76.86459,39.61109
FD24013403|26006902_639117960862322429|1776178865,Carroll County Department of Fire & EMS,MEDICAL,2026-04-14 07:01:05-04:00,7,Tuesday,morning,1,-76.99526,39.42312
FD24013403|26006908_639117774630491097|1776179266,Carroll County Department of Fire & EMS,MEDICAL,2026-04-14 07:07:46-04:00,7,Tuesday,morning,1,-76.97798,39.56621
FD24013403|26006915_639117962327986642|1776184131,Carroll County Department of Fire & EMS,NOEMERG,2026-04-14 08:28:51-04:00,8,Tuesday,morning,1,-76.96242,39.49686
FD24013403|26006917_639117963515697965|1776185072,Carroll County Department of Fire & EMS,MEDICAL,2026-04-14 08:44:32-04:00,8,Tuesday,morning,1,-77.04743,39.4587
FD24013403|26006924_639117966640905303|1776187329,Carroll County Department of Fire & EMS,MEDICAL,2026-04-14 09:22:09-04:00,9,Tuesday,morning,1,-76.95996,39.41828
FD24013403|26006937_639118177510825907|1776198220,Carroll County Department of Fire & EMS,MEDICAL,2026-04-14 12:23:40-04:00,12,Tuesday,afternoon,1,-77.16264,39.65865
FD24013403|26006949_639118180146686617|1776203695,Carroll County Department of Fire & EMS,MEDICAL,2026-04-14 13:54:55-04:00,13,Tuesday,afternoon,1,-77.2596,39.63308
FD24013403|26006951_639118181408573456|1776204423,Carroll County Department of Fire & EMS,MEDICAL,2026-04-14 14:07:03-04:00,14,Tuesday,afternoon,1,-77.1771,39.66081
FD24013403|26006953_639118100110153263|1776207070,Carroll County Department of Fire & EMS,MEDICAL,2026-04-14 14:51:10-04:00,14,Tuesday,afternoon,3,-77.01549,39.66571
FD24013403|26006954_639118075812990520|1776208129,Carroll County Department of Fire & EMS,MEDICAL,2026-04-14 15:08:49-04:00,15,Tuesday,afternoon,1,-76.9494,39.4079
FD24013403|26006971_639118506620127180|1776226379,Carroll County Department of Fire & EMS,MEDICAL,2026-04-14 20:12:59-04:00,20,Tuesday,evening,1,-76.99547,39.5404
FD24013403|26006974_639118341565398441|1776234224,Carroll County Department of Fire & EMS,MEDICAL,2026-04-14 22:23:44-04:00,22,Tuesday,evening,1,-77.1161,39.62922
FD24013403|26006986_639121078810957258|1776258465,Carroll County Department of Fire & EMS,MEDICAL,2026-04-15 05:07:45-04:00,5,Wednesday,overnight,1,-76.98834,39.54359
FD24013403|26006990_639121083918115925|1776263448,Carroll County Department of Fire & EMS,MEDICAL,2026-04-15 06:30:48-04:00,6,Wednesday,morning,1,-76.97898,39.53904
FD24013403|26006998_639122393718591904|1776267279,Carroll County Department of Fire & EMS,MEDICAL,2026-04-15 07:34:39-04:00,7,Wednesday,morning,2,-77.16009,39.36462
FD24013403|26007001_639121907966149382|1776268935,Carroll County Department of Fire & EMS,MEDICAL,2026-04-15 08:02:15-04:00,8,Wednesday,morning,1,-77.03918,39.54548
FD24013403|26007008_639122387709024696|1776274967,Carroll County Department of Fire & EMS,MEDICAL,2026-04-15 09:42:47-04:00,9,Wednesday,morning,1,-76.97213,39.37894
FD24013403|26007016_639122383216567129|1776280387,Carroll County Department of Fire & EMS,MEDICAL,2026-04-15 11:13:07-04:00,11,Wednesday,morning,1,-77.01918,39.38604
FD24013403|26007020_639119054712809591|1776285886,Carroll County Department of Fire & EMS,HAZSIT,2026-04-15 12:44:46-04:00,12,Wednesday,afternoon,1,-76.89177,39.68013
FD24013403|26007021_639122390438588686|1776284286,Carroll County Department of Fire & EMS,MEDICAL,2026-04-15 12:18:06-04:00,12,Wednesday,afternoon,2,-76.93938,39.40022
FD24013403|26007027_639121073710876179|1776287956,Carroll County Department of Fire & EMS,MEDICAL,2026-04-15 13:19:16-04:00,13,Wednesday,afternoon,1,-77.02643,39.50169
FD24013403|26007030_639118944911938525|1776291253,Carroll County Department of Fire & EMS,NOEMERG,2026-04-15 14:14:13-04:00,14,Wednesday,afternoon,1,-77.16261,39.64748
FD24013403|26007038_639119053517338296|1776297696,Carroll County Department of Fire & EMS,MEDICAL,2026-04-15 16:01:36-04:00,16,Wednesday,afternoon,3,-76.99264,39.60616
FD24013403|26007045_639119304784805519|1776305001,Carroll County Department of Fire & EMS,NOEMERG,2026-04-15 18:03:21-04:00,18,Wednesday,evening,1,-77.03288,39.58596
FD24013403|26007056_639119705408104481|1776336488,Carroll County Department of Fire & EMS,MEDICAL,2026-04-16 02:48:08-04:00,2,Thursday,overnight,1,-77.02215,39.57427
FD24013403|26007067_639119910013999680|1776351356,Carroll County Department of Fire & EMS,MEDICAL,2026-04-16 06:55:56-04:00,6,Thursday,morning,1,-76.95404,39.40314
FD24013403|26007109_639119863488689104|1776379262,Carroll County Department of Fire & EMS,MEDICAL,2026-04-16 14:41:02-04:00,14,Thursday,afternoon,1,-76.91909,39.70435
FD24013403|26007111_639123821298373382|1776381245,Carroll County Department of Fire & EMS,FIRE,2026-04-16 15:14:05-04:00,15,Thursday,afternoon,2,-77.06429,39.38925
FD24013403|26007119_639119880023818429|1776386601,Carroll County Department of Fire & EMS,MEDICAL,2026-04-16 16:43:21-04:00,16,Thursday,afternoon,1,-76.88469,39.66176
FD24013403|26007125_639119938781200523|1776391904,Carroll County Department of Fire & EMS,MEDICAL,2026-04-16 18:11:44-04:00,18,Thursday,evening,1,-77.00016,39.7063
FD24013403|26007128_639120084308788110|1776398587,Carroll County Department of Fire & EMS,MEDICAL,2026-04-16 20:03:07-04:00,20,Thursday,evening,1,-77.11311,39.68415
FD24013403|26007141_639120389423466000|1776426378,Carroll County Department of Fire & EMS,MEDICAL,2026-04-17 03:46:18-04:00,3,Friday,overnight,1,-77.08772,39.45088
FD24013403|26007161_639120654311342229|1776443096,Carroll County Department of Fire & EMS,MEDICAL,2026-04-17 08:24:56-04:00,8,Friday,morning,1,-77.15321,39.64208
FD24013403|26007168_639120655144499352|1776450985,Carroll County Department of Fire & EMS,MEDICAL,2026-04-17 10:36:25-04:00,10,Friday,morning,2,-77.10817,39.54447
FD24013403|26007170_639120539916211053|1776451426,Carroll County Department of Fire & EMS,MEDICAL,2026-04-17 10:43:46-04:00,10,Friday,morning,1,-76.89468,39.66197
FD24013403|26007171_639120555310033143|1776451566,Carroll County Department of Fire & EMS,MEDICAL,2026-04-17 10:46:06-04:00,10,Friday,morning,1,-77.09495,39.44488
FD24013403|26007177_639120655812179899|1776458194,Carroll County Department of Fire & EMS,MEDICAL,2026-04-17 12:36:34-04:00,12,Friday,afternoon,1,-77.01032,39.58746
FD24013403|26007189_639120679720222507|1776468325,Carroll County Department of Fire & EMS,MEDICAL,2026-04-17 15:25:25-04:00,15,Friday,afternoon,1,-76.85443,39.61968
FD24013403|26007192_639120769703016024|1776473857,Carroll County Department of Fire & EMS,NOEMERG,2026-04-17 16:57:37-04:00,16,Friday,afternoon,1,-77.03829,39.43108
FD24013403|26007193_639120767122659376|1776474785,Carroll County Department of Fire & EMS,MEDICAL,2026-04-17 17:13:05-04:00,17,Friday,afternoon,1,-76.92019,39.4509
FD24013403|26007194_639120766211772579|1776475459,Carroll County Department of Fire & EMS,NOEMERG,2026-04-17 17:24:19-04:00,17,Friday,afternoon,5,-76.91066,39.39397
FD24013403|26007195_639120776707568786|1776478037,Carroll County Department of Fire & EMS,MEDICAL,2026-04-17 18:07:17-04:00,18,Friday,evening,1,-76.84436,39.6006
FD24013403|26007203_639121043118947861|1776493467,Carroll County Department of Fire & EMS,MEDICAL,2026-04-17 22:24:27-04:00,22,Friday,evening,1,-77.07551,39.41351
FD24013403|26007215_639121197243063303|1776519312,Carroll County Department of Fire & EMS,MEDICAL,2026-04-18 05:35:12-04:00,5,Saturday,overnight,1,-76.87992,39.66712
FD24013403|26007224_639121623924732862|1776524217,Carroll County Department of Fire & EMS,NOEMERG,2026-04-18 06:56:57-04:00,6,Saturday,morning,1,-76.91843,39.51508
FD24013403|26007225_639121623320547160|1776524779,Carroll County Department of Fire & EMS,NOEMERG,2026-04-18 07:06:19-04:00,7,Saturday,morning,2,-76.93584,39.46675
FD24013403|26007227_639121518918688005|1776525542,Carroll County Department of Fire & EMS,MEDICAL,2026-04-18 07:19:02-04:00,7,Saturday,morning,1,-77.027,39.58676
FD24013403|26007231_639121622709846671|1776528304,Carroll County Department of Fire & EMS,NOEMERG,2026-04-18 08:05:04-04:00,8,Saturday,morning,1,-76.9488,39.41115
FD24013403|26007232_639121499712482695|1776528900,Carroll County Department of Fire & EMS,FIRE,2026-04-18 08:15:00-04:00,8,Saturday,morning,2,-76.89362,39.54841
FD24013403|26007233_639121408612373999|1776529053,Carroll County Department of Fire & EMS,MEDICAL,2026-04-18 08:17:33-04:00,8,Saturday,morning,1,-76.99637,39.58619
FD24013403|26007246_639121621752399492|1776537844,Carroll County Department of Fire & EMS,MEDICAL,2026-04-18 10:44:04-04:00,10,Saturday,morning,1,-76.97311,39.56508
FD24013403|26007258_639121497612290287|1776546881,Carroll County Department of Fire & EMS,MEDICAL,2026-04-18 13:14:41-04:00,13,Saturday,afternoon,2,-76.93009,39.5865
FD24013403|26007264_639121618817336379|1776551828,Carroll County Department of Fire & EMS,NOEMERG,2026-04-18 14:37:08-04:00,14,Saturday,afternoon,1,-76.99954,39.55783
FD24013403|26007277_639121643877671355|1776563756,Carroll County Department of Fire & EMS,MEDICAL,2026-04-18 17:55:56-04:00,17,Saturday,afternoon,1,-77.16121,39.64861
FD24013403|26007280_639124027148197150|1776564592,Carroll County Department of Fire & EMS,MEDICAL,2026-04-18 18:09:52-04:00,18,Saturday,evening,2,-77.16995,39.63373
FD24013403|26007284_639121936505566042|1776580718,Carroll County Department of Fire & EMS,MEDICAL,2026-04-18 22:38:38-04:00,22,Saturday,evening,1,-77.00443,39.56206
FD24013403|26007294_639122537416876440|1776601768,Carroll County Department of Fire & EMS,MEDICAL,2026-04-19 04:29:28-04:00,4,Sunday,overnight,4,-76.98545,39.56538
FD24013403|26007299_639122156406815476|1776607930,Carroll County Department of Fire & EMS,MEDICAL,2026-04-19 06:12:10-04:00,6,Sunday,morning,1,-77.04252,39.56486
FD24013403|26007303_639122176507783327|1776611590,Carroll County Department of Fire & EMS,MEDICAL,2026-04-19 07:13:10-04:00,7,Sunday,morning,1,-77.21057,39.48281
FD24013403|26007305_639122530529363779|1776613600,Carroll County Department of Fire & EMS,NOEMERG,2026-04-19 07:46:40-04:00,7,Sunday,morning,1,-76.89445,39.40011
FD24013403|26007308_639122529838114719|1776614944,Carroll County Department of Fire & EMS,HAZSIT,2026-04-19 08:09:04-04:00,8,Sunday,morning,2,-76.96836,39.59104
FD24013403|26007319_639125855117535922|1776630166,Carroll County Department of Fire & EMS,MEDICAL,2026-04-19 12:22:46-04:00,12,Sunday,afternoon,2,-76.953,39.40417
FD24013403|26007328_639122531105516835|1776640148,Carroll County Department of Fire & EMS,NOEMERG,2026-04-19 15:09:08-04:00,15,Sunday,afternoon,1,-76.90291,39.58023
FD24013403|26007342_639123115174806929|1776652747,Carroll County Department of Fire & EMS,FIRE,2026-04-19 18:39:07-04:00,18,Sunday,evening,1,-77.16291,39.6467
FD24013403|26007352_639123116113690498|1776686770,Carroll County Department of Fire & EMS,MEDICAL,2026-04-20 04:06:10-04:00,4,Monday,overnight,1,-77.05565,39.60113
FD24013403|26007353_639122988504287500|1776686633,Carroll County Department of Fire & EMS,NOEMERG,2026-04-20 04:03:53-04:00,4,Monday,overnight,1,-77.15268,39.36417
FD24013403|26007355_639123117337254667|1776689344,Carroll County Department of Fire & EMS,MEDICAL,2026-04-20 04:49:04-04:00,4,Monday,overnight,1,-77.15967,39.65101
FD24013403|26007356_639123118814507353|1776690255,Carroll County Department of Fire & EMS,MEDICAL,2026-04-20 05:04:15-04:00,5,Monday,overnight,1,-77.27175,39.69062
FD24013403|26007364_639123120289886476|1776698693,Carroll County Department of Fire & EMS,HAZSIT,2026-04-20 07:24:53-04:00,7,Monday,morning,1,-77.03041,39.55986
FD24013403|26007382_639123121811874086|1776712309,Carroll County Department of Fire & EMS,NOEMERG,2026-04-20 11:11:49-04:00,11,Monday,morning,1,-77.17562,39.65893
FD24013403|26007383_639123148515049327|1776713756,Carroll County Department of Fire & EMS,FIRE,2026-04-20 11:35:56-04:00,11,Monday,morning,3,-77.04343,39.569
FD24013403|26007384_639123139207679008|1776714321,Carroll County Department of Fire & EMS,MEDICAL,2026-04-20 11:45:21-04:00,11,Monday,morning,1,-76.99642,39.58773
FD24013403|26007387_639123313512308291|1776716139,Carroll County Department of Fire & EMS,MEDICAL,2026-04-20 12:15:39-04:00,12,Monday,afternoon,1,-76.91292,39.51821
FD24013403|26007389_639123823674868691|1776716960,Carroll County Department of Fire & EMS,MEDICAL,2026-04-20 12:29:20-04:00,12,Monday,afternoon,1,-76.98498,39.51861
FD24013403|26007395_639123219024835079|1776723711,Carroll County Department of Fire & EMS,MEDICAL,2026-04-20 14:21:51-04:00,14,Monday,afternoon,1,-76.89699,39.64169
FD24013403|26007398_639123251711329071|1776726639,Carroll County Department of Fire & EMS,NOEMERG,2026-04-20 15:10:39-04:00,15,Monday,afternoon,2,-76.8877,39.66494
FD24013403|26007400_639123263044927137|1776727794,Carroll County Department of Fire & EMS,MEDICAL,2026-04-20 15:29:54-04:00,15,Monday,afternoon,1,-77.17524,39.6602
FD24013403|26007401_639123807908268498|1776730531,Carroll County Department of Fire & EMS,NOEMERG,2026-04-20 16:15:31-04:00,16,Monday,afternoon,4,-76.93789,39.3933
FD24013403|26007413_639128200523451388|1776762680,Carroll County Department of Fire & EMS,FIRE,2026-04-21 01:11:20-04:00,1,Tuesday,overnight,3,-77.0726,39.37638
FD24013403|26007423_639123942880360493|1776775642,Carroll County Department of Fire & EMS,MEDICAL,2026-04-21 04:47:22-04:00,4,Tuesday,overnight,1,-77.15513,39.63399
FD24013403|26007425_639123804351222417|1776776661,Carroll County Department of Fire & EMS,NOEMERG,2026-04-21 05:04:21-04:00,5,Tuesday,overnight,1,-77.15251,39.36851
FD24013403|26007428_639123802825248322|1776780793,Carroll County Department of Fire & EMS,FIRE,2026-04-21 06:13:13-04:00,6,Tuesday,morning,2,-77.15325,39.37403
FD24013403|26007444_639123939916175585|1776789867,Carroll County Department of Fire & EMS,MEDICAL,2026-04-21 08:44:27-04:00,8,Tuesday,morning,1,-77.07015,39.47746
FD24013403|26007445_639123958511125237|1776790501,Carroll County Department of Fire & EMS,MEDICAL,2026-04-21 08:55:01-04:00,8,Tuesday,morning,1,-76.83329,39.63396
FD24013403|26007446_639123936614736239|1776791247,Carroll County Department of Fire & EMS,NOEMERG,2026-04-21 09:07:27-04:00,9,Tuesday,morning,1,-77.15251,39.36851
FD24013403|26007447_639123948910730345|1776793816,Carroll County Department of Fire & EMS,MEDICAL,2026-04-21 09:50:16-04:00,9,Tuesday,morning,1,-76.94181,39.53031
FD24013403|26007456_639124147446462292|1776801792,Carroll County Department of Fire & EMS,MEDICAL,2026-04-21 12:03:12-04:00,12,Tuesday,afternoon,1,-77.09579,39.54797
FD24013403|26007466_639124196419461322|1776814050,Carroll County Department of Fire & EMS,MEDICAL,2026-04-21 15:27:30-04:00,15,Tuesday,afternoon,1,-76.8636,39.6735
FD24013403|26007467_639124250599084187|1776815450,Carroll County Department of Fire & EMS,MEDICAL,2026-04-21 15:50:50-04:00,15,Tuesday,afternoon,2,-76.91703,39.5191
FD24013403|26007469_639124166706667830|1776816445,Carroll County Department of Fire & EMS,MEDICAL,2026-04-21 16:07:25-04:00,16,Tuesday,afternoon,1,-77.18773,39.69112
FD24013403|26007470_639124269495012914|1776820253,Carroll County Department of Fire & EMS,MEDICAL,2026-04-21 17:10:53-04:00,17,Tuesday,afternoon,2,-76.98995,39.58379
FD24013403|26007474_639124257905799877|1776822494,Carroll County Department of Fire & EMS,NOEMERG,2026-04-21 17:48:14-04:00,17,Tuesday,afternoon,0,-76.91278,39.51878
FD24013403|26007478_639124272625066790|1776829250,Carroll County Department of Fire & EMS,MEDICAL,2026-04-21 19:40:50-04:00,19,Tuesday,evening,3,-76.99576,39.54268
FD24013403|26007481_639124337040116139|1776836140,Carroll County Department of Fire & EMS,NOEMERG,2026-04-21 21:35:40-04:00,21,Tuesday,evening,1,-76.99808,39.57212
FD24013403|26007511_639124932312650408|1776882340,Carroll County Department of Fire & EMS,NOEMERG,2026-04-22 10:25:40-04:00,10,Wednesday,morning,1,-76.86726,39.63934
FD24013403|26007514_639124989920644020|1776882849,Carroll County Department of Fire & EMS,MEDICAL,2026-04-22 10:34:09-04:00,10,Wednesday,morning,1,-77.17687,39.57679
FD24013403|26007516_639124934716857199|1776883200,Carroll County Department of Fire & EMS,MEDICAL,2026-04-22 10:40:00-04:00,10,Wednesday,morning,1,-76.87217,39.58292
FD24013403|26007518_639125117129887214|1776885127,Carroll County Department of Fire & EMS,NOEMERG,2026-04-22 11:12:07-04:00,11,Wednesday,morning,1,-76.92409,39.39526
FD24013403|26007521_639125116811122669|1776889961,Carroll County Department of Fire & EMS,MEDICAL,2026-04-22 12:32:41-04:00,12,Wednesday,afternoon,1,-77.10623,39.5423
FD24013403|26007530_639125580872035111|1776896851,Carroll County Department of Fire & EMS,NOEMERG,2026-04-22 14:27:31-04:00,14,Wednesday,afternoon,1,-76.89782,39.6712
FD24013403|26007542_639125116444252399|1776909386,Carroll County Department of Fire & EMS,MEDICAL,2026-04-22 17:56:26-04:00,17,Wednesday,afternoon,1,-77.08763,39.4577
FD24013403|26007544_639125658912088229|1776911533,Carroll County Department of Fire & EMS,HAZSIT,2026-04-22 18:32:13-04:00,18,Wednesday,evening,1,-77.076419963072,39.619722296307
FD24013403|26007556_639126727508258126|1776940833,Carroll County Department of Fire & EMS,MEDICAL,2026-04-23 02:40:33-04:00,2,Thursday,overnight,1,-77.15915,39.65699
FD24013403|26007560_639125974130194477|1776945264,Carroll County Department of Fire & EMS,HAZSIT,2026-04-23 03:54:24-04:00,3,Thursday,overnight,1,-76.90479,39.69815
FD24013403|26007566_639126728408962265|1776951754,Carroll County Department of Fire & EMS,NOEMERG,2026-04-23 05:42:34-04:00,5,Thursday,overnight,1,-77.0061,39.63338
FD24013403|26007570_639125976226234438|1776955947,Carroll County Department of Fire & EMS,MEDICAL,2026-04-23 06:52:27-04:00,6,Thursday,morning,2,-76.99253,39.5514
FD24013403|26007576_639125854221222309|1776964156,Carroll County Department of Fire & EMS,FIRE,2026-04-23 09:09:16-04:00,9,Thursday,morning,2,-77.08781,39.44913
FD24013403|26007584_639125838439348811|1776969721,Carroll County Department of Fire & EMS,RESCUE,2026-04-23 10:42:01-04:00,10,Thursday,morning,2,-76.99947,39.59561
FD24013403|26007593_639125837414497705|1776978904,Carroll County Department of Fire & EMS,MEDICAL,2026-04-23 13:15:04-04:00,13,Thursday,afternoon,1,-76.98664,39.56575
FD24013403|26007616_639126294009117423|1776996580,Carroll County Department of Fire & EMS,NOEMERG,2026-04-23 18:09:40-04:00,18,Thursday,evening,2,-77.14158,39.36755
FD24013403|26007618_639125976908481435|1776997738,Carroll County Department of Fire & EMS,HAZSIT,2026-04-23 18:28:58-04:00,18,Thursday,evening,1,-76.88428,39.64761
FD24013403|26007628_639133759698297552|1777013520,Carroll County Department of Fire & EMS,MEDICAL,2026-04-23 22:52:00-04:00,22,Thursday,evening,1,-77.11307,39.5413
FD24013403|26007642_639126729607935469|1777037629,Carroll County Department of Fire & EMS,MEDICAL,2026-04-24 05:33:49-04:00,5,Friday,overnight,1,-77.0343,39.59938
FD24013403|26007644_639126866113752792|1777038035,Carroll County Department of Fire & EMS,MEDICAL,2026-04-24 05:40:35-04:00,5,Friday,overnight,1,-77.04977,39.41583
FD24013403|26007649_639128198123887043|1777043537,Carroll County Department of Fire & EMS,MEDICAL,2026-04-24 07:12:17-04:00,7,Friday,morning,3,-76.98745,39.57109
FD24013403|26007654_639126594831878744|1777046154,Carroll County Department of Fire & EMS,FIRE,2026-04-24 07:55:54-04:00,7,Friday,morning,3,-76.95858,39.59177
FD24013403|26007661_639126863009270354|1777053313,Carroll County Department of Fire & EMS,MEDICAL,2026-04-24 09:55:13-04:00,9,Friday,morning,1,-77.11582,39.45714
FD24013403|26007662_639126862385106521|1777055499,Carroll County Department of Fire & EMS,MEDICAL,2026-04-24 10:31:39-04:00,10,Friday,morning,1,-77.04667,39.40303
FD24013403|26007664_639126861609389323|1777056839,Carroll County Department of Fire & EMS,MEDICAL,2026-04-24 10:53:59-04:00,10,Friday,morning,1,-77.05381,39.44741
FD24013403|26007667_639126860406667908|1777060327,Carroll County Department of Fire & EMS,NOEMERG,2026-04-24 11:52:07-04:00,11,Friday,morning,1,-77.0543,39.45316
FD24013403|26007668_639128871909077606|1777062000,Carroll County Department of Fire & EMS,MEDICAL,2026-04-24 12:20:00-04:00,12,Friday,afternoon,1,-76.84,39.5777
FD24013403|26007669_639126860715869619|1777064382,Carroll County Department of Fire & EMS,NOEMERG,2026-04-24 12:59:42-04:00,12,Friday,afternoon,1,-76.96904,39.36541
FD24013403|26007676_639126859508269633|1777070618,Carroll County Department of Fire & EMS,MEDICAL,2026-04-24 14:43:38-04:00,14,Friday,afternoon,1,-77.11333,39.4624
FD24013403|26007683_639126858952312442|1777081934,Carroll County Department of Fire & EMS,MEDICAL,2026-04-24 17:52:14-04:00,17,Friday,afternoon,3,-76.99658,39.42285
FD24013403|26007698_639128875812311062|1777107457,Carroll County Department of Fire & EMS,MEDICAL,2026-04-25 00:57:37-04:00,0,Saturday,overnight,1,-76.88772,39.52592
FD24013403|26007702_639127690211802865|1777116419,Carroll County Department of Fire & EMS,FIRE,2026-04-25 03:26:59-04:00,3,Saturday,overnight,3,-76.95831,39.38758
FD24013403|26007705_639127610411587847|1777117530,Carroll County Department of Fire & EMS,MEDICAL,2026-04-25 03:45:30-04:00,3,Saturday,overnight,1,-77.15855,39.64717
FD24013403|26007715_639127223047939973|1777122207,Carroll County Department of Fire & EMS,MEDICAL,2026-04-25 05:03:27-04:00,5,Saturday,overnight,2,-76.99547,39.5404
FD24013403|26007723_639127411737333774|1777133272,Carroll County Department of Fire & EMS,MEDICAL,2026-04-25 08:07:52-04:00,8,Saturday,morning,1,-76.89536,39.66761
FD24013403|26007732_639127420078303269|1777141970,Carroll County Department of Fire & EMS,MEDICAL,2026-04-25 10:32:50-04:00,10,Saturday,morning,1,-77.16121,39.36221
FD24013403|26007735_639127611837989154|1777144354,Carroll County Department of Fire & EMS,NOEMERG,2026-04-25 11:12:34-04:00,11,Saturday,morning,1,-77.20775,39.71688
FD24013403|26007739_639127701018618472|1777147711,Carroll County Department of Fire & EMS,MEDICAL,2026-04-25 12:08:31-04:00,12,Saturday,afternoon,1,-76.98937,39.52255
FD24013403|26007741_639127609234182068|1777150062,Carroll County Department of Fire & EMS,MEDICAL,2026-04-25 12:47:42-04:00,12,Saturday,afternoon,1,-77.17851,39.66149
FD24013403|26007743_639127578909037340|1777152345,Carroll County Department of Fire & EMS,NOEMERG,2026-04-25 13:25:45-04:00,13,Saturday,afternoon,1,-76.96838,39.36617
FD24013403|26007744_639127580113799753|1777154465,Carroll County Department of Fire & EMS,NOEMERG,2026-04-25 14:01:05-04:00,14,Saturday,afternoon,1,-76.9634,39.40255
FD24013403|26007750_639127692012057620|1777168520,Carroll County Department of Fire & EMS,MEDICAL,2026-04-25 17:55:20-04:00,17,Saturday,afternoon,1,-77.02381,39.43469
FD24013403|26007770_639128241619117067|1777209650,Carroll County Department of Fire & EMS,MEDICAL,2026-04-26 05:20:50-04:00,5,Sunday,overnight,1,-77.0944,39.45165
FD24013403|26007779_639128242506188715|1777215022,Carroll County Department of Fire & EMS,NOEMERG,2026-04-26 06:50:22-04:00,6,Sunday,morning,1,-77.08074,39.48998
FD24013403|26007780_639128243426030508|1777215876,Carroll County Department of Fire & EMS,NOEMERG,2026-04-26 07:04:36-04:00,7,Sunday,morning,1,-76.94722,39.40122
FD24013403|26007786_639128239216962796|1777222895,Carroll County Department of Fire & EMS,NOEMERG,2026-04-26 09:01:35-04:00,9,Sunday,morning,1,-77.00713,39.63444
FD24013403|26007793_639130241110163228|1777232335,Carroll County Department of Fire & EMS,FIRE,2026-04-26 11:38:55-04:00,11,Sunday,morning,3,-77.18359,39.59349
FD24013403|26007801_639128411334898331|1777238343,Carroll County Department of Fire & EMS,NOEMERG,2026-04-26 13:19:03-04:00,13,Sunday,afternoon,1,-77.15753,39.35972
FD24013403|26007805_639128412011055647|1777238986,Carroll County Department of Fire & EMS,MEDICAL,2026-04-26 13:29:46-04:00,13,Sunday,afternoon,1,-77.14384,39.59999
FD24013403|26007810_639131772011259193|1777244845,Carroll County Department of Fire & EMS,FIRE,2026-04-26 15:07:25-04:00,15,Sunday,afternoon,3,-76.95153,39.60226
FD24013403|26007825_639128612410049261|1777254186,Carroll County Department of Fire & EMS,MEDICAL,2026-04-26 17:43:06-04:00,17,Sunday,afternoon,2,-76.99472,39.56237
FD24013403|26007826_639128613305433136|1777256389,Carroll County Department of Fire & EMS,MEDICAL,2026-04-26 18:19:49-04:00,18,Sunday,evening,1,-76.94181,39.53031
FD24013403|26007831_639128872212917107|1777263855,Carroll County Department of Fire & EMS,NOEMERG,2026-04-26 20:24:15-04:00,20,Sunday,evening,1,-76.95196,39.4
FD24013403|26007841_639129273886877162|1777286727,Carroll County Department of Fire & EMS,MEDICAL,2026-04-27 02:45:27-04:00,2,Monday,overnight,1,-77.15855,39.64717
FD24013403|26007843_639128929508553866|1777287658,Carroll County Department of Fire & EMS,NOEMERG,2026-04-27 03:00:58-04:00,3,Monday,overnight,2,-76.85276,39.61657
FD24013403|26007845_639129274510155715|1777290044,Carroll County Department of Fire & EMS,NOEMERG,2026-04-27 03:40:44-04:00,3,Monday,overnight,1,-77.3278004,39.6800504
FD24013403|26007851_639129400511529139|1777294952,Carroll County Department of Fire & EMS,NOEMERG,2026-04-27 05:02:32-04:00,5,Monday,overnight,1,-76.98588,39.56506
FD24013403|26007865_639129401408997003|1777307634,Carroll County Department of Fire & EMS,MEDICAL,2026-04-27 08:33:54-04:00,8,Monday,morning,1,-76.92034,39.52094
FD24013403|26007876_639129275417091481|1777315977,Carroll County Department of Fire & EMS,MEDICAL,2026-04-27 10:52:57-04:00,10,Monday,morning,1,-77.22667,39.67537
FD24013403|26007877_639132246009817975|1777316147,Carroll County Department of Fire & EMS,MEDICAL,2026-04-27 10:55:47-04:00,10,Monday,morning,1,-77.08206,39.44325
FD24013403|26007884_639129403510275123|1777325206,Carroll County Department of Fire & EMS,PUBSERV,2026-04-27 13:26:46-04:00,13,Monday,afternoon,1,-76.89782,39.6712
FD24013403|26007899_639132242319678544|1777337358,Carroll County Department of Fire & EMS,MEDICAL,2026-04-27 16:49:18-04:00,16,Monday,afternoon,1,-76.92478,39.39444
FD24013403|26007904_639132244074599583|1777354516,Carroll County Department of Fire & EMS,MEDICAL,2026-04-27 21:35:16-04:00,21,Monday,evening,1,-76.89911,39.47083
FD24013403|26007924_639130221866484609|1777390932,Carroll County Department of Fire & EMS,HAZSIT,2026-04-28 07:42:12-04:00,7,Tuesday,morning,1,-76.84244,39.64267
FD24013403|26007928_639131679841199056|1777391799,Carroll County Department of Fire & EMS,NOEMERG,2026-04-28 07:56:39-04:00,7,Tuesday,morning,1,-76.99697,39.57577
FD24013403|26007929_639131677807473854|1777392287,Carroll County Department of Fire & EMS,MEDICAL,2026-04-28 08:04:47-04:00,8,Tuesday,morning,1,-76.97501,39.37395
FD24013403|26007930_639130080610767786|1777393059,Carroll County Department of Fire & EMS,MEDICAL,2026-04-28 08:17:39-04:00,8,Tuesday,morning,1,-77.18219,39.56958
FD24013403|26007932_639135455086172810|1777393666,Carroll County Department of Fire & EMS,HAZSIT,2026-04-28 08:27:46-04:00,8,Tuesday,morning,3,-76.98741,39.57292
FD24013403|26007935_639133755246924598|1777397415,Carroll County Department of Fire & EMS,HAZSIT,2026-04-28 09:30:15-04:00,9,Tuesday,morning,1,-77.00585,39.58034
FD24013403|26007939_639130228132734901|1777401428,Carroll County Department of Fire & EMS,MEDICAL,2026-04-28 10:37:08-04:00,10,Tuesday,morning,2,-77.00045,39.58576
FD24013403|26007945_639130084395167630|1777406567,Carroll County Department of Fire & EMS,MEDICAL,2026-04-28 12:02:47-04:00,12,Tuesday,afternoon,1,-77.01494,39.5863
FD24013403|26007949_639130224906262499|1777410290,Carroll County Department of Fire & EMS,MEDICAL,2026-04-28 13:04:50-04:00,13,Tuesday,afternoon,1,-76.88506,39.66335
FD24013403|26007952_639131679034673073|1777412712,Carroll County Department of Fire & EMS,NOEMERG,2026-04-28 13:45:12-04:00,13,Tuesday,afternoon,1,-76.95612,39.40178
FD24013403|26007953_639130226706733833|1777413683,Carroll County Department of Fire & EMS,FIRE,2026-04-28 14:01:23-04:00,14,Tuesday,afternoon,2,-76.87323,39.645
FD24013403|26007956_639131678109429863|1777416560,Carroll County Department of Fire & EMS,MEDICAL,2026-04-28 14:49:20-04:00,14,Tuesday,afternoon,1,-76.953,39.40417
FD24013403|26007972_639130885148739049|1777466003,Carroll County Department of Fire & EMS,MEDICAL,2026-04-29 04:33:23-04:00,4,Wednesday,overnight,1,-77.07415,39.47199
FD24013403|26007998_639130923293126215|1777488594,Carroll County Department of Fire & EMS,MEDICAL,2026-04-29 10:49:54-04:00,10,Wednesday,morning,1,-77.10113,39.44014
FD24013403|26008001_639130916333576785|1777492819,Carroll County Department of Fire & EMS,MEDICAL,2026-04-29 12:00:19-04:00,12,Wednesday,afternoon,1,-76.9187,39.62572
FD24013403|26008006_639131033108966724|1777498684,Carroll County Department of Fire & EMS,MEDICAL,2026-04-29 13:38:04-04:00,13,Wednesday,afternoon,1,-77.0408,39.50926
FD24013403|26008011_639131163310141254|1777505331,Carroll County Department of Fire & EMS,NOEMERG,2026-04-29 15:28:51-04:00,15,Wednesday,afternoon,1,-76.86882,39.48912
FD24013403|26008020_639131159711583528|1777515018,Carroll County Department of Fire & EMS,MEDICAL,2026-04-29 18:10:18-04:00,18,Wednesday,evening,2,-76.94844,39.56742
FD24013403|26008023_639131220041735878|1777518140,Carroll County Department of Fire & EMS,MEDICAL,2026-04-29 19:02:20-04:00,19,Wednesday,evening,1,-77.04743,39.4587
FD24013403|26008024_639131224965727449|1777520363,Carroll County Department of Fire & EMS,MEDICAL,2026-04-29 19:39:23-04:00,19,Wednesday,evening,1,-76.97112,39.37373
FD24013403|26008027_639131229299008309|1777524891,Carroll County Department of Fire & EMS,MEDICAL,2026-04-29 20:54:51-04:00,20,Wednesday,evening,1,-76.8877,39.66494
FD24013403|26008033_639135455691049257|1777545334,Carroll County Department of Fire & EMS,MEDICAL,2026-04-30 02:35:34-04:00,2,Thursday,overnight,1,-77.16933,39.56517
FD24013403|26008039_639131535312663333|1777552707,Carroll County Department of Fire & EMS,MEDICAL,2026-04-30 04:38:27-04:00,4,Thursday,overnight,1,-77.00392,39.6459
FD24013403|26008072_639131996406446119|1777590965,Carroll County Department of Fire & EMS,MEDICAL,2026-04-30 15:16:05-04:00,15,Thursday,afternoon,1,-77.03838,39.62885
FD24013403|26008075_639131951639528850|1777595445,Carroll County Department of Fire & EMS,NOEMERG,2026-04-30 16:30:45-04:00,16,Thursday,afternoon,1,-76.84709,39.60508
FD24013403|26008087_639132630009851081|1777638654,Carroll County Department of Fire & EMS,MEDICAL,2026-05-01 04:30:54-04:00,4,Friday,overnight,1,-77.15451,39.65745
FD24013403|26008089_639135734377391832|1777641197,Carroll County Department of Fire & EMS,MEDICAL,2026-05-01 05:13:17-04:00,5,Friday,overnight,1,-76.99086,39.54334
FD24013403|26008093_639132631178170938|1777643720,Carroll County Department of Fire & EMS,PUBSERV,2026-05-01 05:55:20-04:00,5,Friday,overnight,1,-77.15232,39.65381
FD24013403|26008095_639132632627074058|1777645798,Carroll County Department of Fire & EMS,MEDICAL,2026-05-01 06:29:58-04:00,6,Friday,morning,1,-77.12234,39.67002
FD24013403|26008096_639132853207866880|1777648531,Carroll County Department of Fire & EMS,MEDICAL,2026-05-01 07:15:31-04:00,7,Friday,morning,1,-76.9187,39.62572
FD24013403|26008107_639132633241749002|1777658901,Carroll County Department of Fire & EMS,MEDICAL,2026-05-01 10:08:21-04:00,10,Friday,morning,1,-77.15855,39.64717
FD24013403|26008108_639132634429882190|1777659718,Carroll County Department of Fire & EMS,MEDICAL,2026-05-01 10:21:58-04:00,10,Friday,morning,1,-77.15855,39.64717
FD24013403|26008130_639132774585538639|1777678984,Carroll County Department of Fire & EMS,NOEMERG,2026-05-01 15:43:04-04:00,15,Friday,afternoon,1,-77.16424,39.64643
FD24013403|26008131_639132854111357992|1777679064,Carroll County Department of Fire & EMS,MEDICAL,2026-05-01 15:44:24-04:00,15,Friday,afternoon,1,-76.96555,39.62582
FD24013403|26008142_639132917054441451|1777691662,Carroll County Department of Fire & EMS,NOEMERG,2026-05-01 19:14:22-04:00,19,Friday,evening,1,-76.84053,39.60113
FD24013403|26008149_639133084507782018|1777709454,Carroll County Department of Fire & EMS,MEDICAL,2026-05-02 00:10:54-04:00,0,Saturday,overnight,1,-76.84937,39.69319
FD24013403|26008154_639133262584408627|1777724371,Carroll County Department of Fire & EMS,PUBSERV,2026-05-02 04:19:31-04:00,4,Saturday,overnight,1,-77.1098,39.62843
FD24013403|26008157_639133390475153780|1777726661,Carroll County Department of Fire & EMS,PUBSERV,2026-05-02 04:57:41-04:00,4,Saturday,overnight,2,-76.99921,39.39442
FD24013403|26008158_639133758853955069|1777728421,Carroll County Department of Fire & EMS,MEDICAL,2026-05-02 05:27:01-04:00,5,Saturday,overnight,1,-76.80853,39.66951
FD24013403|26008160_639133481548044352|1777733842,Carroll County Department of Fire & EMS,MEDICAL,2026-05-02 06:57:22-04:00,6,Saturday,morning,1,-77.15767,39.64224
FD24013403|26008184_639133753959270227|1777759891,Carroll County Department of Fire & EMS,MEDICAL,2026-05-02 14:11:31-04:00,14,Saturday,afternoon,2,-76.98007,39.5736
FD24013403|26008190_639133695610200254|1777768364,Carroll County Department of Fire & EMS,MEDICAL,2026-05-02 16:32:44-04:00,16,Saturday,afternoon,1,-76.95122,39.52383
FD24013403|26008199_639135059407217525|1777785825,Carroll County Department of Fire & EMS,MEDICAL,2026-05-02 21:23:45-04:00,21,Saturday,evening,1,-76.99152,39.59446
FD24013403|26008207_639134082910942497|1777804495,Carroll County Department of Fire & EMS,MEDICAL,2026-05-03 02:34:55-04:00,2,Sunday,overnight,1,-76.94699,39.60094
FD24013403|26008210_639134325813640736|1777811235,Carroll County Department of Fire & EMS,NOEMERG,2026-05-03 04:27:15-04:00,4,Sunday,overnight,1,-76.97122,39.39032
FD24013403|26008211_639134604307518861|1777811946,Carroll County Department of Fire & EMS,MEDICAL,2026-05-03 04:39:06-04:00,4,Sunday,overnight,1,-77.05381,39.44741
FD24013403|26008214_639134291706612598|1777821629,Carroll County Department of Fire & EMS,MEDICAL,2026-05-03 07:20:29-04:00,7,Sunday,morning,1,-77.16769,39.67368
FD24013403|26008215_639134607276494795|1777823038,Carroll County Department of Fire & EMS,MEDICAL,2026-05-03 07:43:58-04:00,7,Sunday,morning,1,-77.00284,39.45058
FD24013403|26008219_639134292909107088|1777824088,Carroll County Department of Fire & EMS,MEDICAL,2026-05-03 08:01:28-04:00,8,Sunday,morning,1,-77.14016,39.65639
FD24013403|26008220_639134295927416422|1777824725,Carroll County Department of Fire & EMS,FIRE,2026-05-03 08:12:05-04:00,8,Sunday,morning,1,-76.89077,39.57507
FD24013403|26008230_639134296810686547|1777832220,Carroll County Department of Fire & EMS,NOEMERG,2026-05-03 10:17:00-04:00,10,Sunday,morning,1,-76.83873,39.60474
FD24013403|26008233_639134541010745011|1777836878,Carroll County Department of Fire & EMS,MEDICAL,2026-05-03 11:34:38-04:00,11,Sunday,morning,1,-77.08626,39.65026
FD24013403|26008240_639134617209664725|1777845281,Carroll County Department of Fire & EMS,MEDICAL,2026-05-03 13:54:41-04:00,13,Sunday,afternoon,1,-76.91659,39.41571
FD24013403|26008241_639134544319375187|1777844693,Carroll County Department of Fire & EMS,RESCUE,2026-05-03 13:44:53-04:00,13,Sunday,afternoon,2,-77.06288,39.60707
FD24013403|26008244_639134545729756322|1777848373,Carroll County Department of Fire & EMS,MEDICAL,2026-05-03 14:46:13-04:00,14,Sunday,afternoon,1,-77.17483,39.65866
FD24013403|26008245_639134618964226226|1777848140,Carroll County Department of Fire & EMS,NOEMERG,2026-05-03 14:42:20-04:00,14,Sunday,afternoon,2,-77.02547,39.36627
FD24013403|26008247_639134622910386391|1777849167,Carroll County Department of Fire & EMS,MEDICAL,2026-05-03 14:59:27-04:00,14,Sunday,afternoon,2,-77.08282,39.43624
FD24013403|26008248_639134630107142354|1777849293,Carroll County Department of Fire & EMS,MEDICAL,2026-05-03 15:01:33-04:00,15,Sunday,afternoon,2,-76.99027,39.37354
FD24013403|26008251_639134508906266464|1777851155,Carroll County Department of Fire & EMS,FIRE,2026-05-03 15:32:35-04:00,15,Sunday,afternoon,2,-76.96955,39.70651
FD24013403|26008258_639134586914174018|1777856696,Carroll County Department of Fire & EMS,MEDICAL,2026-05-03 17:04:56-04:00,17,Sunday,afternoon,1,-76.9957,39.57514
FD24013403|26008260_639134625907013939|1777858211,Carroll County Department of Fire & EMS,MEDICAL,2026-05-03 17:30:11-04:00,17,Sunday,afternoon,1,-76.99811,39.37811
FD24013403|26008266_639134719210732282|1777872851,Carroll County Department of Fire & EMS,MEDICAL,2026-05-03 21:34:11-04:00,21,Sunday,evening,1,-77.05345,39.43231
FD24013403|26008275_639135405887018941|1777890616,Carroll County Department of Fire & EMS,MEDICAL,2026-05-04 02:30:16-04:00,2,Monday,overnight,1,-76.95387,39.38261
FD24013403|26008300_639135258640187589|1777922262,Carroll County Department of Fire & EMS,HAZSIT,2026-05-04 11:17:42-04:00,11,Monday,morning,4,-77.02152,39.66836
FD24013403|26008301_639135404710133864|1777922363,Carroll County Department of Fire & EMS,NOEMERG,2026-05-04 11:19:23-04:00,11,Monday,morning,1,-76.97898,39.53904
FD24013403|26008312_639135457709951019|1777933336,Carroll County Department of Fire & EMS,MEDICAL,2026-05-04 14:22:16-04:00,14,Monday,afternoon,1,-77.16752,39.64847
FD24013403|26008322_639135454136310506|1777939994,Carroll County Department of Fire & EMS,FIRE,2026-05-04 16:13:14-04:00,16,Monday,afternoon,2,-76.98711,39.56677
FD24013403|26008324_639135462254520378|1777940792,Carroll County Department of Fire & EMS,MEDICAL,2026-05-04 16:26:32-04:00,16,Monday,afternoon,1,-77.13734,39.61723
FD24013403|26008360_639136286728109731|1778002871,Carroll County Department of Fire & EMS,NOEMERG,2026-05-05 09:41:11-04:00,9,Tuesday,morning,1,-76.9957,39.57428
FD24013403|26008364_639137047807642996|1778004720,Carroll County Department of Fire & EMS,MEDICAL,2026-05-05 10:12:00-04:00,10,Tuesday,morning,1,-77.0245,39.43585
FD24013403|26008377_639137036707237683|1778012841,Carroll County Department of Fire & EMS,MEDICAL,2026-05-05 12:27:21-04:00,12,Tuesday,afternoon,1,-77.05564,39.44656
FD24013403|26008387_639136288127945711|1778020013,Carroll County Department of Fire & EMS,MEDICAL,2026-05-05 14:26:53-04:00,14,Tuesday,afternoon,1,-76.9187,39.62572
FD24013403|26008388_639136592442436122|1778020336,Carroll County Department of Fire & EMS,MEDICAL,2026-05-05 14:32:16-04:00,14,Tuesday,afternoon,1,-77.15812,39.65908
FD24013403|26008389_639139781619941769|1778020398,Carroll County Department of Fire & EMS,FIRE,2026-05-05 14:33:18-04:00,14,Tuesday,afternoon,2,-77.11039,39.38103
FD24013403|26008404_639136593306167653|1778040202,Carroll County Department of Fire & EMS,NOEMERG,2026-05-05 20:03:22-04:00,20,Tuesday,evening,1,-77.1739,39.56861
FD24013403|26008405_639137021045872875|1778043342,Carroll County Department of Fire & EMS,MEDICAL,2026-05-05 20:55:42-04:00,20,Tuesday,evening,1,-76.15873,38.818199284
FD24013403|26008417_639136756808652448|1778069427,Carroll County Department of Fire & EMS,MEDICAL,2026-05-06 04:10:27-04:00,4,Wednesday,overnight,1,-77.07555,39.4698
FD24013403|26008420_639136757407366340|1778070421,Carroll County Department of Fire & EMS,MEDICAL,2026-05-06 04:27:01-04:00,4,Wednesday,overnight,1,-76.98604,39.42124
FD24013403|26008424_639137019338651558|1778073570,Carroll County Department of Fire & EMS,NOEMERG,2026-05-06 05:19:30-04:00,5,Wednesday,overnight,3,-77.05679,39.39747
FD24013403|26008437_639137021953701276|1778083857,Carroll County Department of Fire & EMS,NOEMERG,2026-05-06 08:10:57-04:00,8,Wednesday,morning,1,-77.17584,39.57355
FD24013403|26008446_639137022616042223|1778090112,Carroll County Department of Fire & EMS,MEDICAL,2026-05-06 09:55:12-04:00,9,Wednesday,morning,1,-77.15562,39.65676
FD24013403|26008448_639137023466633643|1778095147,Carroll County Department of Fire & EMS,MEDICAL,2026-05-06 11:19:07-04:00,11,Wednesday,morning,1,-77.17336,39.66085
FD24013403|26008449_639137024106624242|1778096879,Carroll County Department of Fire & EMS,MEDICAL,2026-05-06 11:47:59-04:00,11,Wednesday,morning,1,-77.23676,39.60188
FD24013403|26008454_639137024706206973|1778098395,Carroll County Department of Fire & EMS,NOEMERG,2026-05-06 12:13:15-04:00,12,Wednesday,afternoon,1,-77.01494,39.5863
FD24013403|26008456_639137025615773686|1778099904,Carroll County Department of Fire & EMS,MEDICAL,2026-05-06 12:38:24-04:00,12,Wednesday,afternoon,1,-77.16343,39.66021
FD24013403|26008458_639137544612127567|1778100759,Carroll County Department of Fire & EMS,NOEMERG,2026-05-06 12:52:39-04:00,12,Wednesday,afternoon,1,-76.97311,39.56508
FD24013403|26008464_639137545702465111|1778113678,Carroll County Department of Fire & EMS,MEDICAL,2026-05-06 16:27:58-04:00,16,Wednesday,afternoon,1,-76.90786,39.60905
FD24013403|26008495_639138085144885474|1778159491,Carroll County Department of Fire & EMS,MEDICAL,2026-05-07 05:11:31-04:00,5,Thursday,overnight,2,-76.94844,39.40542
FD24013403|26008501_639138076207690211|1778163078,Carroll County Department of Fire & EMS,MEDICAL,2026-05-07 06:11:18-04:00,6,Thursday,morning,1,-77.15251,39.36851
FD24013403|26008504_639138075897573418|1778165904,Carroll County Department of Fire & EMS,MEDICAL,2026-05-07 06:58:24-04:00,6,Thursday,morning,1,-76.96923,39.36903
FD24013403|26008505_639137666633427077|1778166092,Carroll County Department of Fire & EMS,NOEMERG,2026-05-07 07:01:32-04:00,7,Thursday,morning,2,-76.96126,39.48169
FD24013403|26008506_639138019250310240|1778167388,Carroll County Department of Fire & EMS,MEDICAL,2026-05-07 07:23:08-04:00,7,Thursday,morning,1,-76.99877,39.54512
FD24013403|26008512_639137878211281667|1778172362,Carroll County Department of Fire & EMS,NOEMERG,2026-05-07 08:46:02-04:00,8,Thursday,morning,1,-76.8566,39.76457
FD24013403|26008517_639137876411592859|1778174850,Carroll County Department of Fire & EMS,MEDICAL,2026-05-07 09:27:30-04:00,9,Thursday,morning,2,-76.99082,39.56384
FD24013403|26008521_639138020704674125|1778176872,Carroll County Department of Fire & EMS,HAZSIT,2026-05-07 10:01:12-04:00,10,Thursday,morning,2,-76.98623,39.55614
FD24013403|26008537_639138073246682377|1778190135,Carroll County Department of Fire & EMS,MEDICAL,2026-05-07 13:42:15-04:00,13,Thursday,afternoon,1,-76.9791,39.4149
FD24013403|26008539_639137922907558521|1778193444,Carroll County Department of Fire & EMS,MEDICAL,2026-05-07 14:37:24-04:00,14,Thursday,afternoon,1,-76.91687,39.62473
FD24013403|26008543_639137964013933898|1778197544,Carroll County Department of Fire & EMS,MEDICAL,2026-05-07 15:45:44-04:00,15,Thursday,afternoon,1,-76.99406,39.57529
FD24013403|26008546_639173935808433676|1778200024,Carroll County Department of Fire & EMS,MEDICAL,2026-05-07 16:27:04-04:00,16,Thursday,afternoon,1,-77.06563,39.48395
FD24013403|26008549_639138056107171795|1778205764,Carroll County Department of Fire & EMS,MEDICAL,2026-05-07 18:02:44-04:00,18,Thursday,evening,1,-77.1766,39.65889
FD24013403|26008550_639144546907277755|1778211104,Carroll County Department of Fire & EMS,FIRE,2026-05-07 19:31:44-04:00,19,Thursday,evening,2,-77.01095,39.5954
FD24013403|26008551_639138153206046317|1778215269,Carroll County Department of Fire & EMS,NOEMERG,2026-05-07 20:41:09-04:00,20,Thursday,evening,1,-77.15242,39.64384
FD24013403|26008552_639138155105276654|1778215277,Carroll County Department of Fire & EMS,MEDICAL,2026-05-07 20:41:17-04:00,20,Thursday,evening,1,-77.0548,39.41038
FD24013403|26008554_639138330306536650|1778221070,Carroll County Department of Fire & EMS,NOEMERG,2026-05-07 22:17:50-04:00,22,Thursday,evening,1,-76.9826,39.55596
FD24013403|26008556_639138328809592201|1778226087,Carroll County Department of Fire & EMS,MEDICAL,2026-05-07 23:41:27-04:00,23,Thursday,evening,1,-77.017,39.46473
FD24013403|26008557_639138285585244564|1778228708,Carroll County Department of Fire & EMS,MEDICAL,2026-05-08 00:25:08-04:00,0,Friday,overnight,1,-77.13053,39.59391
FD24013403|26008559_639138311406811849|1778232102,Carroll County Department of Fire & EMS,PUBSERV,2026-05-08 01:21:42-04:00,1,Friday,overnight,1,-77.15967,39.65101
FD24013403|26008577_639138786031992758|1778251237,Carroll County Department of Fire & EMS,MEDICAL,2026-05-08 06:40:37-04:00,6,Friday,morning,1,-76.94924,39.39936
FD24013403|26008585_639138787230306230|1778257509,Carroll County Department of Fire & EMS,MEDICAL,2026-05-08 08:25:09-04:00,8,Friday,morning,1,-76.95387,39.38261
FD24013403|26008596_639138914409923313|1778267374,Carroll County Department of Fire & EMS,HAZSIT,2026-05-08 11:09:34-04:00,11,Friday,morning,1,-76.99485,39.57802
FD24013403|26008601_639138790209827926|1778273651,Carroll County Department of Fire & EMS,FIRE,2026-05-08 12:54:11-04:00,12,Friday,afternoon,2,-77.13966,39.39247
FD24013403|26008604_639138915035634521|1778278851,Carroll County Department of Fire & EMS,NOEMERG,2026-05-08 14:20:51-04:00,14,Friday,afternoon,1,-76.99252,39.59571
FD24013403|26008609_639138916108964652|1778284366,Carroll County Department of Fire & EMS,MEDICAL,2026-05-08 15:52:46-04:00,15,Friday,afternoon,1,-76.84395,39.60087
FD24013403|26008611_639138917661685665|1778287357,Carroll County Department of Fire & EMS,NOEMERG,2026-05-08 16:42:37-04:00,16,Friday,afternoon,1,-77.02465,39.5882
FD24013403|26008616_639138901509846015|1778289317,Carroll County Department of Fire & EMS,MEDICAL,2026-05-08 17:15:17-04:00,17,Friday,afternoon,1,-77.07984,39.4428
FD24013403|26008618_639138931807663556|1778289934,Carroll County Department of Fire & EMS,NOEMERG,2026-05-08 17:25:34-04:00,17,Friday,afternoon,2,-77.23664,39.60212
FD24013403|26008624_639139209624100758|1778298195,Carroll County Department of Fire & EMS,NOEMERG,2026-05-08 19:43:15-04:00,19,Friday,evening,2,-76.9444,39.56806
FD24013403|26008635_639139218307567701|1778317976,Carroll County Department of Fire & EMS,MEDICAL,2026-05-09 01:12:56-04:00,1,Saturday,overnight,2,-77.19071,39.59269
FD24013403|26008638_639139778706137626|1778322626,Carroll County Department of Fire & EMS,MEDICAL,2026-05-09 02:30:26-04:00,2,Saturday,overnight,1,-76.89719,39.56957
FD24013403|26008644_639139779568274246|1778342303,Carroll County Department of Fire & EMS,NOEMERG,2026-05-09 07:58:23-04:00,7,Saturday,morning,1,-76.96567,39.56526
FD24013403|26008650_639142370632081554|1778348996,Carroll County Department of Fire & EMS,HAZSIT,2026-05-09 09:49:56-04:00,9,Saturday,morning,1,-77.16667,39.35916
FD24013403|26008653_639139779909535769|1778352006,Carroll County Department of Fire & EMS,NOEMERG,2026-05-09 10:40:06-04:00,10,Saturday,morning,1,-76.99691,39.57484
FD24013403|26008661_639139775126488463|1778356786,Carroll County Department of Fire & EMS,MEDICAL,2026-05-09 11:59:46-04:00,11,Saturday,morning,2,-77.24824,39.65945
FD24013403|26008663_639139776609484910|1778357359,Carroll County Department of Fire & EMS,MEDICAL,2026-05-09 12:09:19-04:00,12,Saturday,afternoon,2,-77.03081,39.67897
FD24013403|26008668_639140341177216464|1778360720,Carroll County Department of Fire & EMS,MEDICAL,2026-05-09 13:05:20-04:00,13,Saturday,afternoon,1,-77.174,39.6546
FD24013403|26008671_639139781106878950|1778365055,Carroll County Department of Fire & EMS,NOEMERG,2026-05-09 14:17:35-04:00,14,Saturday,afternoon,1,-76.83882,39.59208
FD24013403|26008672_639139782352593047|1778365765,Carroll County Department of Fire & EMS,MEDICAL,2026-05-09 14:29:25-04:00,14,Saturday,afternoon,1,-76.84874,39.60378
FD24013403|26008677_639142366505071416|1778366208,Carroll County Department of Fire & EMS,MEDICAL,2026-05-09 14:36:48-04:00,14,Saturday,afternoon,1,-76.93236,39.39895
FD24013403|26008692_639140624106377740|1778407476,Carroll County Department of Fire & EMS,MEDICAL,2026-05-10 02:04:36-04:00,2,Sunday,overnight,1,-76.94736,39.40019
FD24013403|26008697_639140565204194424|1778414611,Carroll County Department of Fire & EMS,MEDICAL,2026-05-10 04:03:31-04:00,4,Sunday,overnight,1,-77.16681,39.65501
FD24013403|26008704_639140565615980847|1778421257,Carroll County Department of Fire & EMS,MEDICAL,2026-05-10 05:54:17-04:00,5,Sunday,overnight,2,-76.98806,39.59491
FD24013403|26008706_639140443510837609|1778423631,Carroll County Department of Fire & EMS,MEDICAL,2026-05-10 06:33:51-04:00,6,Sunday,morning,2,-76.93262,39.49004
FD24013403|26008714_639140623512298757|1778431079,Carroll County Department of Fire & EMS,NOEMERG,2026-05-10 08:37:59-04:00,8,Sunday,morning,1,-77.12995,39.4069
FD24013403|26008715_639140447712824806|1778434213,Carroll County Department of Fire & EMS,HAZSIT,2026-05-10 09:30:13-04:00,9,Sunday,morning,2,-76.98968,39.56884
FD24013403|26008729_639140623466351607|1778440132,Carroll County Department of Fire & EMS,NOEMERG,2026-05-10 11:08:52-04:00,11,Sunday,morning,1,-77.02226,39.52924
FD24013403|26008741_639140525620412683|1778450279,Carroll County Department of Fire & EMS,MEDICAL,2026-05-10 13:57:59-04:00,13,Sunday,afternoon,1,-76.83668,39.59285
FD24013403|26008747_639140623464163310|1778458701,Carroll County Department of Fire & EMS,MEDICAL,2026-05-10 16:18:21-04:00,16,Sunday,afternoon,2,-76.92867,39.39424
FD24013403|26008748_639140621718222345|1778460759,Carroll County Department of Fire & EMS,MEDICAL,2026-05-10 16:52:39-04:00,16,Sunday,afternoon,1,-76.99139,39.56517
FD24013403|26008754_639140925928933979|1778466908,Carroll County Department of Fire & EMS,HAZSIT,2026-05-10 18:35:08-04:00,18,Sunday,evening,2,-76.98696,39.57217
FD24013403|26008757_639147119034671342|1778471604,Carroll County Department of Fire & EMS,MEDICAL,2026-05-10 19:53:24-04:00,19,Sunday,evening,1,-77.16531,39.65409
FD24013403|26008759_639142302015222567|1778472993,Carroll County Department of Fire & EMS,MEDICAL,2026-05-10 20:16:33-04:00,20,Sunday,evening,1,-77.15803,39.67181
FD24013403|26008764_639142302886836763|1778476825,Carroll County Department of Fire & EMS,MEDICAL,2026-05-10 21:20:25-04:00,21,Sunday,evening,1,-77.15855,39.64717
FD24013403|26008765_639147120613353495|1778478270,Carroll County Department of Fire & EMS,MEDICAL,2026-05-10 21:44:30-04:00,21,Sunday,evening,1,-77.16204,39.64718
FD24013403|26008775_639141027805413979|1778498913,Carroll County Department of Fire & EMS,NOEMERG,2026-05-11 03:28:33-04:00,3,Monday,overnight,1,-77.00522,39.57157
FD24013403|26008778_639141028608570962|1778500905,Carroll County Department of Fire & EMS,NOEMERG,2026-05-11 04:01:45-04:00,4,Monday,overnight,1,-76.99723,39.5782
FD24013403|26008795_639141177009310316|1778517430,Carroll County Department of Fire & EMS,MEDICAL,2026-05-11 08:37:10-04:00,8,Monday,morning,1,-76.85013,39.56202
FD24013403|26008796_639141177622232891|1778516758,Carroll County Department of Fire & EMS,NOEMERG,2026-05-11 08:25:58-04:00,8,Monday,morning,1,-76.86547,39.50384
FD24013403|26008798_639141206595657238|1778517461,Carroll County Department of Fire & EMS,MEDICAL,2026-05-11 08:37:41-04:00,8,Monday,morning,2,-76.99442,39.56379
FD24013403|26008802_639141263710627024|1778521546,Carroll County Department of Fire & EMS,MEDICAL,2026-05-11 09:45:46-04:00,9,Monday,morning,1,-76.97213,39.37894
FD24013403|26008814_639141288944500429|1778529852,Carroll County Department of Fire & EMS,NOEMERG,2026-05-11 12:04:12-04:00,12,Monday,afternoon,1,-76.99158,39.68494
FD24013403|26008820_639141422708681963|1778542396,Carroll County Department of Fire & EMS,NOEMERG,2026-05-11 15:33:16-04:00,15,Monday,afternoon,2,-76.97923,39.5647
FD24013403|26008848_639142171714280155|1778583475,Carroll County Department of Fire & EMS,PUBSERV,2026-05-12 02:57:55-04:00,2,Tuesday,overnight,1,-77.16333,39.64745
FD24013403|26008849_639142174394254642|1778586055,Carroll County Department of Fire & EMS,NOEMERG,2026-05-12 03:40:55-04:00,3,Tuesday,overnight,1,-77.15967,39.65101
FD24013403|26008850_639142668910069080|1778587229,Carroll County Department of Fire & EMS,FIRE,2026-05-12 04:00:29-04:00,4,Tuesday,overnight,3,-77.0333,39.58417
FD24013403|26008853_639141891307462418|1778589328,Carroll County Department of Fire & EMS,MEDICAL,2026-05-12 04:35:28-04:00,4,Tuesday,overnight,1,-77.07139,39.47673
FD24013403|26008857_639141920422050662|1778590146,Carroll County Department of Fire & EMS,MEDICAL,2026-05-12 04:49:06-04:00,4,Tuesday,overnight,1,-76.87126,39.60918
FD24013403|26008867_639142253960097694|1778597961,Carroll County Department of Fire & EMS,MEDICAL,2026-05-12 06:59:21-04:00,6,Tuesday,morning,1,-76.95571,39.38594
FD24013403|26008875_639142200609532748|1778605570,Carroll County Department of Fire & EMS,NOEMERG,2026-05-12 09:06:10-04:00,9,Tuesday,morning,1,-76.99428,39.58176
FD24013403|26008879_639142172714704760|1778608979,Carroll County Department of Fire & EMS,MEDICAL,2026-05-12 10:02:59-04:00,10,Tuesday,morning,1,-77.029,39.67147
FD24013403|26008882_639142201213015516|1778611375,Carroll County Department of Fire & EMS,NOEMERG,2026-05-12 10:42:55-04:00,10,Tuesday,morning,1,-76.97938,39.56796
FD24013403|26008884_639142199658966162|1778612712,Carroll County Department of Fire & EMS,MEDICAL,2026-05-12 11:05:12-04:00,11,Tuesday,morning,1,-76.90797,39.53739
FD24013403|26008899_639142705512990691|1778625806,Carroll County Department of Fire & EMS,NOEMERG,2026-05-12 14:43:26-04:00,14,Tuesday,afternoon,1,-76.9016,39.50776
FD24013403|26008904_639142434584436732|1778633658,Carroll County Department of Fire & EMS,FIRE,2026-05-12 16:54:18-04:00,16,Tuesday,afternoon,2,-77.09005,39.45056
FD24013403|26008915_639142694706637599|1778638484,Carroll County Department of Fire & EMS,MEDICAL,2026-05-12 18:14:44-04:00,18,Tuesday,evening,1,-77.15855,39.64717
FD24013403|26008920_639142706407327728|1778655305,Carroll County Department of Fire & EMS,MEDICAL,2026-05-12 22:55:05-04:00,22,Tuesday,evening,1,-76.8903,39.65615
FD24013403|26008926_639143195411769361|1778701057,Carroll County Department of Fire & EMS,FIRE,2026-05-13 11:37:37-04:00,11,Wednesday,morning,1,-77.09005,39.45056
FD24013403|26008941_639144038680043588|1778684668,Carroll County Department of Fire & EMS,MEDICAL,2026-05-13 07:04:28-04:00,7,Wednesday,morning,1,-76.89739,39.35282
FD24013403|26008956_639144042007349245|1778695758,Carroll County Department of Fire & EMS,MEDICAL,2026-05-13 10:09:18-04:00,10,Wednesday,morning,1,-77.14585,39.35743
FD24013403|26008959_639143490792257932|1778697766,Carroll County Department of Fire & EMS,MEDICAL,2026-05-13 10:42:46-04:00,10,Wednesday,morning,1,-77.07229,39.65364
FD24013403|26008961_639143493182393044|1778701747,Carroll County Department of Fire & EMS,HAZSIT,2026-05-13 11:49:07-04:00,11,Wednesday,morning,1,-77.17455,39.65792
FD24013403|26008966_639143494206819635|1778704958,Carroll County Department of Fire & EMS,HAZSIT,2026-05-13 12:42:38-04:00,12,Wednesday,afternoon,1,-77.01198,39.5874
FD24013403|26008967_639144046207276529|1778706224,Carroll County Department of Fire & EMS,MEDICAL,2026-05-13 13:03:44-04:00,13,Wednesday,afternoon,1,-76.98701,39.52661
FD24013403|26008969_639143495706926956|1778705984,Carroll County Department of Fire & EMS,MEDICAL,2026-05-13 12:59:44-04:00,12,Wednesday,afternoon,1,-77.0269,39.58587
FD24013403|26009001_639143730917732916|1778762082,Carroll County Department of Fire & EMS,MEDICAL,2026-05-14 04:34:42-04:00,4,Thursday,overnight,1,-77.07247,39.58705
FD24013403|26009002_639144036814655324|1778762003,Carroll County Department of Fire & EMS,NOEMERG,2026-05-14 04:33:23-04:00,4,Thursday,overnight,1,-76.99026,39.55836
FD24013403|26009011_639147112809655564|1778782758,Carroll County Department of Fire & EMS,MEDICAL,2026-05-14 10:19:18-04:00,10,Thursday,morning,1,-76.97708,39.57119
FD24013403|26009030_639144093926615964|1778796274,Carroll County Department of Fire & EMS,MEDICAL,2026-05-14 14:04:34-04:00,14,Thursday,afternoon,1,-77.17505,39.65897
FD24013403|26009045_639147117007417299|1778816566,Carroll County Department of Fire & EMS,MEDICAL,2026-05-14 19:42:46-04:00,19,Thursday,evening,2,-77.15855,39.64717
FD24013403|26009049_639146399406363131|1778841973,Carroll County Department of Fire & EMS,MEDICAL,2026-05-15 02:46:13-04:00,2,Friday,overnight,1,-76.87581,39.50571
FD24013403|26009061_639144927013125215|1778850159,Carroll County Department of Fire & EMS,NOEMERG,2026-05-15 05:02:39-04:00,5,Friday,overnight,1,-76.99876,39.58098
FD24013403|26009062_639144554306322909|1778849615,Carroll County Department of Fire & EMS,RESCUE,2026-05-15 04:53:35-04:00,4,Friday,overnight,3,-76.99253,39.5514
FD24013403|26009066_639146402425747600|1778855922,Carroll County Department of Fire & EMS,MEDICAL,2026-05-15 06:38:42-04:00,6,Friday,morning,1,-76.99241,39.54142
FD24013403|26009082_639146404207505881|1778875090,Carroll County Department of Fire & EMS,NOEMERG,2026-05-15 11:58:10-04:00,11,Friday,morning,1,-76.86792,39.63778
FD24013403|26009084_639144931522521812|1778878012,Carroll County Department of Fire & EMS,NOEMERG,2026-05-15 12:46:52-04:00,12,Friday,afternoon,1,-76.93784,39.39868
FD24013403|26009110_639145308008552473|1778932291,Carroll County Department of Fire & EMS,NOEMERG,2026-05-16 03:51:31-04:00,3,Saturday,overnight,1,-77.15967,39.65101
FD24013403|26009119_639145622960664855|1778943080,Carroll County Department of Fire & EMS,NOEMERG,2026-05-16 06:51:20-04:00,6,Saturday,morning,1,-76.85107,39.60744
FD24013403|26009124_639147020111904947|1778949676,Carroll County Department of Fire & EMS,NOEMERG,2026-05-16 08:41:16-04:00,8,Saturday,morning,1,-77.0944,39.45165
FD24013403|26009130_639145623319955057|1778957612,Carroll County Department of Fire & EMS,NOEMERG,2026-05-16 10:53:32-04:00,10,Saturday,morning,2,-77.00998,39.60427
FD24013403|26009143_639147021891539554|1778967517,Carroll County Department of Fire & EMS,MEDICAL,2026-05-16 13:38:37-04:00,13,Saturday,afternoon,1,-76.92614,39.37395
FD24013403|26009150_639147022715518771|1778972783,Carroll County Department of Fire & EMS,NOEMERG,2026-05-16 15:06:23-04:00,15,Saturday,afternoon,1,-76.89526,39.39715
FD24013403|26009155_639146118928983836|1778978151,Carroll County Department of Fire & EMS,MEDICAL,2026-05-16 16:35:51-04:00,16,Saturday,afternoon,1,-77.00122,39.58168
FD24013403|26009157_639147023749652262|1778983351,Carroll County Department of Fire & EMS,MEDICAL,2026-05-16 18:02:31-04:00,18,Saturday,evening,1,-76.93262,39.49004
FD24013403|26009162_639146120320483754|1778990841,Carroll County Department of Fire & EMS,MEDICAL,2026-05-16 20:07:21-04:00,20,Saturday,evening,1,-76.77186,39.62041
FD24013403|26009171_639146269390769688|1779019735,Carroll County Department of Fire & EMS,NOEMERG,2026-05-17 04:08:55-04:00,4,Sunday,overnight,1,-77.18259,39.65366
FD24013403|26009173_639146270383026439|1779020300,Carroll County Department of Fire & EMS,MEDICAL,2026-05-17 04:18:20-04:00,4,Sunday,overnight,1,-77.02361,39.5862
FD24013403|26009187_639146331358372993|1779034206,Carroll County Department of Fire & EMS,FIRE,2026-05-17 08:10:06-04:00,8,Sunday,morning,1,-77.16184,39.6489
FD24013403|26009189_639146733618866835|1779035824,Carroll County Department of Fire & EMS,MEDICAL,2026-05-17 08:37:04-04:00,8,Sunday,morning,1,-76.81177,39.57525
FD24013403|26009214_639146735280567425|1779057155,Carroll County Department of Fire & EMS,PUBSERV,2026-05-17 14:32:35-04:00,14,Sunday,afternoon,1,-76.86513,39.66954
FD24013403|26009218_639146736314408668|1779060912,Carroll County Department of Fire & EMS,MEDICAL,2026-05-17 15:35:12-04:00,15,Sunday,afternoon,1,-76.86513,39.66954
FD24013403|26009219_639148113626866588|1779059583,Carroll County Department of Fire & EMS,MEDICAL,2026-05-17 15:13:03-04:00,15,Sunday,afternoon,1,-77.0004,39.42657
FD24013403|26009224_639146666948952128|1779062938,Carroll County Department of Fire & EMS,MEDICAL,2026-05-17 16:08:58-04:00,16,Sunday,afternoon,1,-77.09536,39.44357
FD24013403|26009237_639146770858748198|1779074167,Carroll County Department of Fire & EMS,MEDICAL,2026-05-17 19:16:07-04:00,19,Sunday,evening,1,-77.13054,39.3678
FD24013403|26009242_639146959125698887|1779081506,Carroll County Department of Fire & EMS,MEDICAL,2026-05-17 21:18:26-04:00,21,Sunday,evening,1,-77.172741,39.659569
FD24013403|26009246_639151638182178345|1779092503,Carroll County Department of Fire & EMS,NOEMERG,2026-05-18 00:21:43-04:00,0,Monday,overnight,1,-76.94894,39.40718
FD24013403|26009248_639147114918189662|1779101740,Carroll County Department of Fire & EMS,MEDICAL,2026-05-18 02:55:40-04:00,2,Monday,overnight,1,-76.93758,39.40079
FD24013403|26009251_639147115809953889|1779104471,Carroll County Department of Fire & EMS,MEDICAL,2026-05-18 03:41:11-04:00,3,Monday,overnight,1,-76.84046,39.59688
FD24013403|26009256_639147122411001966|1779107992,Carroll County Department of Fire & EMS,MEDICAL,2026-05-18 04:39:52-04:00,4,Monday,overnight,1,-77.17192,39.65642
FD24013403|26009265_639147211236857060|1779116523,Carroll County Department of Fire & EMS,MEDICAL,2026-05-18 07:02:03-04:00,7,Monday,morning,1,-77.03121,39.47165
FD24013403|26009267_639150445508503784|1779116838,Carroll County Department of Fire & EMS,MEDICAL,2026-05-18 07:07:18-04:00,7,Monday,morning,1,-76.99364,39.58292
FD24013403|26009271_639147210656852933|1779119679,Carroll County Department of Fire & EMS,MEDICAL,2026-05-18 07:54:39-04:00,7,Monday,morning,1,-76.92879,39.39681
FD24013403|26009277_639147210094318488|1779121021,Carroll County Department of Fire & EMS,MEDICAL,2026-05-18 08:17:01-04:00,8,Monday,morning,1,-76.99114,39.42468
FD24013403|26009278_639147262225267277|1779121428,Carroll County Department of Fire & EMS,MEDICAL,2026-05-18 08:23:48-04:00,8,Monday,morning,1,-77.01115,39.59433
FD24013403|26009287_639147647848574221|1779126140,Carroll County Department of Fire & EMS,NOEMERG,2026-05-18 09:42:20-04:00,9,Monday,morning,1,-76.99252,39.53657
FD24013403|26009289_639148443888367019|1779127683,Carroll County Department of Fire & EMS,MEDICAL,2026-05-18 10:08:03-04:00,10,Monday,morning,1,-77.13312,39.5925
FD24013403|26009299_639148445111436613|1779132242,Carroll County Department of Fire & EMS,MEDICAL,2026-05-18 11:24:02-04:00,11,Monday,morning,1,-77.07247,39.58705
FD24013403|26009303_639147608709200769|1779134049,Carroll County Department of Fire & EMS,MEDICAL,2026-05-18 11:54:09-04:00,11,Monday,morning,1,-76.9488,39.41115
FD24013403|26009307_639147648841982484|1779134994,Carroll County Department of Fire & EMS,NOEMERG,2026-05-18 12:09:54-04:00,12,Monday,afternoon,1,-77.16055,39.36604
FD24013403|26009319_639147610208592995|1779143432,Carroll County Department of Fire & EMS,MEDICAL,2026-05-18 14:30:32-04:00,14,Monday,afternoon,2,-77.01568,39.43523
FD24013403|26009324_639148446620043494|1779146762,Carroll County Department of Fire & EMS,MEDICAL,2026-05-18 15:26:02-04:00,15,Monday,afternoon,1,-77.17814,39.5682
FD24013403|26009325_639150514507422070|1779146781,Carroll County Department of Fire & EMS,FIRE,2026-05-18 15:26:21-04:00,15,Monday,afternoon,5,-76.96651,39.55929
FD24013403|26009347_639148448218322783|1779171444,Carroll County Department of Fire & EMS,MEDICAL,2026-05-18 22:17:24-04:00,22,Monday,evening,1,-77.0023,39.71228
FD24013403|26009360_639151800308650909|1779197769,Carroll County Department of Fire & EMS,NOEMERG,2026-05-19 05:36:09-04:00,5,Tuesday,overnight,3,-76.96567,39.56526
FD24013403|26009365_639147987010619381|1779199215,Carroll County Department of Fire & EMS,MEDICAL,2026-05-19 06:00:15-04:00,6,Tuesday,morning,1,-76.97818,39.60475
FD24013403|26009370_639148402402581525|1779204014,Carroll County Department of Fire & EMS,MEDICAL,2026-05-19 07:20:14-04:00,7,Tuesday,morning,1,-77.01801,39.3998
FD24013403|26009380_639148399811130272|1779212500,Carroll County Department of Fire & EMS,MEDICAL,2026-05-19 09:41:40-04:00,9,Tuesday,morning,2,-77.07257,39.47686
FD24013403|26009384_639148180520840523|1779217654,Carroll County Department of Fire & EMS,MEDICAL,2026-05-19 11:07:34-04:00,11,Tuesday,morning,1,-76.99771,39.54081
FD24013403|26009385_639148406408857949|1779218102,Carroll County Department of Fire & EMS,MEDICAL,2026-05-19 11:15:02-04:00,11,Tuesday,morning,2,-77.14738,39.37871
FD24013403|26009393_639148422308830582|1779226472,Carroll County Department of Fire & EMS,MEDICAL,2026-05-19 13:34:32-04:00,13,Tuesday,afternoon,1,-77.16504,39.3826
FD24013403|26009396_639148284913994978|1779227749,Carroll County Department of Fire & EMS,NOEMERG,2026-05-19 13:55:49-04:00,13,Tuesday,afternoon,1,-76.99069,39.37472
FD24013403|26009400_639148408462157949|1779230129,Carroll County Department of Fire & EMS,MEDICAL,2026-05-19 14:35:29-04:00,14,Tuesday,afternoon,1,-77.1526,39.37164
FD24013403|26009408_639148322636252372|1779234614,Carroll County Department of Fire & EMS,MEDICAL,2026-05-19 15:50:14-04:00,15,Tuesday,afternoon,1,-76.86739,39.61095
FD24013403|26009412_639148355965705939|1779237232,Carroll County Department of Fire & EMS,NOEMERG,2026-05-19 16:33:52-04:00,16,Tuesday,afternoon,2,-76.89829,39.5022
FD24013403|26009413_639148442107992368|1779238463,Carroll County Department of Fire & EMS,MEDICAL,2026-05-19 16:54:23-04:00,16,Tuesday,afternoon,1,-77.16343,39.66021
FD24013403|26009429_639148645810190041|1779267103,Carroll County Department of Fire & EMS,NOEMERG,2026-05-20 00:51:43-04:00,0,Wednesday,overnight,1,-76.89468,39.49842
FD24013403|26009439_639149025882875496|1779277741,Carroll County Department of Fire & EMS,NOEMERG,2026-05-20 03:49:01-04:00,3,Wednesday,overnight,1,-77.15855,39.64717
FD24013403|26009443_639149026508991293|1779282992,Carroll County Department of Fire & EMS,MEDICAL,2026-05-20 05:16:32-04:00,5,Wednesday,overnight,1,-76.99514,39.56907
FD24013403|26009453_639149028317616003|1779293785,Carroll County Department of Fire & EMS,RESCUE,2026-05-20 08:16:25-04:00,8,Wednesday,morning,1,-77.15855,39.64717
FD24013403|26009461_639149589027506944|1779303701,Carroll County Department of Fire & EMS,MEDICAL,2026-05-20 11:01:41-04:00,11,Wednesday,morning,1,-77.00122,39.58168
FD24013403|26009485_639149275807146928|1779321882,Carroll County Department of Fire & EMS,NOEMERG,2026-05-20 16:04:42-04:00,16,Wednesday,afternoon,2,-77.15067,39.39271
FD24013403|26009488_639149399022766156|1779329631,Carroll County Department of Fire & EMS,MEDICAL,2026-05-20 18:13:51-04:00,18,Wednesday,evening,1,-77.01951,39.71924
FD24013403|26009495_639149536506326241|1779347928,Carroll County Department of Fire & EMS,MEDICAL,2026-05-20 23:18:48-04:00,23,Wednesday,evening,1,-76.96067,39.3989
FD24013403|26009500_639150095651257466|1779359707,Carroll County Department of Fire & EMS,PUBSERV,2026-05-21 02:35:07-04:00,2,Thursday,overnight,1,-77.15967,39.65101
FD24013403|26009504_639150443405816041|1779364771,Carroll County Department of Fire & EMS,MEDICAL,2026-05-21 03:59:31-04:00,3,Thursday,overnight,1,-76.97112,39.37373
FD24013403|26009508_639150450309819040|1779366624,Carroll County Department of Fire & EMS,MEDICAL,2026-05-21 04:30:24-04:00,4,Thursday,overnight,1,-76.93025,39.38791
FD24013403|26009530_639149897127255941|1779380537,Carroll County Department of Fire & EMS,MEDICAL,2026-05-21 08:22:17-04:00,8,Thursday,morning,1,-77.16239,39.65995
FD24013403|26009534_639150090013481641|1779386156,Carroll County Department of Fire & EMS,MEDICAL,2026-05-21 09:55:56-04:00,9,Thursday,morning,1,-76.84501,39.65075
FD24013403|26009536_639150091406673473|1779388174,Carroll County Department of Fire & EMS,MEDICAL,2026-05-21 10:29:34-04:00,10,Thursday,morning,1,-76.86228,39.60222
FD24013403|26009539_639150092659386608|1779389948,Carroll County Department of Fire & EMS,MEDICAL,2026-05-21 10:59:08-04:00,10,Thursday,morning,1,-76.99954,39.57847
FD24013403|26009548_639150093329654305|1779396222,Carroll County Department of Fire & EMS,NOEMERG,2026-05-21 12:43:42-04:00,12,Thursday,afternoon,2,-76.99766,39.61233
FD24013403|26009552_639150445809386148|1779399769,Carroll County Department of Fire & EMS,MEDICAL,2026-05-21 13:42:49-04:00,13,Thursday,afternoon,1,-76.91999,39.38265
FD24013403|26009569_639150440927734906|1779420525,Carroll County Department of Fire & EMS,MEDICAL,2026-05-21 19:28:45-04:00,19,Thursday,evening,1,-77.10577,39.49354
FD24013403|26009575_639150405869045365|1779425915,Carroll County Department of Fire & EMS,MEDICAL,2026-05-21 20:58:35-04:00,20,Thursday,evening,2,-76.99746,39.61679
FD24013403|26009595_639150617343323071|1779458834,Carroll County Department of Fire & EMS,PUBSERV,2026-05-22 06:07:14-04:00,6,Friday,morning,1,-77.15759,39.64276
FD24013403|26009598_639150690611457484|1779461473,Carroll County Department of Fire & EMS,PUBSERV,2026-05-22 06:51:13-04:00,6,Friday,morning,1,-77.16252,39.65373
FD24013403|26009606_639150795009919810|1779477054,Carroll County Department of Fire & EMS,MEDICAL,2026-05-22 11:10:54-04:00,11,Friday,morning,2,-76.93423,39.53016
FD24013403|26009607_639150797410752576|1779476675,Carroll County Department of Fire & EMS,MEDICAL,2026-05-22 11:04:35-04:00,11,Friday,morning,1,-77.14158,39.36755
FD24013403|26009617_639156155704764409|1779487046,Carroll County Department of Fire & EMS,MEDICAL,2026-05-22 13:57:26-04:00,13,Friday,afternoon,1,-76.83836,39.59311
FD24013403|26009622_639156156308520958|1779489360,Carroll County Department of Fire & EMS,MEDICAL,2026-05-22 14:36:00-04:00,14,Friday,afternoon,1,-76.99346,39.57091
FD24013403|26009629_639153954870239324|1779494132,Carroll County Department of Fire & EMS,MEDICAL,2026-05-22 15:55:32-04:00,15,Friday,afternoon,1,-77.06916,39.41468
FD24013403|26009630_639156157414732723|1779494892,Carroll County Department of Fire & EMS,MEDICAL,2026-05-22 16:08:12-04:00,16,Friday,afternoon,1,-76.87147,39.68391
FD24013403|26009638_639156158409226023|1779503129,Carroll County Department of Fire & EMS,MEDICAL,2026-05-22 18:25:29-04:00,18,Friday,evening,1,-76.92884,39.64973
FD24013403|26009640_639156159613983736|1779507308,Carroll County Department of Fire & EMS,HAZSIT,2026-05-22 19:35:08-04:00,19,Friday,evening,1,-76.91731,39.70998
FD24013403|26009642_639169173198009198|1779509856,Carroll County Department of Fire & EMS,NOEMERG,2026-05-22 20:17:36-04:00,20,Friday,evening,1,-76.95479,39.70472
FD24013403|26009645_639153954311300857|1779513056,Carroll County Department of Fire & EMS,RESCUE,2026-05-22 21:10:56-04:00,21,Friday,evening,2,-77.07338,39.60073
FD24013403|26009651_639151456508244940|1779539307,Carroll County Department of Fire & EMS,MEDICAL,2026-05-23 04:28:27-04:00,4,Saturday,overnight,1,-76.96039,39.55496
FD24013403|26009664_639151644006920073|1779555246,Carroll County Department of Fire & EMS,MEDICAL,2026-05-23 08:54:06-04:00,8,Saturday,morning,1,-76.98382,39.56192
FD24013403|26009678_639151732809570404|1779571174,Carroll County Department of Fire & EMS,MEDICAL,2026-05-23 13:19:34-04:00,13,Saturday,afternoon,1,-76.90209,39.64806
FD24013403|26009685_639151894066885788|1779580971,Carroll County Department of Fire & EMS,MEDICAL,2026-05-23 16:02:51-04:00,16,Saturday,afternoon,1,-77.18129,39.66515
FD24013403|26009686_639151895107451827|1779584990,Carroll County Department of Fire & EMS,MEDICAL,2026-05-23 17:09:50-04:00,17,Saturday,afternoon,1,-77.1754,39.6606
FD24013403|26009687_639151869821795571|1779585969,Carroll County Department of Fire & EMS,MEDICAL,2026-05-23 17:26:09-04:00,17,Saturday,afternoon,2,-77.17138,39.65611
FD24013403|26009688_639151867112294650|1779586234,Carroll County Department of Fire & EMS,MEDICAL,2026-05-23 17:30:34-04:00,17,Saturday,afternoon,1,-76.90699,39.71712
FD24013403|26009693_639151926611659184|1779593042,Carroll County Department of Fire & EMS,MEDICAL,2026-05-23 19:24:02-04:00,19,Saturday,evening,1,-76.91725,39.60831
FD24013403|26009715_639152270331727556|1779617489,Carroll County Department of Fire & EMS,MEDICAL,2026-05-24 02:11:29-04:00,2,Sunday,overnight,1,-77.16454,39.66846
FD24013403|26009716_639152267730988216|1779619646,Carroll County Department of Fire & EMS,MEDICAL,2026-05-24 02:47:26-04:00,2,Sunday,overnight,1,-77.17173,39.62975
FD24013403|26009730_639152353525030794|1779632418,Carroll County Department of Fire & EMS,NOEMERG,2026-05-24 06:20:18-04:00,6,Sunday,morning,1,-76.99936,39.57679
FD24013403|26009731_639152354110433005|1779632889,Carroll County Department of Fire & EMS,MEDICAL,2026-05-24 06:28:09-04:00,6,Sunday,morning,1,-76.98447,39.5621
FD24013403|26009740_639152617407336014|1779652837,Carroll County Department of Fire & EMS,MEDICAL,2026-05-24 12:00:37-04:00,12,Sunday,afternoon,1,-77.09745,39.61973
FD24013403|26009749_639152629807575662|1779658466,Carroll County Department of Fire & EMS,MEDICAL,2026-05-24 13:34:26-04:00,13,Sunday,afternoon,2,-77.19127,39.61301
FD24013403|26009755_639153009005072159|1779668451,Carroll County Department of Fire & EMS,MEDICAL,2026-05-24 16:20:51-04:00,16,Sunday,afternoon,1,-76.85181,39.61036
FD24013403|26009756_639152787261428151|1779668541,Carroll County Department of Fire & EMS,MEDICAL,2026-05-24 16:22:21-04:00,16,Sunday,afternoon,1,-77.15855,39.64717
FD24013403|26009759_639152788416443063|1779672223,Carroll County Department of Fire & EMS,MEDICAL,2026-05-24 17:23:43-04:00,17,Sunday,afternoon,1,-77.16105,39.65932
FD24013403|26009771_639153075310913289|1779708454,Carroll County Department of Fire & EMS,NOEMERG,2026-05-25 03:27:34-04:00,3,Monday,overnight,2,-77.13216,39.36844
FD24013403|26009773_639153309909220122|1779709860,Carroll County Department of Fire & EMS,MEDICAL,2026-05-25 03:51:00-04:00,3,Monday,overnight,1,-77.18651,39.68783
FD24013403|26009781_639156504606103141|1779717760,Carroll County Department of Fire & EMS,MEDICAL,2026-05-25 06:02:40-04:00,6,Monday,morning,1,-76.99806,39.44607
FD24013403|26009784_639153613510991628|1779718781,Carroll County Department of Fire & EMS,MEDICAL,2026-05-25 06:19:41-04:00,6,Monday,morning,1,-76.98726,39.58437
FD24013403|26009787_639153614707422663|1779720231,Carroll County Department of Fire & EMS,MEDICAL,2026-05-25 06:43:51-04:00,6,Monday,morning,1,-76.94614,39.59679
FD24013403|26009789_639156500727647179|1779721605,Carroll County Department of Fire & EMS,MEDICAL,2026-05-25 07:06:45-04:00,7,Monday,morning,1,-77.02688,39.47239
FD24013403|26009792_639153615638815338|1779724283,Carroll County Department of Fire & EMS,MEDICAL,2026-05-25 07:51:23-04:00,7,Monday,morning,1,-76.85377,39.61016
FD24013403|26009805_639156492334485070|1779733483,Carroll County Department of Fire & EMS,MEDICAL,2026-05-25 10:24:43-04:00,10,Monday,morning,1,-76.99482,39.42294
FD24013403|26009806_639156488441507904|1779737212,Carroll County Department of Fire & EMS,MEDICAL,2026-05-25 11:26:52-04:00,11,Monday,morning,1,-77.16457,39.3633
FD24013403|26009821_639153617909047826|1779751833,Carroll County Department of Fire & EMS,MEDICAL,2026-05-25 15:30:33-04:00,15,Monday,afternoon,1,-76.88555,39.66323
FD24013403|26009823_639153619506031781|1779751562,Carroll County Department of Fire & EMS,NOEMERG,2026-05-25 15:26:02-04:00,15,Monday,afternoon,2,-76.99918,39.58288
FD24013403|26009826_639153620414391157|1779752758,Carroll County Department of Fire & EMS,MEDICAL,2026-05-25 15:45:58-04:00,15,Monday,afternoon,1,-76.8482,39.61065
FD24013403|26009827_639153849940830489|1779753041,Carroll County Department of Fire & EMS,NOEMERG,2026-05-25 15:50:41-04:00,15,Monday,afternoon,2,-77.10697,39.42792
FD24013403|26009829_639153621515502819|1779755842,Carroll County Department of Fire & EMS,NOEMERG,2026-05-25 16:37:22-04:00,16,Monday,afternoon,1,-76.99196,39.59748
FD24013403|26009830_639153543907598019|1779756179,Carroll County Department of Fire & EMS,NOEMERG,2026-05-25 16:42:59-04:00,16,Monday,afternoon,1,-77.17459,39.56927
FD24013403|26009839_639156484507105131|1779765002,Carroll County Department of Fire & EMS,PUBSERV,2026-05-25 19:10:02-04:00,19,Monday,evening,1,-77.05564,39.44656
FD24013403|26009847_639153956604022592|1779789258,Carroll County Department of Fire & EMS,MEDICAL,2026-05-26 01:54:18-04:00,1,Tuesday,overnight,1,-77.02995,39.47566
FD24013403|26009848_639154381808380567|1779790491,Carroll County Department of Fire & EMS,MEDICAL,2026-05-26 02:14:51-04:00,2,Tuesday,overnight,1,-77.15451,39.65745
FD24013403|26009850_639153949510472642|1779794366,Carroll County Department of Fire & EMS,MEDICAL,2026-05-26 03:19:26-04:00,3,Tuesday,overnight,1,-77.02576,39.58129
FD24013403|26009853_639154291079477061|1779799588,Carroll County Department of Fire & EMS,NOEMERG,2026-05-26 04:46:28-04:00,4,Tuesday,overnight,1,-77.04233,39.56815
FD24013403|26009858_639154290229960883|1779803750,Carroll County Department of Fire & EMS,MEDICAL,2026-05-26 05:55:50-04:00,5,Tuesday,overnight,1,-77.13278,39.3837
FD24013403|26009867_639154289141060179|1779813128,Carroll County Department of Fire & EMS,MEDICAL,2026-05-26 08:32:08-04:00,8,Tuesday,morning,1,-77.15251,39.36851
FD24013403|26009868_639154386788888021|1779810757,Carroll County Department of Fire & EMS,MEDICAL,2026-05-26 07:52:37-04:00,7,Tuesday,morning,1,-77.16157,39.64995
FD24013403|26009879_639154396810195949|1779822972,Carroll County Department of Fire & EMS,MEDICAL,2026-05-26 11:16:12-04:00,11,Tuesday,morning,1,-76.85085,39.60493
FD24013403|26009883_639154288506495369|1779825330,Carroll County Department of Fire & EMS,MEDICAL,2026-05-26 11:55:30-04:00,11,Tuesday,morning,1,-77.02103,39.39283
FD24013403|26009885_639154287873410417|1779827658,Carroll County Department of Fire & EMS,MEDICAL,2026-05-26 12:34:18-04:00,12,Tuesday,afternoon,2,-76.99648,39.55309
FD24013403|26009887_639154286888687516|1779828601,Carroll County Department of Fire & EMS,NOEMERG,2026-05-26 12:50:01-04:00,12,Tuesday,afternoon,1,-76.93145,39.49234
FD24013403|26009889_639154391116105649|1779830019,Carroll County Department of Fire & EMS,MEDICAL,2026-05-26 13:13:39-04:00,13,Tuesday,afternoon,1,-77.15975,39.65493
FD24013403|26009909_639154582208673426|1779859103,Carroll County Department of Fire & EMS,MEDICAL,2026-05-26 21:18:23-04:00,21,Tuesday,evening,1,-77.1644,39.65561
FD24013403|26009911_639154641005927549|1779860434,Carroll County Department of Fire & EMS,MEDICAL,2026-05-26 21:40:34-04:00,21,Tuesday,evening,1,-77.0944,39.45165
FD24013403|26009928_639154908609941071|1779886619,Carroll County Department of Fire & EMS,MEDICAL,2026-05-27 04:56:59-04:00,4,Wednesday,overnight,1,-76.83042,39.60531
FD24013403|26009930_639156514849017379|1779887079,Carroll County Department of Fire & EMS,MEDICAL,2026-05-27 05:04:39-04:00,5,Wednesday,overnight,1,-76.91826,39.38469
FD24013403|26009945_639156511713330067|1779903757,Carroll County Department of Fire & EMS,MEDICAL,2026-05-27 09:42:37-04:00,9,Wednesday,morning,2,-76.94939,39.60412
FD24013403|26009947_639155073613370369|1779903651,Carroll County Department of Fire & EMS,MEDICAL,2026-05-27 09:40:51-04:00,9,Wednesday,morning,1,-76.8877,39.66494
FD24013403|26009959_639155211015616376|1779915747,Carroll County Department of Fire & EMS,MEDICAL,2026-05-27 13:02:27-04:00,13,Wednesday,afternoon,1,-76.97213,39.37894
FD24013403|26009968_639155457905300078|1779920454,Carroll County Department of Fire & EMS,NOEMERG,2026-05-27 14:20:54-04:00,14,Wednesday,afternoon,1,-76.97786,39.58209
FD24013403|26009970_639155211822558881|1779923214,Carroll County Department of Fire & EMS,NOEMERG,2026-05-27 15:06:54-04:00,15,Wednesday,afternoon,1,-76.9933,39.5558
FD24013403|26009973_639155340539674150|1779924558,Carroll County Department of Fire & EMS,MEDICAL,2026-05-27 15:29:18-04:00,15,Wednesday,afternoon,1,-77.16208,39.65131
FD24013403|26009976_639155341206830490|1779928108,Carroll County Department of Fire & EMS,MEDICAL,2026-05-27 16:28:28-04:00,16,Wednesday,afternoon,1,-77.15885,39.667
FD24013403|26009980_639156498007684958|1779930551,Carroll County Department of Fire & EMS,MEDICAL,2026-05-27 17:09:11-04:00,17,Wednesday,afternoon,1,-77.12044,39.48393
FD24013403|26009990_639155457307583051|1779947685,Carroll County Department of Fire & EMS,NOEMERG,2026-05-27 21:54:45-04:00,21,Wednesday,evening,1,-76.97562,39.58835
FD24013403|26009992_639156101709786304|1779970315,Carroll County Department of Fire & EMS,MEDICAL,2026-05-28 04:11:55-04:00,4,Thursday,overnight,1,-77.15855,39.64717
FD24013403|26010001_639156159172882641|1779979769,Carroll County Department of Fire & EMS,MEDICAL,2026-05-28 06:49:29-04:00,6,Thursday,morning,1,-77.10939,39.54397
FD24013403|26010011_639155955007454397|1779985501,Carroll County Department of Fire & EMS,HAZSIT,2026-05-28 08:25:01-04:00,8,Thursday,morning,1,-76.96567,39.56526
FD24013403|26010015_639156153007272800|1779988098,Carroll County Department of Fire & EMS,MEDICAL,2026-05-28 09:08:18-04:00,9,Thursday,morning,1,-76.98104,39.57293
FD24013403|26010037_639156154209448539|1780006171,Carroll County Department of Fire & EMS,NOEMERG,2026-05-28 14:09:31-04:00,14,Thursday,afternoon,1,-76.99795,39.59376
FD24013403|26010038_639156220476847047|1780007671,Carroll County Department of Fire & EMS,NOEMERG,2026-05-28 14:34:31-04:00,14,Thursday,afternoon,1,-77.0558,39.42696
FD24013403|26010046_639156221105290491|1780020433,Carroll County Department of Fire & EMS,MEDICAL,2026-05-28 18:07:13-04:00,18,Thursday,evening,1,-76.95186,39.40372
FD24013403|26010050_639156255307839548|1780026654,Carroll County Department of Fire & EMS,MEDICAL,2026-05-28 19:50:54-04:00,19,Thursday,evening,1,-77.16389,39.36289
FD24013403|26010069_639157083613720504|1780062657,Carroll County Department of Fire & EMS,NOEMERG,2026-05-29 05:50:57-04:00,5,Friday,overnight,1,-76.98722,39.58616
FD24013403|26010080_639159685172453752|1780073678,Carroll County Department of Fire & EMS,MEDICAL,2026-05-29 08:54:38-04:00,8,Friday,morning,1,-76.95268,39.3845
FD24013403|26010082_639159687258994668|1780075289,Carroll County Department of Fire & EMS,MEDICAL,2026-05-29 09:21:29-04:00,9,Friday,morning,1,-76.93539,39.39807
FD24013403|26010092_639159656043179617|1780080800,Carroll County Department of Fire & EMS,MEDICAL,2026-05-29 10:53:20-04:00,10,Friday,morning,1,-77.10554,39.54494
FD24013403|26010093_639157308315044513|1780080892,Carroll County Department of Fire & EMS,HAZSIT,2026-05-29 10:54:52-04:00,10,Friday,morning,2,-77.01166,39.41658
FD24013403|26010099_639157410803422590|1780088982,Carroll County Department of Fire & EMS,MEDICAL,2026-05-29 13:09:42-04:00,13,Friday,afternoon,1,-77.00257,39.70963
FD24013403|26010100_639157412618460183|1780091605,Carroll County Department of Fire & EMS,HAZSIT,2026-05-29 13:53:25-04:00,13,Friday,afternoon,1,-77.09181,39.62008
FD24013403|26010101_639157079012761299|1780090438,Carroll County Department of Fire & EMS,NOEMERG,2026-05-29 13:33:58-04:00,13,Friday,afternoon,2,-76.97421,39.56445
FD24013403|26010105_639157080259206520|1780094182,Carroll County Department of Fire & EMS,MEDICAL,2026-05-29 14:36:22-04:00,14,Friday,afternoon,1,-77.00294,39.58076
FD24013403|26010110_639157081390752691|1780098003,Carroll County Department of Fire & EMS,MEDICAL,2026-05-29 15:40:03-04:00,15,Friday,afternoon,1,-77.01195,39.58329
FD24013403|26010117_639159681310126406|1780109566,Carroll County Department of Fire & EMS,MEDICAL,2026-05-29 18:52:46-04:00,18,Friday,evening,1,-76.97213,39.37894
FD24013403|26010118_639159670397551855|1780108516,Carroll County Department of Fire & EMS,MEDICAL,2026-05-29 18:35:16-04:00,18,Friday,evening,1,-76.99322,39.37027
FD24013403|26010121_639159090028957526|1780112248,Carroll County Department of Fire & EMS,NOEMERG,2026-05-29 19:37:28-04:00,19,Friday,evening,1,-76.98117,39.59104
FD24013403|26010152_639157786807064920|1780170098,Carroll County Department of Fire & EMS,HAZSIT,2026-05-30 11:41:38-04:00,11,Saturday,morning,1,-76.97622,39.68589
FD24013403|26010171_639157788245484354|1780180742,Carroll County Department of Fire & EMS,NOEMERG,2026-05-30 14:39:02-04:00,14,Saturday,afternoon,2,-76.98086,39.56344
FD24013403|26010181_639159173114994890|1780190877,Carroll County Department of Fire & EMS,MEDICAL,2026-05-30 17:27:57-04:00,17,Saturday,afternoon,1,-76.97112,39.37373
FD24013403|26010189_639158023461228000|1780195013,Carroll County Department of Fire & EMS,MEDICAL,2026-05-30 18:36:53-04:00,18,Saturday,evening,1,-77.04436,39.56435
FD24013403|26010191_639157974199659781|1780196020,Carroll County Department of Fire & EMS,MEDICAL,2026-05-30 18:53:40-04:00,18,Saturday,evening,1,-76.9166,39.54601
FD24013403|26010198_639158115612105507|1780214135,Carroll County Department of Fire & EMS,NOEMERG,2026-05-30 23:55:35-04:00,23,Saturday,evening,1,-76.99086,39.56554
FD24013403|26010209_639158541309347921|1780233724,Carroll County Department of Fire & EMS,MEDICAL,2026-05-31 05:22:04-04:00,5,Sunday,overnight,2,-76.93524,39.46551
FD24013403|26010212_639158802313078370|1780239001,Carroll County Department of Fire & EMS,FIRE,2026-05-31 06:50:01-04:00,6,Sunday,morning,1,-76.98958,39.58588
FD24013403|26010213_639158586611107037|1780241354,Carroll County Department of Fire & EMS,NOEMERG,2026-05-31 07:29:14-04:00,7,Sunday,morning,1,-76.8571,39.63614
FD24013403|26010228_639158669681820503|1780259468,Carroll County Department of Fire & EMS,MEDICAL,2026-05-31 12:31:08-04:00,12,Sunday,afternoon,1,-76.88593,39.5692
FD24013403|26010238_639158766467865824|1780267393,Carroll County Department of Fire & EMS,NOEMERG,2026-05-31 14:43:13-04:00,14,Sunday,afternoon,1,-77.07904,39.36846
FD24013403|26010243_639158768659999830|1780272665,Carroll County Department of Fire & EMS,NOEMERG,2026-05-31 16:11:05-04:00,16,Sunday,afternoon,1,-77.14633,39.36837
FD24013403|26010263_639159111007411774|1780312519,Carroll County Department of Fire & EMS,MEDICAL,2026-06-01 03:15:19-04:00,3,Monday,overnight,1,-77.00116,39.4569
FD24013403|26010304_639159614413264548|1780348509,Carroll County Department of Fire & EMS,MEDICAL,2026-06-01 13:15:09-04:00,13,Monday,afternoon,1,-77.20004,39.60448
FD24013403|26010316_639159569418396907|1780358215,Carroll County Department of Fire & EMS,MEDICAL,2026-06-01 15:56:55-04:00,15,Monday,afternoon,2,-77.01852,39.54265
FD24013403|26010320_639159988220462243|1780363253,Carroll County Department of Fire & EMS,HAZSIT,2026-06-01 17:20:53-04:00,17,Monday,afternoon,1,-76.9957,39.57514
FD24013403|26010330_639159690807653817|1780370718,Carroll County Department of Fire & EMS,NOEMERG,2026-06-01 19:25:18-04:00,19,Monday,evening,1,-76.83916,39.59942
FD24013403|26010341_639160492186411900|1780401409,Carroll County Department of Fire & EMS,MEDICAL,2026-06-02 03:56:49-04:00,3,Tuesday,overnight,1,-76.87992,39.66712
FD24013403|26010354_639160284214820958|1780412424,Carroll County Department of Fire & EMS,MEDICAL,2026-06-02 07:00:24-04:00,7,Tuesday,morning,1,-77.18602,39.66335
FD24013403|26010356_639160473875067439|1780412829,Carroll County Department of Fire & EMS,MEDICAL,2026-06-02 07:07:09-04:00,7,Tuesday,morning,3,-77.0605,39.51164
FD24013403|26010367_639160284921436588|1780426713,Carroll County Department of Fire & EMS,NOEMERG,2026-06-02 10:58:33-04:00,10,Tuesday,morning,1,-77.21851,39.63721
FD24013403|26010373_639160367712510614|1780431756,Carroll County Department of Fire & EMS,MEDICAL,2026-06-02 12:22:36-04:00,12,Tuesday,afternoon,1,-77.01494,39.5863
FD24013403|26010377_639160484705530731|1780435104,Carroll County Department of Fire & EMS,FIRE,2026-06-02 13:18:24-04:00,13,Tuesday,afternoon,3,-76.98289,39.70059
FD24013403|26010386_639160776491755715|1780444989,Carroll County Department of Fire & EMS,MEDICAL,2026-06-02 16:03:09-04:00,16,Tuesday,afternoon,1,-77.01554,39.67115
FD24013403|26010387_639161741716605490|1780445543,Carroll County Department of Fire & EMS,MEDICAL,2026-06-02 16:12:23-04:00,16,Tuesday,afternoon,1,-76.95404,39.40314
FD24013403|26010393_639160822811035120|1780455426,Carroll County Department of Fire & EMS,MEDICAL,2026-06-02 18:57:06-04:00,18,Tuesday,evening,1,-76.99152,39.58354
FD24013403|26010401_639160821866521402|1780463222,Carroll County Department of Fire & EMS,MEDICAL,2026-06-02 21:07:02-04:00,21,Tuesday,evening,1,-76.88555,39.66323
FD24013403|26010417_639165360009055267|1780492554,Carroll County Department of Fire & EMS,HAZSIT,2026-06-03 05:15:54-04:00,5,Wednesday,overnight,2,-76.99989,39.44101
FD24013403|26010423_639161680801626703|1780501874,Carroll County Department of Fire & EMS,MEDICAL,2026-06-03 07:51:14-04:00,7,Wednesday,morning,3,-76.96547,39.56001
FD24013403|26010426_639161446471389416|1780503127,Carroll County Department of Fire & EMS,MEDICAL,2026-06-03 08:12:07-04:00,8,Wednesday,morning,1,-76.99547,39.5404
FD24013403|26010430_639161444705346742|1780504089,Carroll County Department of Fire & EMS,MEDICAL,2026-06-03 08:28:09-04:00,8,Wednesday,morning,1,-76.98901,39.5705
FD24013403|26010433_639161681427410221|1780506869,Carroll County Department of Fire & EMS,MEDICAL,2026-06-03 09:14:29-04:00,9,Wednesday,morning,1,-76.99364,39.58292
FD24013403|26010434_639161187311779521|1780508413,Carroll County Department of Fire & EMS,MEDICAL,2026-06-03 09:40:13-04:00,9,Wednesday,morning,2,-76.98969,39.56172
FD24013403|26010454_639161301306600912|1780522848,Carroll County Department of Fire & EMS,MEDICAL,2026-06-03 13:40:48-04:00,13,Wednesday,afternoon,2,-76.99497,39.56898
FD24013403|26010471_639161443763202694|1780532287,Carroll County Department of Fire & EMS,MEDICAL,2026-06-03 16:18:07-04:00,16,Wednesday,afternoon,1,-77.09164,39.47185
FD24013403|26010476_639161442822021032|1780538648,Carroll County Department of Fire & EMS,MEDICAL,2026-06-03 18:04:08-04:00,18,Wednesday,evening,1,-76.92415,39.37788
FD24013403|26010492_639161682910400829|1780569872,Carroll County Department of Fire & EMS,NOEMERG,2026-06-04 02:44:32-04:00,2,Thursday,overnight,1,-76.9898,39.59383
FD24013403|26010494_639162019103492111|1780572361,Carroll County Department of Fire & EMS,MEDICAL,2026-06-04 03:26:01-04:00,3,Thursday,overnight,2,-77.02929,39.53467
FD24013403|26010495_639161718253386457|1780572503,Carroll County Department of Fire & EMS,MEDICAL,2026-06-04 03:28:23-04:00,3,Thursday,overnight,1,-77.02929,39.53467
FD24013403|26010496_639161723108272281|1780574106,Carroll County Department of Fire & EMS,MEDICAL,2026-06-04 03:55:06-04:00,3,Thursday,overnight,1,-76.98776,39.56423
FD24013403|26010502_639161784900579840|1780577787,Carroll County Department of Fire & EMS,MEDICAL,2026-06-04 04:56:27-04:00,4,Thursday,overnight,1,-76.98442,39.56271
FD24013403|26010506_639161901309122677|1780585061,Carroll County Department of Fire & EMS,MEDICAL,2026-06-04 06:57:41-04:00,6,Thursday,morning,1,-77.16882,39.65626
FD24013403|26010510_639161903111950343|1780587312,Carroll County Department of Fire & EMS,MEDICAL,2026-06-04 07:35:12-04:00,7,Thursday,morning,2,-77.16289,39.64921
FD24013403|26010514_639161906959021526|1780587964,Carroll County Department of Fire & EMS,MEDICAL,2026-06-04 07:46:04-04:00,7,Thursday,morning,1,-76.984,39.57001
FD24013403|26010520_639162001509633721|1780596285,Carroll County Department of Fire & EMS,MEDICAL,2026-06-04 10:04:45-04:00,10,Thursday,morning,1,-76.99911,39.61246
FD24013403|26010523_639162242978737046|1780601366,Carroll County Department of Fire & EMS,MEDICAL,2026-06-04 11:29:26-04:00,11,Thursday,morning,1,-77.03052,39.58264
FD24013403|26010530_639162124417302554|1780607782,Carroll County Department of Fire & EMS,NOEMERG,2026-06-04 13:16:22-04:00,13,Thursday,afternoon,1,-76.99912,39.58108
FD24013403|26010535_639162244207776090|1780611234,Carroll County Department of Fire & EMS,MEDICAL,2026-06-04 14:13:54-04:00,14,Thursday,afternoon,1,-77.16159,39.66043
FD24013403|26010539_639162310484015800|1780614455,Carroll County Department of Fire & EMS,MEDICAL,2026-06-04 15:07:35-04:00,15,Thursday,afternoon,1,-76.86553,39.63214
FD24013403|26010541_639162311291558983|1780617071,Carroll County Department of Fire & EMS,NOEMERG,2026-06-04 15:51:11-04:00,15,Thursday,afternoon,1,-76.84789,39.60041
FD24013403|26010542_639162260707804224|1780619053,Carroll County Department of Fire & EMS,MEDICAL,2026-06-04 16:24:13-04:00,16,Thursday,afternoon,1,-76.99361,39.42754
FD24013403|26010544_639162188108424102|1780620618,Carroll County Department of Fire & EMS,MEDICAL,2026-06-04 16:50:18-04:00,16,Thursday,afternoon,1,-76.99159,39.56591
FD24013403|26010546_639162263645299583|1780621752,Carroll County Department of Fire & EMS,MEDICAL,2026-06-04 17:09:12-04:00,17,Thursday,afternoon,1,-77.00514,39.51883
FD24013403|26010556_639162493506827141|1780634073,Carroll County Department of Fire & EMS,NOEMERG,2026-06-04 20:34:33-04:00,20,Thursday,evening,1,-77.14585,39.35743
FD24013403|26010558_639162496161599347|1780645227,Carroll County Department of Fire & EMS,MEDICAL,2026-06-04 23:40:27-04:00,23,Thursday,evening,1,-77.02514,39.53333
FD24013403|26010562_639162951308187646|1780657482,Carroll County Department of Fire & EMS,NOEMERG,2026-06-05 03:04:42-04:00,3,Friday,overnight,1,-77.17885,39.37765
FD24013403|26010568_639162821420429831|1780665587,Carroll County Department of Fire & EMS,MEDICAL,2026-06-05 05:19:47-04:00,5,Friday,overnight,1,-77.11017,39.54221
FD24013403|26010578_639162906024301725|1780674910,Carroll County Department of Fire & EMS,MEDICAL,2026-06-05 07:55:10-04:00,7,Friday,morning,1,-76.97141,39.68534
FD24013403|26010584_639162817836917940|1780680520,Carroll County Department of Fire & EMS,RESCUE,2026-06-05 09:28:40-04:00,9,Friday,morning,2,-77.1843,39.66289
FD24013403|26010587_639162909014414344|1780681895,Carroll County Department of Fire & EMS,MEDICAL,2026-06-05 09:51:35-04:00,9,Friday,morning,1,-76.90699,39.68067
FD24013403|26010588_639173143519854685|1780682349,Carroll County Department of Fire & EMS,FIRE,2026-06-05 09:59:09-04:00,9,Friday,morning,1,-76.98301,39.56506
FD24013403|26010594_639163016119907362|1780685396,Carroll County Department of Fire & EMS,MEDICAL,2026-06-05 10:49:56-04:00,10,Friday,morning,1,-77.11669,39.5922
FD24013403|26010598_639162952725635500|1780691344,Carroll County Department of Fire & EMS,MEDICAL,2026-06-05 12:29:04-04:00,12,Friday,afternoon,1,-76.97747,39.37794
FD24013403|26010607_639164308778268841|1780695222,Carroll County Department of Fire & EMS,MEDICAL,2026-06-05 13:33:42-04:00,13,Friday,afternoon,1,-76.97702,39.56311
FD24013403|26010619_639163032913947460|1780698854,Carroll County Department of Fire & EMS,MEDICAL,2026-06-05 14:34:14-04:00,14,Friday,afternoon,1,-77.03464,39.594
FD24013403|26010622_639163001711404280|1780700014,Carroll County Department of Fire & EMS,MEDICAL,2026-06-05 14:53:34-04:00,14,Friday,afternoon,1,-76.94956,39.40241
FD24013403|26010624_639163030210108784|1780700811,Carroll County Department of Fire & EMS,MEDICAL,2026-06-05 15:06:51-04:00,15,Friday,afternoon,2,-76.99556,39.55876
FD24013403|26010627_639163028273273069|1780702681,Carroll County Department of Fire & EMS,MEDICAL,2026-06-05 15:38:01-04:00,15,Friday,afternoon,1,-76.87927,39.66229
FD24013403|26010631_639163081208849536|1780708770,Carroll County Department of Fire & EMS,NOEMERG,2026-06-05 17:19:30-04:00,17,Friday,afternoon,1,-76.84436,39.59729
FD24013403|26010632_639163082671347234|1780707840,Carroll County Department of Fire & EMS,NOEMERG,2026-06-05 17:04:00-04:00,17,Friday,afternoon,1,-76.8975,39.5026
FD24013403|26010637_639163375827951241|1780713806,Carroll County Department of Fire & EMS,MEDICAL,2026-06-05 18:43:26-04:00,18,Friday,evening,1,-76.88553,39.66226
FD24013403|26010643_639163376426799890|1780733855,Carroll County Department of Fire & EMS,NOEMERG,2026-06-06 00:17:35-04:00,0,Saturday,overnight,1,-76.98969,39.56172
FD24013403|26010646_639164569207910059|1780738487,Carroll County Department of Fire & EMS,NOEMERG,2026-06-06 01:34:47-04:00,1,Saturday,overnight,1,-77.16389,39.36289
FD24013403|26010654_639164285107835757|1780758571,Carroll County Department of Fire & EMS,MEDICAL,2026-06-06 07:09:31-04:00,7,Saturday,morning,1,-76.98073,39.36972
FD24013403|26010655_639164048936187136|1780761093,Carroll County Department of Fire & EMS,MEDICAL,2026-06-06 07:51:33-04:00,7,Saturday,morning,1,-76.98104,39.57293
FD24013403|26010659_639164048048419769|1780763627,Carroll County Department of Fire & EMS,MEDICAL,2026-06-06 08:33:47-04:00,8,Saturday,morning,1,-76.99547,39.5404
FD24013403|26010660_639164286609876304|1780764561,Carroll County Department of Fire & EMS,MEDICAL,2026-06-06 08:49:21-04:00,8,Saturday,morning,1,-77.14585,39.35743
FD24013403|26010662_639164290211030744|1780765043,Carroll County Department of Fire & EMS,MEDICAL,2026-06-06 08:57:23-04:00,8,Saturday,morning,1,-76.9078,39.40416
FD24013403|26010663_639164046909443080|1780765725,Carroll County Department of Fire & EMS,NOEMERG,2026-06-06 09:08:45-04:00,9,Saturday,morning,1,-76.97227,39.51224
FD24013403|26010664_639163761306626164|1780765766,Carroll County Department of Fire & EMS,MEDICAL,2026-06-06 09:09:26-04:00,9,Saturday,morning,1,-76.98461,39.57266
FD24013403|26010665_639163905008586910|1780766511,Carroll County Department of Fire & EMS,MEDICAL,2026-06-06 09:21:51-04:00,9,Saturday,morning,1,-76.98824,39.56505
FD24013403|26010666_639164046141472029|1780766937,Carroll County Department of Fire & EMS,NOEMERG,2026-06-06 09:28:57-04:00,9,Saturday,morning,1,-76.85159,39.67046
FD24013403|26010667_639164045686378219|1780767112,Carroll County Department of Fire & EMS,MEDICAL,2026-06-06 09:31:52-04:00,9,Saturday,morning,1,-76.99419,39.58942
FD24013403|26010674_639163906805726543|1780770646,Carroll County Department of Fire & EMS,MEDICAL,2026-06-06 10:30:46-04:00,10,Saturday,morning,1,-77.1873,39.59341
FD24013403|26010676_639163797913650177|1780772206,Carroll County Department of Fire & EMS,MEDICAL,2026-06-06 10:56:46-04:00,10,Saturday,morning,2,-76.96665,39.37678
FD24013403|26010709_639165189908954088|1780791676,Carroll County Department of Fire & EMS,MEDICAL,2026-06-06 16:21:16-04:00,16,Saturday,afternoon,1,-77.18353,39.63668
FD24013403|26010717_639164044225660175|1780799666,Carroll County Department of Fire & EMS,HAZSIT,2026-06-06 18:34:26-04:00,18,Saturday,evening,1,-76.15873,38.818199284
FD24013403|26010728_639164309413287031|1780831154,Carroll County Department of Fire & EMS,MEDICAL,2026-06-07 03:19:14-04:00,3,Sunday,overnight,1,-77.16268,39.66335
FD24013403|26010742_639164576326762093|1780846714,Carroll County Department of Fire & EMS,MEDICAL,2026-06-07 07:38:34-04:00,7,Sunday,morning,1,-76.96491,39.40666
FD24013403|26010748_639164574808574980|1780852981,Carroll County Department of Fire & EMS,MEDICAL,2026-06-07 09:23:01-04:00,9,Sunday,morning,1,-76.93539,39.39807
FD24013403|26010751_639164767145912317|1780854694,Carroll County Department of Fire & EMS,MEDICAL,2026-06-07 09:51:34-04:00,9,Sunday,morning,1,-76.93299,39.62802
FD24013403|26010755_639164853279730271|1780859199,Carroll County Department of Fire & EMS,MEDICAL,2026-06-07 11:06:39-04:00,11,Sunday,morning,1,-77.17,39.65867
FD24013403|26010764_639164690410825197|1780865060,Carroll County Department of Fire & EMS,MEDICAL,2026-06-07 12:44:20-04:00,12,Sunday,afternoon,1,-77.14606,39.66263
FD24013403|26010765_639164767805858949|1780865311,Carroll County Department of Fire & EMS,MEDICAL,2026-06-07 12:48:31-04:00,12,Sunday,afternoon,1,-76.84481,39.63338
FD24013403|26010767_639164769083581625|1780868317,Carroll County Department of Fire & EMS,MEDICAL,2026-06-07 13:38:37-04:00,13,Sunday,afternoon,1,-76.8966,39.66927
FD24013403|26010777_639164851508273461|1780873659,Carroll County Department of Fire & EMS,MEDICAL,2026-06-07 15:07:39-04:00,15,Sunday,afternoon,1,-77.16126,39.6542
FD24013403|26010782_639165626925933392|1780880824,Carroll County Department of Fire & EMS,NOEMERG,2026-06-07 17:07:04-04:00,17,Sunday,afternoon,1,-76.99159,39.56591
FD24013403|26010784_639169102210492542|1780882086,Carroll County Department of Fire & EMS,MEDICAL,2026-06-07 17:28:06-04:00,17,Sunday,afternoon,1,-76.9526,39.39998
FD24013403|26010805_639165353654711012|1780922769,Carroll County Department of Fire & EMS,HAZSIT,2026-06-08 04:46:09-04:00,4,Monday,overnight,2,-76.96118,39.48045
FD24013403|26010809_639165446406898349|1780924530,Carroll County Department of Fire & EMS,MEDICAL,2026-06-08 05:15:30-04:00,5,Monday,overnight,1,-77.04436,39.56435
FD24013403|26010811_639165309592419239|1780923947,Carroll County Department of Fire & EMS,MEDICAL,2026-06-08 05:05:47-04:00,5,Monday,overnight,1,-76.88032,39.68842
FD24013403|26010815_639165628507419391|1780924934,Carroll County Department of Fire & EMS,MEDICAL,2026-06-08 05:22:14-04:00,5,Monday,overnight,2,-76.97582,39.37815
FD24013403|26010826_639165339211974591|1780934922,Carroll County Department of Fire & EMS,NOEMERG,2026-06-08 08:08:42-04:00,8,Monday,morning,2,-76.99142,39.57129
FD24013403|26010832_639165391214769386|1780941576,Carroll County Department of Fire & EMS,NOEMERG,2026-06-08 09:59:36-04:00,9,Monday,morning,1,-76.88469,39.66176
FD24013403|26010834_639165502509499682|1780944092,Carroll County Department of Fire & EMS,MEDICAL,2026-06-08 10:41:32-04:00,10,Monday,morning,1,-76.88582,39.66293
FD24013403|26010836_639165629420876961|1780945131,Carroll County Department of Fire & EMS,MEDICAL,2026-06-08 10:58:51-04:00,10,Monday,morning,1,-76.92538,39.39784
FD24013403|26010845_639165453614881441|1780946824,Carroll County Department of Fire & EMS,MEDICAL,2026-06-08 11:27:04-04:00,11,Monday,morning,2,-76.99918,39.59654
FD24013403|26010853_639165506410550717|1780950921,Carroll County Department of Fire & EMS,MEDICAL,2026-06-08 12:35:21-04:00,12,Monday,afternoon,1,-76.977,39.55984
FD24013403|26010856_639165630910306862|1780954311,Carroll County Department of Fire & EMS,MEDICAL,2026-06-08 13:31:51-04:00,13,Monday,afternoon,1,-77.15208,39.38373
FD24013403|26010859_639167922307777518|1780955560,Carroll County Department of Fire & EMS,MEDICAL,2026-06-08 13:52:40-04:00,13,Monday,afternoon,1,-77.19135,39.69309
FD24013403|26010867_639167923212752895|1780964869,Carroll County Department of Fire & EMS,MEDICAL,2026-06-08 16:27:49-04:00,16,Monday,afternoon,1,-77.15674,39.63839
FD24013403|26010884_639166357819304005|1780999860,Carroll County Department of Fire & EMS,MEDICAL,2026-06-09 02:11:00-04:00,2,Tuesday,overnight,1,-76.97112,39.37373
FD24013403|26010885_639166045730074331|1781004777,Carroll County Department of Fire & EMS,MEDICAL,2026-06-09 03:32:57-04:00,3,Tuesday,overnight,1,-77.21495,39.69229
FD24013403|26010905_639166359010192834|1781030992,Carroll County Department of Fire & EMS,MEDICAL,2026-06-09 10:49:52-04:00,10,Tuesday,morning,1,-77.02623,39.48969
FD24013403|26010906_639166500323357227|1781032211,Carroll County Department of Fire & EMS,PUBSERV,2026-06-09 11:10:11-04:00,11,Tuesday,morning,2,-76.84195,39.60037
FD24013403|26010911_639166578265396951|1781039761,Carroll County Department of Fire & EMS,MEDICAL,2026-06-09 13:16:01-04:00,13,Tuesday,afternoon,1,-77.11018,39.42576
FD24013403|26010925_639166841407917449|1781047771,Carroll County Department of Fire & EMS,MEDICAL,2026-06-09 15:29:31-04:00,15,Tuesday,afternoon,2,-77.02938,39.5851
FD24013403|26010926_639166530608938327|1781048276,Carroll County Department of Fire & EMS,MEDICAL,2026-06-09 15:37:56-04:00,15,Tuesday,afternoon,1,-77.01211,39.70291
FD24013403|26010928_639166578888313669|1781049615,Carroll County Department of Fire & EMS,NOEMERG,2026-06-09 16:00:15-04:00,16,Tuesday,afternoon,1,-76.97786,39.58209
FD24013403|26010950_639167450714860959|1781099117,Carroll County Department of Fire & EMS,MEDICAL,2026-06-10 05:45:17-04:00,5,Wednesday,overnight,1,-76.88577,39.66004
FD24013403|26010956_639167451617088758|1781102198,Carroll County Department of Fire & EMS,MEDICAL,2026-06-10 06:36:38-04:00,6,Wednesday,morning,1,-76.97646,39.56531
FD24013403|26010972_639167243707162987|1781116892,Carroll County Department of Fire & EMS,RESCUE,2026-06-10 10:41:32-04:00,10,Wednesday,morning,2,-76.9444,39.40834
FD24013403|26010973_639167245178848171|1781116945,Carroll County Department of Fire & EMS,NOEMERG,2026-06-10 10:42:25-04:00,10,Wednesday,morning,2,-76.92668,39.48599
FD24013403|26010979_639167265314624989|1781120162,Carroll County Department of Fire & EMS,MEDICAL,2026-06-10 11:36:02-04:00,11,Wednesday,morning,1,-77.17005,39.65503
FD24013403|26010984_639167264133531677|1781122687,Carroll County Department of Fire & EMS,MEDICAL,2026-06-10 12:18:07-04:00,12,Wednesday,afternoon,1,-77.18053,39.67012
FD24013403|26010985_639169167823179562|1781123448,Carroll County Department of Fire & EMS,MEDICAL,2026-06-10 12:30:48-04:00,12,Wednesday,afternoon,1,-76.98761,39.41857
FD24013403|26010987_639167264728998185|1781124022,Carroll County Department of Fire & EMS,MEDICAL,2026-06-10 12:40:22-04:00,12,Wednesday,afternoon,1,-77.15778,39.63882
FD24013403|26010992_639167452719128943|1781130770,Carroll County Department of Fire & EMS,NOEMERG,2026-06-10 14:32:50-04:00,14,Wednesday,afternoon,1,-76.8877,39.66494
FD24013403|26010997_639169171215656939|1781141383,Carroll County Department of Fire & EMS,MEDICAL,2026-06-10 17:29:43-04:00,17,Wednesday,afternoon,1,-76.95039,39.40338
FD24013403|26011003_639168309622819285|1781174938,Carroll County Department of Fire & EMS,MEDICAL,2026-06-11 02:48:58-04:00,2,Thursday,overnight,1,-76.9855,39.40583
FD24013403|26011004_639168137985791213|1781182335,Carroll County Department of Fire & EMS,MEDICAL,2026-06-11 04:52:15-04:00,4,Thursday,overnight,1,-77.06125,39.71263
FD24013403|26011010_639168205717176695|1781184166,Carroll County Department of Fire & EMS,MEDICAL,2026-06-11 05:22:46-04:00,5,Thursday,overnight,1,-77.00608,39.57534
FD24013403|26011029_639168309022993233|1781195117,Carroll County Department of Fire & EMS,MEDICAL,2026-06-11 08:25:17-04:00,8,Thursday,morning,1,-76.91044,39.42417
FD24013403|26011036_639168138494187296|1781201048,Carroll County Department of Fire & EMS,MEDICAL,2026-06-11 10:04:08-04:00,10,Thursday,morning,1,-77.15872,39.64318
FD24013403|26011037_639168206728506956|1781201527,Carroll County Department of Fire & EMS,MEDICAL,2026-06-11 10:12:07-04:00,10,Thursday,morning,2,-77.00272,39.57803
FD24013403|26011039_639168207927188927|1781203032,Carroll County Department of Fire & EMS,MEDICAL,2026-06-11 10:37:12-04:00,10,Thursday,morning,1,-77.00728,39.58903
FD24013403|26011041_639168210187265236|1781204156,Carroll County Department of Fire & EMS,RESCUE,2026-06-11 10:55:56-04:00,10,Thursday,morning,4,-76.98486,39.5749
FD24013403|26011051_639168211506955314|1781211229,Carroll County Department of Fire & EMS,MEDICAL,2026-06-11 12:53:49-04:00,12,Thursday,afternoon,1,-76.98426,39.55327
FD24013403|26011058_639168308430811918|1781220341,Carroll County Department of Fire & EMS,MEDICAL,2026-06-11 15:25:41-04:00,15,Thursday,afternoon,1,-77.0944,39.45165
FD24013403|26011070_639168258909944838|1781226987,Carroll County Department of Fire & EMS,NOEMERG,2026-06-11 17:16:27-04:00,17,Thursday,afternoon,2,-76.85111,39.56267
FD24013403|26011078_639168700516640924|1781253852,Carroll County Department of Fire & EMS,MEDICAL,2026-06-12 00:44:12-04:00,0,Friday,overnight,1,-76.88577,39.66004
FD24013403|26011088_639168834942692659|1781268289,Carroll County Department of Fire & EMS,MEDICAL,2026-06-12 04:44:49-04:00,4,Friday,overnight,1,-76.83833,39.60113
FD24013403|26011110_639168835726943054|1781281348,Carroll County Department of Fire & EMS,MEDICAL,2026-06-12 08:22:28-04:00,8,Friday,morning,1,-76.85399,39.61591
FD24013403|26011111_639169183603145689|1781282566,Carroll County Department of Fire & EMS,HAZSIT,2026-06-12 08:42:46-04:00,8,Friday,morning,4,-76.9414,39.57876
FD24013403|26011113_639168836414569174|1781283409,Carroll County Department of Fire & EMS,MEDICAL,2026-06-12 08:56:49-04:00,8,Friday,morning,1,-76.8877,39.66494
FD24013403|26011118_639172093595051776|1781288005,Carroll County Department of Fire & EMS,FIRE,2026-06-12 10:13:25-04:00,10,Friday,morning,3,-77.03256,39.58323
FD24013403|26011129_639169018214220758|1781291999,Carroll County Department of Fire & EMS,MEDICAL,2026-06-12 11:19:59-04:00,11,Friday,morning,1,-76.9982,39.57251
FD24013403|26011141_639172080091357032|1781299907,Carroll County Department of Fire & EMS,MEDICAL,2026-06-12 13:31:47-04:00,13,Friday,afternoon,1,-77.1204,39.74102
FD24013403|26011144_639169543505554075|1781304761,Carroll County Department of Fire & EMS,MEDICAL,2026-06-12 14:52:41-04:00,14,Friday,afternoon,1,-76.97582,39.37815
FD24013403|26011146_639172072814370454|1781307789,Carroll County Department of Fire & EMS,MEDICAL,2026-06-12 15:43:09-04:00,15,Friday,afternoon,1,-77.13039,39.55141
FD24013403|26011151_639172069513792574|1781314249,Carroll County Department of Fire & EMS,MEDICAL,2026-06-12 17:30:49-04:00,17,Friday,afternoon,1,-77.16669,39.59725
FD24013403|26011167_639170026764727706|1781344756,Carroll County Department of Fire & EMS,MEDICAL,2026-06-13 01:59:16-04:00,1,Saturday,overnight,1,-76.98197,39.55485
FD24013403|26011178_639170331306245364|1781355609,Carroll County Department of Fire & EMS,MEDICAL,2026-06-13 05:00:09-04:00,5,Saturday,overnight,1,-77.17218,39.65591
FD24013403|26011180_639170028316911348|1781357563,Carroll County Department of Fire & EMS,MEDICAL,2026-06-13 05:32:43-04:00,5,Saturday,overnight,1,-77.1526,39.37164
FD24013403|26011182_639170332217170836|1781359812,Carroll County Department of Fire & EMS,MEDICAL,2026-06-13 06:10:12-04:00,6,Saturday,morning,1,-77.15855,39.64717
FD24013403|26011185_639170332807796731|1781365431,Carroll County Department of Fire & EMS,MEDICAL,2026-06-13 07:43:51-04:00,7,Saturday,morning,1,-77.1642,39.66279
FD24013403|26011190_639170030143571580|1781369101,Carroll County Department of Fire & EMS,MEDICAL,2026-06-13 08:45:01-04:00,8,Saturday,morning,2,-77.10047,39.49204
FD24013403|26011195_639170919248516907|1781374722,Carroll County Department of Fire & EMS,MEDICAL,2026-06-13 10:18:42-04:00,10,Saturday,morning,1,-76.95638,39.56522
FD24013403|26011197_639170333419249809|1781376878,Carroll County Department of Fire & EMS,NOEMERG,2026-06-13 10:54:38-04:00,10,Saturday,morning,1,-77.1753,39.56862
FD24013403|26011207_639170334308336787|1781382871,Carroll County Department of Fire & EMS,NOEMERG,2026-06-13 12:34:31-04:00,12,Saturday,afternoon,1,-77.17505,39.65897
FD24013403|26011208_639170334910544937|1781384583,Carroll County Department of Fire & EMS,NOEMERG,2026-06-13 13:03:03-04:00,13,Saturday,afternoon,1,-77.15487,39.54835
FD24013403|26011218_639170336406127190|1781392094,Carroll County Department of Fire & EMS,NOEMERG,2026-06-13 15:08:14-04:00,15,Saturday,afternoon,1,-76.98988,39.58116
FD24013403|26011225_639170337282420521|1781399706,Carroll County Department of Fire & EMS,NOEMERG,2026-06-13 17:15:06-04:00,17,Saturday,afternoon,1,-76.8467,39.59686
FD24013403|26011228_639170338173487475|1781402505,Carroll County Department of Fire & EMS,NOEMERG,2026-06-13 18:01:45-04:00,18,Saturday,evening,1,-76.99282,39.57183
FD24013403|26011242_639170339109761967|1781416236,Carroll County Department of Fire & EMS,MEDICAL,2026-06-13 21:50:36-04:00,21,Saturday,evening,1,-76.89933,39.6913
FD24013403|26011247_639174821406935749|1781430712,Carroll County Department of Fire & EMS,NOEMERG,2026-06-14 01:51:52-04:00,1,Sunday,overnight,1,-76.94629,39.41542
FD24013403|26011251_639170379837333996|1781435859,Carroll County Department of Fire & EMS,MEDICAL,2026-06-14 03:17:39-04:00,3,Sunday,overnight,1,-77.08286,39.46151
FD24013403|26011256_639170380817029101|1781439186,Carroll County Department of Fire & EMS,MEDICAL,2026-06-14 04:13:06-04:00,4,Sunday,overnight,1,-77.14633,39.36837
FD24013403|26011257_639170499306898478|1781440238,Carroll County Department of Fire & EMS,MEDICAL,2026-06-14 04:30:38-04:00,4,Sunday,overnight,1,-77.17142,39.64587
FD24013403|26011260_639170499911090063|1781441988,Carroll County Department of Fire & EMS,MEDICAL,2026-06-14 04:59:48-04:00,4,Sunday,overnight,1,-77.06456,39.60355
FD24013403|26011269_639173915116389021|1781454202,Carroll County Department of Fire & EMS,NOEMERG,2026-06-14 08:23:22-04:00,8,Sunday,morning,1,-76.91075,39.57517
FD24013403|26011270_639170721264655134|1781456466,Carroll County Department of Fire & EMS,MEDICAL,2026-06-14 09:01:06-04:00,9,Sunday,morning,1,-76.97582,39.37815
FD24013403|26011276_639170920809130574|1781461285,Carroll County Department of Fire & EMS,MEDICAL,2026-06-14 10:21:25-04:00,10,Sunday,morning,1,-77.08815,39.62204
FD24013403|26011286_639170753414208303|1781467116,Carroll County Department of Fire & EMS,MEDICAL,2026-06-14 11:58:36-04:00,11,Sunday,morning,1,-76.9719,39.57054
FD24013403|26011289_639170717710691706|1781469511,Carroll County Department of Fire & EMS,MEDICAL,2026-06-14 12:38:31-04:00,12,Sunday,afternoon,1,-76.96444,39.37976
FD24013403|26011290_639170719524467819|1781470165,Carroll County Department of Fire & EMS,MEDICAL,2026-06-14 12:49:25-04:00,12,Sunday,afternoon,1,-77.04343,39.44313
FD24013403|26011296_639170922250075066|1781475904,Carroll County Department of Fire & EMS,MEDICAL,2026-06-14 14:25:04-04:00,14,Sunday,afternoon,2,-77.00434,39.59206
FD24013403|26011298_639170754028250567|1781475974,Carroll County Department of Fire & EMS,MEDICAL,2026-06-14 14:26:14-04:00,14,Sunday,afternoon,1,-77.16975,39.65084
FD24013403|26011303_639170923719858557|1781479121,Carroll County Department of Fire & EMS,MEDICAL,2026-06-14 15:18:41-04:00,15,Sunday,afternoon,1,-76.84341,39.58684
FD24013403|26011306_639170924609918830|1781483543,Carroll County Department of Fire & EMS,MEDICAL,2026-06-14 16:32:23-04:00,16,Sunday,afternoon,1,-76.91503,39.68444
FD24013403|26011330_639172067121203710|1781516269,Carroll County Department of Fire & EMS,MEDICAL,2026-06-15 01:37:49-04:00,1,Monday,overnight,1,-77.13793,39.39669
FD24013403|26011338_639172068912368446|1781530062,Carroll County Department of Fire & EMS,NOEMERG,2026-06-15 05:27:42-04:00,5,Monday,overnight,1,-76.91662,39.41015
FD24013403|26011347_639172071008802900|1781535743,Carroll County Department of Fire & EMS,NOEMERG,2026-06-15 07:02:23-04:00,7,Monday,morning,1,-77.16121,39.36221
FD24013403|26011349_639171673244151785|1781536804,Carroll County Department of Fire & EMS,MEDICAL,2026-06-15 07:20:04-04:00,7,Monday,morning,1,-76.15873,38.818199284
FD24013403|26011367_639171646742687549|1781550262,Carroll County Department of Fire & EMS,NOEMERG,2026-06-15 11:04:22-04:00,11,Monday,morning,2,-76.98148,39.56289
FD24013403|26011372_639172072813955073|1781559173,Carroll County Department of Fire & EMS,NOEMERG,2026-06-15 13:32:53-04:00,13,Monday,afternoon,1,-76.9506,39.39684
FD24013403|26011376_639171673814116993|1781563711,Carroll County Department of Fire & EMS,MEDICAL,2026-06-15 14:48:31-04:00,14,Monday,afternoon,1,-77.17692,39.633
FD24013403|26011380_639172078855591909|1781569302,Carroll County Department of Fire & EMS,MEDICAL,2026-06-15 16:21:42-04:00,16,Monday,afternoon,1,-77.08569,39.38212
FD24013403|26011382_639172001407170463|1781570047,Carroll County Department of Fire & EMS,MEDICAL,2026-06-15 16:34:07-04:00,16,Monday,afternoon,2,-77.00802,39.42964
FD24013403|26011386_639172000226790165|1781573264,Carroll County Department of Fire & EMS,MEDICAL,2026-06-15 17:27:44-04:00,17,Monday,afternoon,2,-76.98969,39.56172
FD24013403|26011389_639171999310330368|1781575301,Carroll County Department of Fire & EMS,HAZSIT,2026-06-15 18:01:41-04:00,18,Monday,evening,2,-76.99159,39.56591
FD24013403|26011390_639192536330814236|1781576371,Carroll County Department of Fire & EMS,MEDICAL,2026-06-15 18:19:31-04:00,18,Monday,evening,1,-77.05105,39.67698
FD24013403|26011391_639171756872643915|1781577040,Carroll County Department of Fire & EMS,NOEMERG,2026-06-15 18:30:40-04:00,18,Monday,evening,2,-77.13275,39.68212
FD24013403|26011398_639171996355765707|1781599856,Carroll County Department of Fire & EMS,RESCUE,2026-06-16 00:50:56-04:00,0,Tuesday,overnight,2,-76.97866,39.56609
FD24013403|26011404_639172260019775881|1781610484,Carroll County Department of Fire & EMS,NOEMERG,2026-06-16 03:48:04-04:00,3,Tuesday,overnight,1,-77.03004,39.56159
FD24013403|26011407_639173119508997128|1781614809,Carroll County Department of Fire & EMS,MEDICAL,2026-06-16 05:00:09-04:00,5,Tuesday,overnight,1,-76.97928,39.5841
FD24013403|26011411_639172938013325438|1781617494,Carroll County Department of Fire & EMS,MEDICAL,2026-06-16 05:44:54-04:00,5,Tuesday,overnight,1,-77.21655,39.67504
FD24013403|26011412_639172259577942597|1781617970,Carroll County Department of Fire & EMS,NOEMERG,2026-06-16 05:52:50-04:00,5,Tuesday,overnight,1,-76.9732,39.56302
FD24013403|26011427_639173122509079524|1781631173,Carroll County Department of Fire & EMS,NOEMERG,2026-06-16 09:32:53-04:00,9,Tuesday,morning,3,-77.03927,39.56781
FD24013403|26011431_639173938507535215|1781635620,Carroll County Department of Fire & EMS,MEDICAL,2026-06-16 10:47:00-04:00,10,Tuesday,morning,3,-76.98834,39.54359
FD24013403|26011433_639172351827529420|1781635867,Carroll County Department of Fire & EMS,NOEMERG,2026-06-16 10:51:07-04:00,10,Tuesday,morning,1,-76.97775,39.55967
FD24013403|26011439_639172624231719335|1781640847,Carroll County Department of Fire & EMS,NOEMERG,2026-06-16 12:14:07-04:00,12,Tuesday,afternoon,1,-76.96681,39.48919
FD24013403|26011443_639172938855775314|1781645738,Carroll County Department of Fire & EMS,MEDICAL,2026-06-16 13:35:38-04:00,13,Tuesday,afternoon,1,-77.17329,39.66412
FD24013403|26011447_639174200416777550|1781647925,Carroll County Department of Fire & EMS,MEDICAL,2026-06-16 14:12:05-04:00,14,Tuesday,afternoon,1,-77.15855,39.64717
FD24013403|26011453_639172588526981759|1781653610,Carroll County Department of Fire & EMS,MEDICAL,2026-06-16 15:46:50-04:00,15,Tuesday,afternoon,1,-76.88318,39.65789
FD24013403|26011455_639172661625793300|1781655156,Carroll County Department of Fire & EMS,FIRE,2026-06-16 16:12:36-04:00,16,Tuesday,afternoon,2,-77.23719,39.64223
FD24013403|26011464_639172650318974904|1781666261,Carroll County Department of Fire & EMS,MEDICAL,2026-06-16 19:17:41-04:00,19,Tuesday,evening,1,-77.0944,39.45165
FD24013403|26011470_639172747207382200|1781674822,Carroll County Department of Fire & EMS,MEDICAL,2026-06-16 21:40:22-04:00,21,Tuesday,evening,1,-77.17194,39.66323
FD24013403|26011474_639173436013755480|1781695144,Carroll County Department of Fire & EMS,NOEMERG,2026-06-17 03:19:04-04:00,3,Wednesday,overnight,1,-76.83062,39.60749
FD24013403|26011478_639173393415329236|1781698366,Carroll County Department of Fire & EMS,FIRE,2026-06-17 04:12:46-04:00,4,Wednesday,overnight,3,-76.98809,39.36346
FD24013403|26011479_639173391267016468|1781699465,Carroll County Department of Fire & EMS,MEDICAL,2026-06-17 04:31:05-04:00,4,Wednesday,overnight,3,-76.94476,39.40232
FD24013403|26011504_639173408439496898|1781722750,Carroll County Department of Fire & EMS,NOEMERG,2026-06-17 10:59:10-04:00,10,Wednesday,morning,1,-77.07555,39.4698
FD24013403|26011512_639173444107627628|1781726917,Carroll County Department of Fire & EMS,HAZSIT,2026-06-17 12:08:37-04:00,12,Wednesday,afternoon,1,-76.93009,39.5865
FD24013403|26011515_639173406254781529|1781728282,Carroll County Department of Fire & EMS,MEDICAL,2026-06-17 12:31:22-04:00,12,Wednesday,afternoon,1,-76.99022,39.5673
FD24013403|26011526_639173407405978289|1781736166,Carroll County Department of Fire & EMS,MEDICAL,2026-06-17 14:42:46-04:00,14,Wednesday,afternoon,1,-77.04838,39.42164
FD24013403|26011531_639173427492672890|1781744214,Carroll County Department of Fire & EMS,FIRE,2026-06-17 16:56:54-04:00,16,Wednesday,afternoon,2,-76.99441,39.56882
FD24013403|26011545_639173720404939046|1781772862,Carroll County Department of Fire & EMS,NOEMERG,2026-06-18 00:54:22-04:00,0,Thursday,overnight,1,-76.99822,39.57763
FD24013403|26011549_639174362406086329|1781782664,Carroll County Department of Fire & EMS,MEDICAL,2026-06-18 03:37:44-04:00,3,Thursday,overnight,1,-76.99026,39.56734
FD24013403|26011566_639174211477297020|1781796753,Carroll County Department of Fire & EMS,MEDICAL,2026-06-18 07:32:33-04:00,7,Thursday,morning,1,-77.01525,39.658
FD24013403|26011579_639176500509158951|1781810353,Carroll County Department of Fire & EMS,MEDICAL,2026-06-18 11:19:13-04:00,11,Thursday,morning,1,-77.11893,39.46311
FD24013403|26011580_639174361706673403|1781812328,Carroll County Department of Fire & EMS,MEDICAL,2026-06-18 11:52:08-04:00,11,Thursday,morning,1,-76.98361,39.57572
FD24013403|26011584_639176511680707220|1781816410,Carroll County Department of Fire & EMS,MEDICAL,2026-06-18 13:00:10-04:00,13,Thursday,afternoon,1,-76.93654,39.39417
FD24013403|26011589_639174360606695376|1781823743,Carroll County Department of Fire & EMS,MEDICAL,2026-06-18 15:02:23-04:00,15,Thursday,afternoon,1,-76.99081,39.5684
FD24013403|26011591_639174359358400112|1781826992,Carroll County Department of Fire & EMS,MEDICAL,2026-06-18 15:56:32-04:00,15,Thursday,afternoon,1,-76.99484,39.56582
FD24013403|26011593_639174368981251435|1781828521,Carroll County Department of Fire & EMS,MEDICAL,2026-06-18 16:22:01-04:00,16,Thursday,afternoon,1,-77.22667,39.67537
FD24013403|26011596_639174358209797291|1781831524,Carroll County Department of Fire & EMS,MEDICAL,2026-06-18 17:12:04-04:00,17,Thursday,afternoon,1,-76.88894,39.65678
FD24013403|26011598_639174369319439948|1781834200,Carroll County Department of Fire & EMS,NOEMERG,2026-06-18 17:56:40-04:00,17,Thursday,afternoon,1,-77.05105,39.67698
FD24013403|26011599_639174369502566927|1781835548,Carroll County Department of Fire & EMS,MEDICAL,2026-06-18 18:19:08-04:00,18,Thursday,evening,1,-76.99547,39.5404
FD24013403|26011600_639176515122681762|1781838963,Carroll County Department of Fire & EMS,MEDICAL,2026-06-18 19:16:03-04:00,19,Thursday,evening,1,-76.91326,39.40968
FD24013403|26011606_639174612613965190|1781848488,Carroll County Department of Fire & EMS,NOEMERG,2026-06-18 21:54:48-04:00,21,Thursday,evening,3,-76.85499,39.60534
FD24013403|26011612_639174614035536379|1781862143,Carroll County Department of Fire & EMS,NOEMERG,2026-06-19 01:42:23-04:00,1,Friday,overnight,1,-76.93137,39.5323
FD24013403|26011618_639175232406628084|1781877007,Carroll County Department of Fire & EMS,MEDICAL,2026-06-19 05:50:07-04:00,5,Friday,overnight,1,-77.21495,39.69229
FD24013403|26011623_639176434207944836|1781881778,Carroll County Department of Fire & EMS,MEDICAL,2026-06-19 07:09:38-04:00,7,Friday,morning,1,-76.85152,39.62505
FD24013403|26011626_639175228226686198|1781882103,Carroll County Department of Fire & EMS,HAZSIT,2026-06-19 07:15:03-04:00,7,Friday,morning,4,-77.05567,39.54962
FD24013403|26011629_639175521328624743|1781883532,Carroll County Department of Fire & EMS,PUBSERV,2026-06-19 07:38:52-04:00,7,Friday,morning,2,-76.99562,39.59062
FD24013403|26011632_639175231526345409|1781885767,Carroll County Department of Fire & EMS,FIRE,2026-06-19 08:16:07-04:00,8,Friday,morning,2,-77.12026,39.39523
FD24013403|26011637_639175223404237716|1781887718,Carroll County Department of Fire & EMS,HAZSIT,2026-06-19 08:48:38-04:00,8,Friday,morning,2,-77.14758,39.36623
FD24013403|26011643_639175230310583210|1781892122,Carroll County Department of Fire & EMS,MEDICAL,2026-06-19 10:02:02-04:00,10,Friday,morning,1,-77.15268,39.36417
FD24013403|26011650_639175229412259240|1781900256,Carroll County Department of Fire & EMS,MEDICAL,2026-06-19 12:17:36-04:00,12,Friday,afternoon,1,-77.05221,39.41474
FD24013403|26011652_639175222451950810|1781903396,Carroll County Department of Fire & EMS,MEDICAL,2026-06-19 13:09:56-04:00,13,Friday,afternoon,1,-77.04162,39.52622
FD24013403|26011656_639182119171268757|1781909760,Carroll County Department of Fire & EMS,NOEMERG,2026-06-19 14:56:00-04:00,14,Friday,afternoon,1,-76.92114,39.61821
FD24013403|26011660_639175291443340326|1781916734,Carroll County Department of Fire & EMS,MEDICAL,2026-06-19 16:52:14-04:00,16,Friday,afternoon,1,-77.15813,39.67106
FD24013403|26011662_639176446211256271|1781922150,Carroll County Department of Fire & EMS,MEDICAL,2026-06-19 18:22:30-04:00,18,Friday,evening,1,-76.89769,39.57749
FD24013403|26011666_639177525317789587|1781938880,Carroll County Department of Fire & EMS,PUBSERV,2026-06-19 23:01:20-04:00,23,Friday,evening,2,-77.17692,39.633
FD24013403|26011668_639182127914215307|1781942596,Carroll County Department of Fire & EMS,FIRE,2026-06-20 00:03:16-04:00,0,Saturday,overnight,2,-77.08793,39.45694
FD24013403|26011686_639175808988937534|1781971919,Carroll County Department of Fire & EMS,MEDICAL,2026-06-20 08:11:59-04:00,8,Saturday,morning,1,-77.15872,39.64318
FD24013403|26011692_639176100616934021|1781975581,Carroll County Department of Fire & EMS,MEDICAL,2026-06-20 09:13:01-04:00,9,Saturday,morning,1,-77.09184,39.4407
FD24013403|26011693_639176042414673496|1781978050,Carroll County Department of Fire & EMS,NOEMERG,2026-06-20 09:54:10-04:00,9,Saturday,morning,1,-76.98742,39.56377
FD24013403|26011694_639176066418302023|1781978362,Carroll County Department of Fire & EMS,MEDICAL,2026-06-20 09:59:22-04:00,9,Saturday,morning,1,-77.05706,39.3946
FD24013403|26011714_639176089423497780|1781999218,Carroll County Department of Fire & EMS,MEDICAL,2026-06-20 15:46:58-04:00,15,Saturday,afternoon,1,-76.97628,39.3741
FD24013403|26011720_639176079610842365|1782003851,Carroll County Department of Fire & EMS,MEDICAL,2026-06-20 17:04:11-04:00,17,Saturday,afternoon,1,-76.98963,39.4449
FD24013403|26011728_639176331605200570|1782022529,Carroll County Department of Fire & EMS,MEDICAL,2026-06-20 22:15:29-04:00,22,Saturday,evening,1,-77.05744,39.37048
FD24013403|26011737_639176505038592864|1782041210,Carroll County Department of Fire & EMS,MEDICAL,2026-06-21 03:26:50-04:00,3,Sunday,overnight,1,-77.15855,39.64717
FD24013403|26011744_639176865339303188|1782049198,Carroll County Department of Fire & EMS,MEDICAL,2026-06-21 05:39:58-04:00,5,Sunday,overnight,1,-76.8877,39.66494
FD24013403|26011755_639176867121404044|1782063537,Carroll County Department of Fire & EMS,MEDICAL,2026-06-21 09:38:57-04:00,9,Sunday,morning,1,-76.80955,39.47109
FD24013403|26011756_639176805011011358|1782063699,Carroll County Department of Fire & EMS,MEDICAL,2026-06-21 09:41:39-04:00,9,Sunday,morning,2,-77.0408,39.50926
FD24013403|26011759_639176806506776910|1782065546,Carroll County Department of Fire & EMS,MEDICAL,2026-06-21 10:12:26-04:00,10,Sunday,morning,4,-76.90112,39.64596
FD24013403|26011760_639176691535420731|1782067750,Carroll County Department of Fire & EMS,MEDICAL,2026-06-21 10:49:10-04:00,10,Sunday,morning,2,-77.01948,39.66831
FD24013403|26011772_639177648906977935|1782083311,Carroll County Department of Fire & EMS,MEDICAL,2026-06-21 15:08:31-04:00,15,Sunday,afternoon,1,-77.11497,39.70243
FD24013403|26011778_639176951712740628|1782088156,Carroll County Department of Fire & EMS,HAZSIT,2026-06-21 16:29:16-04:00,16,Sunday,afternoon,3,-76.96802,39.56085
FD24013403|26011782_639177647419144456|1782091374,Carroll County Department of Fire & EMS,MEDICAL,2026-06-21 17:22:54-04:00,17,Sunday,afternoon,1,-77.15456,39.64214
FD24013403|26011785_639177676440476443|1782101060,Carroll County Department of Fire & EMS,MEDICAL,2026-06-21 20:04:20-04:00,20,Sunday,evening,1,-76.89027,39.65958
FD24013403|26011787_639177060626012212|1782106145,Carroll County Department of Fire & EMS,MEDICAL,2026-06-21 21:29:05-04:00,21,Sunday,evening,1,-77.16457,39.3633
FD24013403|26011789_639177677114591744|1782106349,Carroll County Department of Fire & EMS,MEDICAL,2026-06-21 21:32:29-04:00,21,Sunday,evening,2,-76.97562,39.58835
FD24013403|26011790_639177060006438326|1782106834,Carroll County Department of Fire & EMS,MEDICAL,2026-06-21 21:40:34-04:00,21,Sunday,evening,1,-76.99285,39.44383
FD24013403|26011791_639177647047326980|1782107956,Carroll County Department of Fire & EMS,NOEMERG,2026-06-21 21:59:16-04:00,21,Sunday,evening,1,-76.98696,39.57217
FD24013403|26011802_639177510562339854|1782133165,Carroll County Department of Fire & EMS,MEDICAL,2026-06-22 04:59:25-04:00,4,Monday,overnight,1,-77.08013,39.43711
FD24013403|26011803_639177511511335628|1782131706,Carroll County Department of Fire & EMS,NOEMERG,2026-06-22 04:35:06-04:00,4,Monday,overnight,1,-77.08128,39.44415
FD24013403|26011804_639177512288354574|1782132462,Carroll County Department of Fire & EMS,NOEMERG,2026-06-22 04:47:42-04:00,4,Monday,overnight,1,-77.15771,39.35853
FD24013403|26011814_639177767128675744|1782138410,Carroll County Department of Fire & EMS,NOEMERG,2026-06-22 06:26:50-04:00,6,Monday,morning,1,-76.8877,39.66494
FD24013403|26011816_639177767917795609|1782141142,Carroll County Department of Fire & EMS,NOEMERG,2026-06-22 07:12:22-04:00,7,Monday,morning,1,-76.85102,39.60667
FD24013403|26011829_639177768758518027|1782153440,Carroll County Department of Fire & EMS,NOEMERG,2026-06-22 10:37:20-04:00,10,Monday,morning,1,-76.8547,39.60308
FD24013403|26011835_639177769509020752|1782156545,Carroll County Department of Fire & EMS,NOEMERG,2026-06-22 11:29:05-04:00,11,Monday,morning,1,-76.97311,39.56508
FD24013403|26011841_639177646113894556|1782163065,Carroll County Department of Fire & EMS,NOEMERG,2026-06-22 13:17:45-04:00,13,Monday,afternoon,2,-77.01807,39.66416
FD24013403|26011854_639178451516247373|1782206476,Carroll County Department of Fire & EMS,MEDICAL,2026-06-23 01:21:16-04:00,1,Tuesday,overnight,1,-77.01626,39.55361
FD24013403|26011860_639182126706606589|1782220670,Carroll County Department of Fire & EMS,HAZSIT,2026-06-23 05:17:50-04:00,5,Tuesday,overnight,2,-76.87428,39.61524
FD24013403|26011863_639178450811961553|1782227305,Carroll County Department of Fire & EMS,MEDICAL,2026-06-23 07:08:25-04:00,7,Tuesday,morning,1,-77.02103,39.39283
FD24013403|26011866_639178438209237018|1782230696,Carroll County Department of Fire & EMS,MEDICAL,2026-06-23 08:04:56-04:00,8,Tuesday,morning,1,-77.14065,39.65085
FD24013403|26011870_639178424710099398|1782235102,Carroll County Department of Fire & EMS,MEDICAL,2026-06-23 09:18:22-04:00,9,Tuesday,morning,1,-77.04913,39.50449
FD24013403|26011875_639178414727789158|1782239746,Carroll County Department of Fire & EMS,MEDICAL,2026-06-23 10:35:46-04:00,10,Tuesday,morning,1,-77.17128,39.69967
FD24013403|26011899_639178696805886225|1782265842,Carroll County Department of Fire & EMS,MEDICAL,2026-06-23 17:50:42-04:00,17,Tuesday,afternoon,1,-76.99156,39.42808
FD24013403|26011901_639182126049885812|1782265440,Carroll County Department of Fire & EMS,HAZSIT,2026-06-23 17:44:00-04:00,17,Tuesday,afternoon,1,-77.05865,39.47818
FD24013403|26011906_639178739107385893|1782272188,Carroll County Department of Fire & EMS,MEDICAL,2026-06-23 19:36:28-04:00,19,Tuesday,evening,1,-77.11413,39.65251
FD24013403|26011910_639182128805700499|1782275786,Carroll County Department of Fire & EMS,HAZSIT,2026-06-23 20:36:26-04:00,20,Tuesday,evening,1,-76.99141,39.56309
FD24013403|26011911_639178760923648225|1782275647,Carroll County Department of Fire & EMS,NOEMERG,2026-06-23 20:34:07-04:00,20,Tuesday,evening,1,-76.99139,39.56517
FD24013403|26011917_639179011416368878|1782286798,Carroll County Department of Fire & EMS,NOEMERG,2026-06-23 23:39:58-04:00,23,Tuesday,evening,1,-76.91583,39.41518
FD24013403|26011926_639178998373405972|1782302519,Carroll County Department of Fire & EMS,MEDICAL,2026-06-24 04:01:59-04:00,4,Wednesday,overnight,2,-76.97786,39.58209
FD24013403|26011929_639179044212763251|1782304280,Carroll County Department of Fire & EMS,NOEMERG,2026-06-24 04:31:20-04:00,4,Wednesday,overnight,1,-76.97112,39.37373
FD24013403|26011934_639179107711523770|1782312143,Carroll County Department of Fire & EMS,MEDICAL,2026-06-24 06:42:23-04:00,6,Wednesday,morning,1,-76.79986,39.63746
FD24013403|26011938_639179128552441613|1782315547,Carroll County Department of Fire & EMS,NOEMERG,2026-06-24 07:39:07-04:00,7,Wednesday,morning,1,-76.93649,39.39787
FD24013403|26011939_639179981056013209|1782317293,Carroll County Department of Fire & EMS,MEDICAL,2026-06-24 08:08:13-04:00,8,Wednesday,morning,1,-77.17267,39.65965
FD24013403|26011947_639179277609429869|1782327549,Carroll County Department of Fire & EMS,MEDICAL,2026-06-24 10:59:09-04:00,10,Wednesday,morning,1,-76.94497,39.4042
FD24013403|26011948_639179981962574905|1782327341,Carroll County Department of Fire & EMS,MEDICAL,2026-06-24 10:55:41-04:00,10,Wednesday,morning,1,-77.09731,39.71138
FD24013403|26011952_639179526343675464|1782333097,Carroll County Department of Fire & EMS,NOEMERG,2026-06-24 12:31:37-04:00,12,Wednesday,afternoon,2,-76.88932,39.49346
FD24013403|26011954_639179339644503544|1782335496,Carroll County Department of Fire & EMS,MEDICAL,2026-06-24 13:11:36-04:00,13,Wednesday,afternoon,1,-76.90967,39.67627
FD24013403|26011960_639179979908883072|1782341714,Carroll County Department of Fire & EMS,MEDICAL,2026-06-24 14:55:14-04:00,14,Wednesday,afternoon,1,-76.89468,39.49842
FD24013403|26011978_639180325530033191|1782383799,Carroll County Department of Fire & EMS,MEDICAL,2026-06-25 02:36:39-04:00,2,Thursday,overnight,1,-77.22645,39.68437
FD24013403|26011984_639180329410131717|1782388088,Carroll County Department of Fire & EMS,MEDICAL,2026-06-25 03:48:08-04:00,3,Thursday,overnight,1,-77.2235,39.83083
FD24013403|26011995_639180015606813559|1782400804,Carroll County Department of Fire & EMS,NOEMERG,2026-06-25 07:20:04-04:00,7,Thursday,morning,2,-77.16393,39.36198
FD24013403|26011996_639180069619229825|1782401610,Carroll County Department of Fire & EMS,MEDICAL,2026-06-25 07:33:30-04:00,7,Thursday,morning,4,-77.05567,39.54962
FD24013403|26012009_639180655805535110|1782420825,Carroll County Department of Fire & EMS,MEDICAL,2026-06-25 12:53:45-04:00,12,Thursday,afternoon,1,-76.81568,39.64536
FD24013403|26012012_639180330608742395|1782422754,Carroll County Department of Fire & EMS,NOEMERG,2026-06-25 13:25:54-04:00,13,Thursday,afternoon,1,-77.17632,39.65973
FD24013403|26012014_639180332411338656|1782425193,Carroll County Department of Fire & EMS,MEDICAL,2026-06-25 14:06:33-04:00,14,Thursday,afternoon,1,-77.17632,39.65973
FD24013403|26012020_639180333611605127|1782430155,Carroll County Department of Fire & EMS,MEDICAL,2026-06-25 15:29:15-04:00,15,Thursday,afternoon,1,-77.06018,39.70029
FD24013403|26012027_639180449014555330|1782435020,Carroll County Department of Fire & EMS,FIRE,2026-06-25 16:50:20-04:00,16,Thursday,afternoon,2,-76.96074,39.40896
FD24013403|26012032_639180449705093912|1782438379,Carroll County Department of Fire & EMS,NOEMERG,2026-06-25 17:46:19-04:00,17,Thursday,afternoon,1,-76.94958,39.40892
FD24013403|26012033_639180447005729280|1782442682,Carroll County Department of Fire & EMS,MEDICAL,2026-06-25 18:58:02-04:00,18,Thursday,evening,1,-77.15388,39.39001
FD24013403|26012041_639183834008165096|1782475518,Carroll County Department of Fire & EMS,MEDICAL,2026-06-26 04:05:18-04:00,4,Friday,overnight,1,-76.97112,39.37373
FD24013403|26012044_639180914111585076|1782479111,Carroll County Department of Fire & EMS,NOEMERG,2026-06-26 05:05:11-04:00,5,Friday,overnight,1,-77.02417,39.58876
FD24013403|26012060_639180866405142466|1782488639,Carroll County Department of Fire & EMS,NOEMERG,2026-06-26 07:43:59-04:00,7,Friday,morning,2,-77.16232,39.38073
FD24013403|26012062_639181284012204683|1782490124,Carroll County Department of Fire & EMS,HAZSIT,2026-06-26 08:08:44-04:00,8,Friday,morning,2,-76.95457,39.68611
FD24013403|26012063_639180917309428986|1782490613,Carroll County Department of Fire & EMS,NOEMERG,2026-06-26 08:16:53-04:00,8,Friday,morning,1,-77.32608,39.70005
FD24013403|26012068_639180918583476506|1782492005,Carroll County Department of Fire & EMS,NOEMERG,2026-06-26 08:40:05-04:00,8,Friday,morning,1,-77.17821,39.56737
FD24013403|26012085_639183836896621549|1782503766,Carroll County Department of Fire & EMS,MEDICAL,2026-06-26 11:56:06-04:00,11,Friday,morning,1,-76.953,39.40417
FD24013403|26012094_639181282449100456|1782516234,Carroll County Department of Fire & EMS,MEDICAL,2026-06-26 15:23:54-04:00,15,Friday,afternoon,1,-76.92351,39.52461
FD24013403|26012112_639183830705719578|1782523206,Carroll County Department of Fire & EMS,FIRE,2026-06-26 17:20:06-04:00,17,Friday,afternoon,1,-77.08624,39.47313
FD24013403|26012117_639183825315599713|1782532719,Carroll County Department of Fire & EMS,MEDICAL,2026-06-26 19:58:39-04:00,19,Friday,evening,1,-76.94792,39.40407
FD24013403|26012118_639181520414578205|1782534131,Carroll County Department of Fire & EMS,MEDICAL,2026-06-26 20:22:11-04:00,20,Friday,evening,1,-77.16155,39.65426
FD24013403|26012130_639181590611373625|1782558037,Carroll County Department of Fire & EMS,MEDICAL,2026-06-27 03:00:37-04:00,3,Saturday,overnight,1,-76.9387,39.69404
FD24013403|26012132_639181584037849146|1782560042,Carroll County Department of Fire & EMS,NOEMERG,2026-06-27 03:34:02-04:00,3,Saturday,overnight,1,-77.13908,39.41253
FD24013403|26012133_639182080516751060|1782560077,Carroll County Department of Fire & EMS,MEDICAL,2026-06-27 03:34:37-04:00,3,Saturday,overnight,1,-77.06594,39.71491
FD24013403|26012148_639181794014608901|1782580401,Carroll County Department of Fire & EMS,MEDICAL,2026-06-27 09:13:21-04:00,9,Saturday,morning,1,-76.90007,39.64341
FD24013403|26012161_639182473209760058|1782600848,Carroll County Department of Fire & EMS,MEDICAL,2026-06-27 14:54:08-04:00,14,Saturday,afternoon,1,-76.86448,39.59622
FD24013403|26012168_639182081931335663|1782605357,Carroll County Department of Fire & EMS,MEDICAL,2026-06-27 16:09:17-04:00,16,Saturday,afternoon,1,-77.20255,39.64381
FD24013403|26012171_639182123360301996|1782612194,Carroll County Department of Fire & EMS,MEDICAL,2026-06-27 18:03:14-04:00,18,Saturday,evening,2,-76.98825,39.55833
FD24013403|26012183_639182485504252353|1782651263,Carroll County Department of Fire & EMS,NOEMERG,2026-06-28 04:54:23-04:00,4,Sunday,overnight,1,-77.15626,39.64792
FD24013403|26012193_639182764469025823|1782662929,Carroll County Department of Fire & EMS,MEDICAL,2026-06-28 08:08:49-04:00,8,Sunday,morning,1,-77.08267,39.46059
FD24013403|26012198_639182683728475574|1782667522,Carroll County Department of Fire & EMS,MEDICAL,2026-06-28 09:25:22-04:00,9,Sunday,morning,1,-76.8877,39.66494
FD24013403|26012201_639182952909725325|1782668721,Carroll County Department of Fire & EMS,MEDICAL,2026-06-28 09:45:21-04:00,9,Sunday,morning,1,-76.9699,39.36509
FD24013403|26012207_639182733559626266|1782674280,Carroll County Department of Fire & EMS,MEDICAL,2026-06-28 11:18:00-04:00,11,Sunday,morning,1,-76.88933,39.65805
FD24013403|26012212_639182824510202064|1782678064,Carroll County Department of Fire & EMS,MEDICAL,2026-06-28 12:21:04-04:00,12,Sunday,afternoon,1,-76.83459,39.63628
FD24013403|26012214_639182973309187011|1782680517,Carroll County Department of Fire & EMS,MEDICAL,2026-06-28 13:01:57-04:00,13,Sunday,afternoon,1,-76.99141,39.41108
FD24013403|26012232_639184147807572600|1782727507,Carroll County Department of Fire & EMS,MEDICAL,2026-06-29 02:05:07-04:00,2,Monday,overnight,1,-76.88401,39.57685
FD24013403|26012243_639184149011165903|1782737290,Carroll County Department of Fire & EMS,NOEMERG,2026-06-29 04:48:10-04:00,4,Monday,overnight,1,-76.99082,39.56384
FD24013403|26012257_639183654916951438|1782755459,Carroll County Department of Fire & EMS,MEDICAL,2026-06-29 09:50:59-04:00,9,Monday,morning,1,-77.15902,39.36248
FD24013403|26012263_639183705311627081|1782763611,Carroll County Department of Fire & EMS,MEDICAL,2026-06-29 12:06:51-04:00,12,Monday,afternoon,1,-76.95967,39.39434
FD24013403|26012270_639184150530198552|1782765892,Carroll County Department of Fire & EMS,MEDICAL,2026-06-29 12:44:52-04:00,12,Monday,afternoon,1,-76.8799,39.57105
FD24013403|26012271_639183706219040540|1782766062,Carroll County Department of Fire & EMS,NOEMERG,2026-06-29 12:47:42-04:00,12,Monday,afternoon,1,-76.99185,39.56356
FD24013403|26012275_639183656709917625|1782767777,Carroll County Department of Fire & EMS,FIRE,2026-06-29 13:16:17-04:00,13,Monday,afternoon,2,-76.99848,39.57482
FD24013403|26012277_639183708608005634|1782768344,Carroll County Department of Fire & EMS,NOEMERG,2026-06-29 13:25:44-04:00,13,Monday,afternoon,1,-76.95651,39.37506
FD24013403|26012283_639184177419636568|1782777849,Carroll County Department of Fire & EMS,MEDICAL,2026-06-29 16:04:09-04:00,16,Monday,afternoon,1,-76.92103,39.3922
FD24013403|26012296_639184152007915928|1782803272,Carroll County Department of Fire & EMS,NOEMERG,2026-06-29 23:07:52-04:00,23,Monday,evening,1,-76.99483,39.5896
FD24013403|26012300_639184118405785598|1782809260,Carroll County Department of Fire & EMS,MEDICAL,2026-06-30 00:47:40-04:00,0,Tuesday,overnight,1,-77.0435,39.65912
FD24013403|26012311_639185370594497076|1782824438,Carroll County Department of Fire & EMS,HAZSIT,2026-06-30 05:00:38-04:00,5,Tuesday,overnight,2,-76.99296,39.5457
FD24013403|26012312_639184461860323613|1782824929,Carroll County Department of Fire & EMS,MEDICAL,2026-06-30 05:08:49-04:00,5,Tuesday,overnight,1,-76.97582,39.37815
FD24013403|26012314_639184620909846869|1782825667,Carroll County Department of Fire & EMS,MEDICAL,2026-06-30 05:21:07-04:00,5,Tuesday,overnight,1,-77.05105,39.67698
FD24013403|26012319_639187275622552603|1782828467,Carroll County Department of Fire & EMS,MEDICAL,2026-06-30 06:07:47-04:00,6,Tuesday,morning,1,-76.91885,39.39406
FD24013403|26012322_639187272309021667|1782830127,Carroll County Department of Fire & EMS,MEDICAL,2026-06-30 06:35:27-04:00,6,Tuesday,morning,1,-76.9344,39.37844
FD24013403|26012329_639185367063901710|1782836001,Carroll County Department of Fire & EMS,NOEMERG,2026-06-30 08:13:21-04:00,8,Tuesday,morning,2,-76.9791,39.4149
FD24013403|26012330_639184471518277150|1782837937,Carroll County Department of Fire & EMS,MEDICAL,2026-06-30 08:45:37-04:00,8,Tuesday,morning,1,-76.99547,39.5404
FD24013403|26012333_639187280130035438|1782838306,Carroll County Department of Fire & EMS,MEDICAL,2026-06-30 08:51:46-04:00,8,Tuesday,morning,1,-76.98086,39.56344
FD24013403|26012334_639187282519550420|1782839249,Carroll County Department of Fire & EMS,MEDICAL,2026-06-30 09:07:29-04:00,9,Tuesday,morning,2,-77.04258,39.51571
FD24013403|26012341_639184479520752275|1782844898,Carroll County Department of Fire & EMS,MEDICAL,2026-06-30 10:41:38-04:00,10,Tuesday,morning,1,-76.99691,39.57484
FD24013403|26012350_639187268449241141|1782856588,Carroll County Department of Fire & EMS,MEDICAL,2026-06-30 13:56:28-04:00,13,Tuesday,afternoon,1,-77.14585,39.35743
FD24013403|26012355_639185373009455186|1782859050,Carroll County Department of Fire & EMS,NOEMERG,2026-06-30 14:37:30-04:00,14,Tuesday,afternoon,2,-76.89704,39.40252
FD24013403|26012356_639185374258234869|1782859934,Carroll County Department of Fire & EMS,NOEMERG,2026-06-30 14:52:14-04:00,14,Tuesday,afternoon,1,-76.98035,39.58673
FD24013403|26012358_639185414711017793|1782860394,Carroll County Department of Fire & EMS,NOEMERG,2026-06-30 14:59:54-04:00,14,Tuesday,afternoon,1,-76.97562,39.58835
FD24013403|26012365_639187264465174840|1782866309,Carroll County Department of Fire & EMS,MEDICAL,2026-06-30 16:38:29-04:00,16,Tuesday,afternoon,1,-77.15345,39.36956
FD24013403|26012378_639185423412125735|1782885589,Carroll County Department of Fire & EMS,RESCUE,2026-06-30 21:59:49-04:00,21,Tuesday,evening,2,-77.16667,39.35916
FD24013403|26012380_639185088457077237|1782896556,Carroll County Department of Fire & EMS,MEDICAL,2026-07-01 01:02:36-04:00,1,Wednesday,overnight,1,-76.87173,39.52139
FD24013403|26012388_639185547866142046|1782908572,Carroll County Department of Fire & EMS,MEDICAL,2026-07-01 04:22:52-04:00,4,Wednesday,overnight,1,-76.86527,39.58989
FD24013403|26012408_639185550931104759|1782928189,Carroll County Department of Fire & EMS,NOEMERG,2026-07-01 09:49:49-04:00,9,Wednesday,morning,1,-76.97984,39.56256
FD24013403|26012417_639185597106328475|1782930919,Carroll County Department of Fire & EMS,HAZSIT,2026-07-01 10:35:19-04:00,10,Wednesday,morning,1,-77.13055,39.61099
FD24013403|26012418_639185554527392638|1782930971,Carroll County Department of Fire & EMS,MEDICAL,2026-07-01 10:36:11-04:00,10,Wednesday,morning,1,-76.99289,39.57009
FD24013403|26012427_639189310861639105|1782943154,Carroll County Department of Fire & EMS,MEDICAL,2026-07-01 13:59:14-04:00,13,Wednesday,afternoon,2,-76.98763,39.6365
FD24013403|26012435_639185512252352639|1782948607,Carroll County Department of Fire & EMS,MEDICAL,2026-07-01 15:30:07-04:00,15,Wednesday,afternoon,1,-77.05632,39.43173
FD24013403|26012437_639185597753576032|1782949536,Carroll County Department of Fire & EMS,MEDICAL,2026-07-01 15:45:36-04:00,15,Wednesday,afternoon,1,-77.17505,39.65897
FD24013403|26012438_639185557241084133|1782949935,Carroll County Department of Fire & EMS,NOEMERG,2026-07-01 15:52:15-04:00,15,Wednesday,afternoon,1,-76.87962,39.66451
FD24013403|26012441_639190240326262108|1782952856,Carroll County Department of Fire & EMS,NOEMERG,2026-07-01 16:40:56-04:00,16,Wednesday,afternoon,1,-76.87962,39.66451
FD24013403|26012448_639190241617389385|1782961532,Carroll County Department of Fire & EMS,NOEMERG,2026-07-01 19:05:32-04:00,19,Wednesday,evening,1,-76.83733,39.59209
FD24013403|26012464_639186439211084604|1782991003,Carroll County Department of Fire & EMS,FIRE,2026-07-02 03:16:43-04:00,3,Thursday,overnight,1,-77.16739,39.87227
FD24013403|26012466_639186244228626982|1782992309,Carroll County Department of Fire & EMS,MEDICAL,2026-07-02 03:38:29-04:00,3,Thursday,overnight,1,-76.9963,39.51227
FD24013403|26012468_639186254049508048|1782994707,Carroll County Department of Fire & EMS,NOEMERG,2026-07-02 04:18:27-04:00,4,Thursday,overnight,1,-77.13966,39.36652
FD24013403|26012473_639186378018368456|1783001867,Carroll County Department of Fire & EMS,FIRE,2026-07-02 06:17:47-04:00,6,Thursday,morning,1,-77.08226,39.74302
FD24013403|26012478_639186106256982550|1783003945,Carroll County Department of Fire & EMS,MEDICAL,2026-07-02 06:52:25-04:00,6,Thursday,morning,1,-76.88574,39.66262
FD24013403|26012481_639186258021252486|1783008844,Carroll County Department of Fire & EMS,NOEMERG,2026-07-02 08:14:04-04:00,8,Thursday,morning,1,-77.0061,39.63338
FD24013403|26012483_639186107112889014|1783008700,Carroll County Department of Fire & EMS,MEDICAL,2026-07-02 08:11:40-04:00,8,Thursday,morning,1,-77.02264,39.585
FD24013403|26012492_639186322207651923|1783013212,Carroll County Department of Fire & EMS,MEDICAL,2026-07-02 09:26:52-04:00,9,Thursday,morning,1,-76.94497,39.4042
FD24013403|26012500_639186261018755671|1783022464,Carroll County Department of Fire & EMS,NOEMERG,2026-07-02 12:01:04-04:00,12,Thursday,afternoon,2,-77.0717,39.37572
FD24013403|26012504_639186301263325449|1783022248,Carroll County Department of Fire & EMS,MEDICAL,2026-07-02 11:57:28-04:00,11,Thursday,morning,2,-76.99357,39.57555
FD24013403|26012508_639186363245227856|1783030288,Carroll County Department of Fire & EMS,MEDICAL,2026-07-02 14:11:28-04:00,14,Thursday,afternoon,1,-77.12481,39.39858
FD24013403|26012509_639186302773104637|1783032529,Carroll County Department of Fire & EMS,MEDICAL,2026-07-02 14:48:49-04:00,14,Thursday,afternoon,2,-76.97421,39.56445
FD24013403|26012513_639186440118933187|1783035507,Carroll County Department of Fire & EMS,MEDICAL,2026-07-02 15:38:27-04:00,15,Thursday,afternoon,1,-77.02195,39.58609
FD24013403|26012519_639186441386637572|1783041513,Carroll County Department of Fire & EMS,NOEMERG,2026-07-02 17:18:33-04:00,17,Thursday,afternoon,1,-77.16443,39.58643
FD24013403|26012520_639186442808887060|1783042290,Carroll County Department of Fire & EMS,MEDICAL,2026-07-02 17:31:30-04:00,17,Thursday,afternoon,1,-77.15987,39.65577
FD24013403|26012530_639186456918519767|1783048396,Carroll County Department of Fire & EMS,MEDICAL,2026-07-02 19:13:16-04:00,19,Thursday,evening,1,-76.98663,39.57388
FD24013403|26012537_639186571206330027|1783058144,Carroll County Department of Fire & EMS,MEDICAL,2026-07-02 21:55:44-04:00,21,Thursday,evening,1,-77.00562,39.57131
FD24013403|26012548_639186820212725955|1783082628,Carroll County Department of Fire & EMS,MEDICAL,2026-07-03 04:43:48-04:00,4,Friday,overnight,3,-76.89177,39.68013
FD24013403|26012550_639186862208593631|1783085551,Carroll County Department of Fire & EMS,NOEMERG,2026-07-03 05:32:31-04:00,5,Friday,overnight,1,-76.99203,39.58781
FD24013403|26012579_639187107180063091|1783111148,Carroll County Department of Fire & EMS,NOEMERG,2026-07-03 12:39:08-04:00,12,Friday,afternoon,1,-76.9348,39.37362
FD24013403|26012591_639187310612111980|1783119471,Carroll County Department of Fire & EMS,MEDICAL,2026-07-03 14:57:51-04:00,14,Friday,afternoon,1,-77.17505,39.65897
FD24013403|26012595_639187285216874165|1783121186,Carroll County Department of Fire & EMS,NOEMERG,2026-07-03 15:26:26-04:00,15,Friday,afternoon,1,-76.93016,39.44361
FD24013403|26012603_639187309473319127|1783127482,Carroll County Department of Fire & EMS,MEDICAL,2026-07-03 17:11:22-04:00,17,Friday,afternoon,1,-77.18378,39.6644
FD24013403|26012606_639187556107227235|1783128820,Carroll County Department of Fire & EMS,MEDICAL,2026-07-03 17:33:40-04:00,17,Friday,afternoon,1,-76.87962,39.66451
FD24013403|26012609_639187285824094131|1783130462,Carroll County Department of Fire & EMS,NOEMERG,2026-07-03 18:01:02-04:00,18,Friday,evening,1,-77.14758,39.36623
FD24013403|26012614_639187590817801245|1783137019,Carroll County Department of Fire & EMS,NOEMERG,2026-07-03 19:50:19-04:00,19,Friday,evening,1,-76.98825,39.55833
FD24013403|26012616_639187589714692210|1783140239,Carroll County Department of Fire & EMS,MEDICAL,2026-07-03 20:43:59-04:00,20,Friday,evening,1,-77.0944,39.45165
FD24013403|26012626_639187557005031864|1783156477,Carroll County Department of Fire & EMS,MEDICAL,2026-07-04 01:14:37-04:00,1,Saturday,overnight,1,-76.85304,39.67325
FD24013403|26012635_639187701544016691|1783169221,Carroll County Department of Fire & EMS,MEDICAL,2026-07-04 04:47:01-04:00,4,Saturday,overnight,1,-76.83459,39.63628
FD24013403|26012640_639187749556417301|1783173742,Carroll County Department of Fire & EMS,MEDICAL,2026-07-04 06:02:22-04:00,6,Saturday,morning,1,-76.83873,39.60474
FD24013403|26012646_639187893020920395|1783182663,Carroll County Department of Fire & EMS,MEDICAL,2026-07-04 08:31:03-04:00,8,Saturday,morning,1,-77.21482,39.67091
FD24013403|26012656_639187925718419553|1783191736,Carroll County Department of Fire & EMS,MEDICAL,2026-07-04 11:02:16-04:00,11,Saturday,morning,1,-76.97582,39.37815
FD24013403|26012658_639187951510142702|1783192702,Carroll County Department of Fire & EMS,MEDICAL,2026-07-04 11:18:22-04:00,11,Saturday,morning,1,-76.99141,39.56309
FD24013403|26012659_639188261020712954|1783194452,Carroll County Department of Fire & EMS,MEDICAL,2026-07-04 11:47:32-04:00,11,Saturday,morning,1,-77.05105,39.67698
FD24013403|26012662_639187976314073542|1783198393,Carroll County Department of Fire & EMS,FIRE,2026-07-04 12:53:13-04:00,12,Saturday,afternoon,2,-77.16698,39.3805
FD24013403|26012674_639188265234598227|1783205614,Carroll County Department of Fire & EMS,FIRE,2026-07-04 14:53:34-04:00,14,Saturday,afternoon,2,-77.17545,39.57399
FD24013403|26012678_639188101391418647|1783208785,Carroll County Department of Fire & EMS,HAZSIT,2026-07-04 15:46:25-04:00,15,Saturday,afternoon,1,-76.96757,39.36518
FD24013403|26012682_639188105623368715|1783206658,Carroll County Department of Fire & EMS,PUBSERV,2026-07-04 15:10:58-04:00,15,Saturday,afternoon,1,-76.93013,39.37894
FD24013403|26012693_639188103608479444|1783207807,Carroll County Department of Fire & EMS,HAZSIT,2026-07-04 15:30:07-04:00,15,Saturday,afternoon,1,-76.91797,39.38266
FD24013403|26012698_639188940912742204|1783208728,Carroll County Department of Fire & EMS,NOEMERG,2026-07-04 15:45:28-04:00,15,Saturday,afternoon,1,-76.96951,39.4021
FD24013403|26012701_639188944141719710|1783209434,Carroll County Department of Fire & EMS,NOEMERG,2026-07-04 15:57:14-04:00,15,Saturday,afternoon,1,-76.92292,39.39322
FD24013403|26012702_639188952015470005|1783209024,Carroll County Department of Fire & EMS,NOEMERG,2026-07-04 15:50:24-04:00,15,Saturday,afternoon,2,-77.03208,39.67006
FD24013403|26012705_639188952829834023|1783210500,Carroll County Department of Fire & EMS,NOEMERG,2026-07-04 16:15:00-04:00,16,Saturday,afternoon,1,-76.89526,39.39715
FD24013403|26012712_639188953725338361|1783212430,Carroll County Department of Fire & EMS,FIRE,2026-07-04 16:47:10-04:00,16,Saturday,afternoon,2,-77.23812,39.66535
FD24013403|26012713_639188211022229028|1783213132,Carroll County Department of Fire & EMS,MEDICAL,2026-07-04 16:58:52-04:00,16,Saturday,afternoon,1,-76.94752,39.59001
FD24013403|26012725_639188212107727794|1783215864,Carroll County Department of Fire & EMS,MEDICAL,2026-07-04 17:44:24-04:00,17,Saturday,afternoon,2,-76.99345,39.56306
FD24013403|26012733_639188267045197688|1783219488,Carroll County Department of Fire & EMS,MEDICAL,2026-07-04 18:44:48-04:00,18,Saturday,evening,1,-77.21554,39.70138
FD24013403|26012735_639188210420694822|1783219517,Carroll County Department of Fire & EMS,MEDICAL,2026-07-04 18:45:17-04:00,18,Saturday,evening,2,-76.99484,39.56582
FD24013403|26012738_639188266006292179|1783224069,Carroll County Department of Fire & EMS,MEDICAL,2026-07-04 20:01:09-04:00,20,Saturday,evening,1,-77.16204,39.64718
FD24013403|26012755_639188514919943369|1783245818,Carroll County Department of Fire & EMS,HAZSIT,2026-07-05 02:03:38-04:00,2,Sunday,overnight,1,-77.21259,39.63652
FD24013403|26012758_639190242626510263|1783251857,Carroll County Department of Fire & EMS,NOEMERG,2026-07-05 03:44:17-04:00,3,Sunday,overnight,1,-76.98969,39.56172
FD24013403|26012772_639188681760626676|1783262029,Carroll County Department of Fire & EMS,MEDICAL,2026-07-05 06:33:49-04:00,6,Sunday,morning,1,-77.08282,39.43624
FD24013403|26012775_639192041712967487|1783262556,Carroll County Department of Fire & EMS,MEDICAL,2026-07-05 06:42:36-04:00,6,Sunday,morning,1,-77.15855,39.64717
FD24013403|26012777_639188681686452542|1783263995,Carroll County Department of Fire & EMS,MEDICAL,2026-07-05 07:06:35-04:00,7,Sunday,morning,1,-77.03912,39.4697
FD24013403|26012784_639190244122058327|1783267192,Carroll County Department of Fire & EMS,NOEMERG,2026-07-05 07:59:52-04:00,7,Sunday,morning,1,-76.98486,39.5749
FD24013403|26012811_639189310445981757|1783293771,Carroll County Department of Fire & EMS,HAZSIT,2026-07-05 15:22:51-04:00,15,Sunday,afternoon,1,-76.94692,39.50659
FD24013403|26012864_639189663017955753|1783346313,Carroll County Department of Fire & EMS,MEDICAL,2026-07-06 05:58:33-04:00,5,Monday,overnight,1,-76.94788,39.74753
FD24013403|26012866_639189532546494135|1783346825,Carroll County Department of Fire & EMS,MEDICAL,2026-07-06 06:07:05-04:00,6,Monday,morning,1,-77.18095,39.65774
FD24013403|26012867_639189787517849914|1783346639,Carroll County Department of Fire & EMS,MEDICAL,2026-07-06 06:03:59-04:00,6,Monday,morning,2,-76.94223,39.52914
FD24013403|26012873_639189516316998349|1783351007,Carroll County Department of Fire & EMS,MEDICAL,2026-07-06 07:16:47-04:00,7,Monday,morning,2,-76.84768,39.59783
FD24013403|26012884_639189531098414745|1783354486,Carroll County Department of Fire & EMS,NOEMERG,2026-07-06 08:14:46-04:00,8,Monday,morning,1,-77.15658,39.66269
FD24013403|26012888_639189782018407447|1783355558,Carroll County Department of Fire & EMS,MEDICAL,2026-07-06 08:32:38-04:00,8,Monday,morning,2,-77.02244,39.57606
FD24013403|26012889_639189614075974528|1783357673,Carroll County Department of Fire & EMS,MEDICAL,2026-07-06 09:07:53-04:00,9,Monday,morning,1,-77.16769,39.67368
FD24013403|26012892_639189775227406067|1783358348,Carroll County Department of Fire & EMS,NOEMERG,2026-07-06 09:19:08-04:00,9,Monday,morning,1,-76.91659,39.41571
FD24013403|26012893_639189773112400320|1783358578,Carroll County Department of Fire & EMS,NOEMERG,2026-07-06 09:22:58-04:00,9,Monday,morning,2,-76.95673,39.37236
FD24013403|26012911_639189714370330587|1783372730,Carroll County Department of Fire & EMS,MEDICAL,2026-07-06 13:18:50-04:00,13,Monday,afternoon,1,-76.8877,39.66494
FD24013403|26012915_639190188867038693|1783377149,Carroll County Department of Fire & EMS,MEDICAL,2026-07-06 14:32:29-04:00,14,Monday,afternoon,1,-76.95673,39.37236
FD24013403|26012931_639190290327942374|1783396156,Carroll County Department of Fire & EMS,MEDICAL,2026-07-06 19:49:16-04:00,19,Monday,evening,1,-77.01613,39.40743
FD24013403|26012938_639190175135756787|1783402151,Carroll County Department of Fire & EMS,HAZSIT,2026-07-06 21:29:11-04:00,21,Monday,evening,1,-77.16012,39.64878
FD24013403|26012950_639190501432149507|1783434303,Carroll County Department of Fire & EMS,MEDICAL,2026-07-07 06:25:03-04:00,6,Tuesday,morning,1,-76.97754,39.41567
FD24013403|26012963_639192391809402728|1783445450,Carroll County Department of Fire & EMS,MEDICAL,2026-07-07 09:30:50-04:00,9,Tuesday,morning,1,-76.97977,39.36723
FD24013403|26012976_639190700408117061|1783457101,Carroll County Department of Fire & EMS,MEDICAL,2026-07-07 12:45:01-04:00,12,Tuesday,afternoon,1,-77.1959,39.66849
FD24013403|26012978_639192392427452135|1783460603,Carroll County Department of Fire & EMS,MEDICAL,2026-07-07 13:43:23-04:00,13,Tuesday,afternoon,1,-77.13159,39.36809
FD24013403|26012983_639190711509966031|1783464864,Carroll County Department of Fire & EMS,MEDICAL,2026-07-07 14:54:24-04:00,14,Tuesday,afternoon,2,-77.03282,39.56145
FD24013403|26012994_639190740608731438|1783469151,Carroll County Department of Fire & EMS,MEDICAL,2026-07-07 16:05:51-04:00,16,Tuesday,afternoon,1,-77.17336,39.66085
FD24013403|26012995_639191013904505033|1783469395,Carroll County Department of Fire & EMS,NOEMERG,2026-07-07 16:09:55-04:00,16,Tuesday,afternoon,1,-76.99345,39.56306
FD24013403|26012999_639191015017301690|1783476088,Carroll County Department of Fire & EMS,MEDICAL,2026-07-07 18:01:28-04:00,18,Tuesday,evening,1,-76.85802,39.5976
FD24013403|26013006_639192393915698344|1783493971,Carroll County Department of Fire & EMS,MEDICAL,2026-07-07 22:59:31-04:00,22,Tuesday,evening,1,-76.88987,39.4172
FD24013403|26013013_639191459920333453|1783508712,Carroll County Department of Fire & EMS,MEDICAL,2026-07-08 03:05:12-04:00,3,Wednesday,overnight,1,-77.16224,39.65315
FD24013403|26013017_639191524826342002|1783515973,Carroll County Department of Fire & EMS,MEDICAL,2026-07-08 05:06:13-04:00,5,Wednesday,overnight,1,-76.89275,39.67215
FD24013403|26013018_639194215811936713|1783515853,Carroll County Department of Fire & EMS,MEDICAL,2026-07-08 05:04:13-04:00,5,Wednesday,overnight,1,-76.96253,39.39712
FD24013403|26013022_639191461162086249|1783523317,Carroll County Department of Fire & EMS,MEDICAL,2026-07-08 07:08:37-04:00,7,Wednesday,morning,1,-77.39791063602,39.4722987265
FD24013403|26013023_639194209863961033|1783523570,Carroll County Department of Fire & EMS,MEDICAL,2026-07-08 07:12:50-04:00,7,Wednesday,morning,1,-77.04233,39.56815
FD24013403|26013034_639191462090766265|1783535571,Carroll County Department of Fire & EMS,MEDICAL,2026-07-08 10:32:51-04:00,10,Wednesday,morning,1,-77.15889,39.64791
FD24013403|26013053_639191882126670794|1783549545,Carroll County Department of Fire & EMS,MEDICAL,2026-07-08 14:25:45-04:00,14,Wednesday,afternoon,2,-77.00521,39.49337
FD24013403|26013054_639195147611945372|1783549957,Carroll County Department of Fire & EMS,MEDICAL,2026-07-08 14:32:37-04:00,14,Wednesday,afternoon,1,-77.08416,39.65985
FD24013403|26013064_639191879482011722|1783553556,Carroll County Department of Fire & EMS,NOEMERG,2026-07-08 15:32:36-04:00,15,Wednesday,afternoon,2,-77.16393,39.36198
FD24013403|26013068_639194206518531532|1783556682,Carroll County Department of Fire & EMS,MEDICAL,2026-07-08 16:24:42-04:00,16,Wednesday,afternoon,1,-77.05341,39.43196
FD24013403|26013070_639191594423779231|1783560411,Carroll County Department of Fire & EMS,MEDICAL,2026-07-08 17:26:51-04:00,17,Wednesday,afternoon,1,-77.16264,39.65865
FD24013403|26013072_639191709820691890|1783567212,Carroll County Department of Fire & EMS,MEDICAL,2026-07-08 19:20:12-04:00,19,Wednesday,evening,1,-76.92114,39.61821
FD24013403|26013093_639192394841250284|1783609764,Carroll County Department of Fire & EMS,MEDICAL,2026-07-09 07:09:24-04:00,7,Thursday,morning,1,-76.98809,39.56569
FD24013403|26013095_639192546864219199|1783612337,Carroll County Department of Fire & EMS,MEDICAL,2026-07-09 07:52:17-04:00,7,Thursday,morning,1,-77.11825,39.47319
FD24013403|26013096_639192395411378429|1783616129,Carroll County Department of Fire & EMS,NOEMERG,2026-07-09 08:55:29-04:00,8,Thursday,morning,1,-76.96725,39.41627
FD24013403|26013102_639192531627314452|1783619381,Carroll County Department of Fire & EMS,HAZSIT,2026-07-09 09:49:41-04:00,9,Thursday,morning,1,-77.19891,39.84434
FD24013403|26013103_639192497448973541|1783619981,Carroll County Department of Fire & EMS,RESCUE,2026-07-09 09:59:41-04:00,9,Thursday,morning,2,-76.93561,39.39979
FD24013403|26013108_639192535003101850|1783624561,Carroll County Department of Fire & EMS,MEDICAL,2026-07-09 11:16:01-04:00,11,Thursday,morning,1,-76.15873,38.818199284
FD24013403|26013111_639192546355593615|1783627489,Carroll County Department of Fire & EMS,MEDICAL,2026-07-09 12:04:49-04:00,12,Thursday,afternoon,1,-77.03844,39.46264
FD24013403|26013115_639192534263424290|1783630923,Carroll County Department of Fire & EMS,HAZSIT,2026-07-09 13:02:03-04:00,13,Thursday,afternoon,1,-77.00947,39.58225
FD24013403|26013117_639192446709601107|1783633091,Carroll County Department of Fire & EMS,MEDICAL,2026-07-09 13:38:11-04:00,13,Thursday,afternoon,2,-77.02569,39.47704
FD24013403|26013119_639192533404996359|1783633471,Carroll County Department of Fire & EMS,HAZSIT,2026-07-09 13:44:31-04:00,13,Thursday,afternoon,1,-77.10616,39.62349
FD24013403|26013121_639192445514417800|1783635154,Carroll County Department of Fire & EMS,MEDICAL,2026-07-09 14:12:34-04:00,14,Thursday,afternoon,1,-76.89678,39.65714
FD24013403|26013124_639192544827931255|1783638500,Carroll County Department of Fire & EMS,MEDICAL,2026-07-09 15:08:20-04:00,15,Thursday,afternoon,1,-76.9933,39.5558
FD24013403|26013125_639192447355266405|1783638667,Carroll County Department of Fire & EMS,MEDICAL,2026-07-09 15:11:07-04:00,15,Thursday,afternoon,1,-76.8733,39.51277
FD24013403|26013131_639192448224489348|1783642773,Carroll County Department of Fire & EMS,MEDICAL,2026-07-09 16:19:33-04:00,16,Thursday,afternoon,1,-76.90316,39.6482
FD24013403|26013132_639192544225670170|1783645661,Carroll County Department of Fire & EMS,MEDICAL,2026-07-09 17:07:41-04:00,17,Thursday,afternoon,1,-76.96067,39.3989
FD24013403|26013151_639193292116664418|1783688458,Carroll County Department of Fire & EMS,MEDICAL,2026-07-10 05:00:58-04:00,5,Friday,overnight,1,-76.98332,39.38289
FD24013403|26013152_639192918254548729|1783692164,Carroll County Department of Fire & EMS,MEDICAL,2026-07-10 06:02:44-04:00,6,Friday,morning,3,-76.97989,39.56194
FD24013403|26013156_639192969020345697|1783693076,Carroll County Department of Fire & EMS,MEDICAL,2026-07-10 06:17:56-04:00,6,Friday,morning,1,-77.15951,39.66947
FD24013403|26013163_639193121929801048|1783700035,Carroll County Department of Fire & EMS,MEDICAL,2026-07-10 08:13:55-04:00,8,Friday,morning,1,-77.05137,39.46808
FD24013403|26013171_639193119011558838|1783705800,Carroll County Department of Fire & EMS,NOEMERG,2026-07-10 09:50:00-04:00,9,Friday,morning,2,-76.92725,39.40328
FD24013403|26013173_639193297512002148|1783704920,Carroll County Department of Fire & EMS,MEDICAL,2026-07-10 09:35:20-04:00,9,Friday,morning,1,-77.10925,39.42467
FD24013403|26013178_639193073732824138|1783708698,Carroll County Department of Fire & EMS,MEDICAL,2026-07-10 10:38:18-04:00,10,Friday,morning,1,-76.92333,39.65598
FD24013403|26013189_639193302629650916|1783720943,Carroll County Department of Fire & EMS,NOEMERG,2026-07-10 14:02:23-04:00,14,Friday,afternoon,1,-76.89433,39.49414
FD24013403|26013199_639193309224962992|1783728906,Carroll County Department of Fire & EMS,MEDICAL,2026-07-10 16:15:06-04:00,16,Friday,afternoon,1,-76.98989,39.41262
FD24013403|26013212_639193634960566647|1783764714,Carroll County Department of Fire & EMS,NOEMERG,2026-07-11 02:11:54-04:00,2,Saturday,overnight,1,-76.98969,39.56172
FD24013403|26013233_639193931713223311|1783790996,Carroll County Department of Fire & EMS,NOEMERG,2026-07-11 09:29:56-04:00,9,Saturday,morning,1,-76.96554,39.3704
FD24013403|26013238_639193934126326247|1783792985,Carroll County Department of Fire & EMS,MEDICAL,2026-07-11 10:03:05-04:00,10,Saturday,morning,1,-77.10579,39.48356
FD24013403|26013240_639193932632509091|1783795254,Carroll County Department of Fire & EMS,NOEMERG,2026-07-11 10:40:54-04:00,10,Saturday,morning,1,-76.99954,39.55783
FD24013403|26013252_639194503449649091|1783810489,Carroll County Department of Fire & EMS,MEDICAL,2026-07-11 14:54:49-04:00,14,Saturday,afternoon,1,-76.98867,39.56485
FD24013403|26013266_639194626219232952|1783827277,Carroll County Department of Fire & EMS,MEDICAL,2026-07-11 19:34:37-04:00,19,Saturday,evening,1,-77.20233,39.70638
FD24013403|26013276_639194505908809016|1783844753,Carroll County Department of Fire & EMS,MEDICAL,2026-07-12 00:25:53-04:00,0,Sunday,overnight,1,-76.89468,39.49842
FD24013403|26013286_639195047412581956|1783860110,Carroll County Department of Fire & EMS,MEDICAL,2026-07-12 04:41:50-04:00,4,Sunday,overnight,1,-76.99357,39.57555
FD24013403|26013298_639195043815043517|1783868094,Carroll County Department of Fire & EMS,FIRE,2026-07-12 06:54:54-04:00,6,Sunday,morning,2,-77.00388,39.58035
FD24013403|26013300_639198097207405037|1783874416,Carroll County Department of Fire & EMS,MEDICAL,2026-07-12 08:40:16-04:00,8,Sunday,morning,1,-77.03215,39.47493
FD24013403|26013307_639195050112040428|1783882520,Carroll County Department of Fire & EMS,MEDICAL,2026-07-12 10:55:20-04:00,10,Sunday,morning,1,-76.98824,39.69992
FD24013403|26013310_639198100808663393|1783886918,Carroll County Department of Fire & EMS,MEDICAL,2026-07-12 12:08:38-04:00,12,Sunday,afternoon,1,-76.15873,38.818199284
FD24013403|26013317_639194949943066456|1783891295,Carroll County Department of Fire & EMS,NOEMERG,2026-07-12 13:21:35-04:00,13,Sunday,afternoon,1,-76.99902,39.58419
FD24013403|26013318_639195045910076940|1783891348,Carroll County Department of Fire & EMS,NOEMERG,2026-07-12 13:22:28-04:00,13,Sunday,afternoon,2,-76.97268,39.49022
FD24013403|26013321_639195047116248565|1783892984,Carroll County Department of Fire & EMS,NOEMERG,2026-07-12 13:49:44-04:00,13,Sunday,afternoon,2,-77.15511,39.37648
FD24013403|26013322_639194951110669801|1783893133,Carroll County Department of Fire & EMS,NOEMERG,2026-07-12 13:52:13-04:00,13,Sunday,afternoon,2,-77.01711,39.58281
FD24013403|26013327_639195051313422656|1783896992,Carroll County Department of Fire & EMS,NOEMERG,2026-07-12 14:56:32-04:00,14,Sunday,afternoon,1,-76.90198,39.60925
FD24013403|26013329_639195052245950685|1783899345,Carroll County Department of Fire & EMS,MEDICAL,2026-07-12 15:35:45-04:00,15,Sunday,afternoon,2,-76.95403,39.57023
FD24013403|26013331_639195145222538518|1783903803,Carroll County Department of Fire & EMS,MEDICAL,2026-07-12 16:50:03-04:00,16,Sunday,afternoon,1,-77.11486,39.67395
FD24013403|26013332_639195146110156662|1783904587,Carroll County Department of Fire & EMS,MEDICAL,2026-07-12 17:03:07-04:00,17,Sunday,afternoon,3,-77.22936,39.68739
FD24013403|26013333_639195146708720362|1783908447,Carroll County Department of Fire & EMS,MEDICAL,2026-07-12 18:07:27-04:00,18,Sunday,evening,1,-77.2465,39.62031
FD24013403|26013337_639195422417673568|1783936368,Carroll County Department of Fire & EMS,MEDICAL,2026-07-13 01:52:48-04:00,1,Monday,overnight,1,-76.94765,39.60322
FD24013403|26013340_639195423617328746|1783943121,Carroll County Department of Fire & EMS,NOEMERG,2026-07-13 03:45:21-04:00,3,Monday,overnight,1,-76.98969,39.56172
FD24013403|26013341_639195489316528443|1783945422,Carroll County Department of Fire & EMS,MEDICAL,2026-07-13 04:23:42-04:00,4,Monday,overnight,1,-76.91127,39.49908
FD24013403|26013346_639195925221402540|1783950757,Carroll County Department of Fire & EMS,MEDICAL,2026-07-13 05:52:37-04:00,5,Monday,overnight,1,-77.15451,39.65745
FD24013403|26013349_639195840022253522|1783954290,Carroll County Department of Fire & EMS,MEDICAL,2026-07-13 06:51:30-04:00,6,Monday,morning,1,-76.99015,39.57959
FD24013403|26013359_639196227332524600|1783961596,Carroll County Department of Fire & EMS,NOEMERG,2026-07-13 08:53:16-04:00,8,Monday,morning,1,-76.96547,39.56001
FD24013403|26013360_639196247117342512|1783962559,Carroll County Department of Fire & EMS,MEDICAL,2026-07-13 09:09:19-04:00,9,Monday,morning,1,-76.96802,39.56085
FD24013403|26013364_639195841814164712|1783963380,Carroll County Department of Fire & EMS,MEDICAL,2026-07-13 09:23:00-04:00,9,Monday,morning,1,-76.8432,39.71868
FD24013403|26013368_639195843364587520|1783964866,Carroll County Department of Fire & EMS,MEDICAL,2026-07-13 09:47:46-04:00,9,Monday,morning,2,-76.89401,39.67875
FD24013403|26013371_639195924914685096|1783965937,Carroll County Department of Fire & EMS,MEDICAL,2026-07-13 10:05:37-04:00,10,Monday,morning,1,-77.0756,39.63832
FD24013403|26013381_639195815738189367|1783974024,Carroll County Department of Fire & EMS,MEDICAL,2026-07-13 12:20:24-04:00,12,Monday,afternoon,1,-77.14276,39.39623
FD24013403|26013388_639195845410334984|1783975966,Carroll County Department of Fire & EMS,NOEMERG,2026-07-13 12:52:46-04:00,12,Monday,afternoon,1,-76.84848,39.60241
FD24013403|26013396_639196255516181670|1783984280,Carroll County Department of Fire & EMS,PUBSERV,2026-07-13 15:11:20-04:00,15,Monday,afternoon,1,-76.98103,39.51739
FD24013403|26013404_639195922268991582|1783991769,Carroll County Department of Fire & EMS,MEDICAL,2026-07-13 17:16:09-04:00,17,Monday,afternoon,1,-76.93358,39.38717
FD24013403|26013439_639196540847668953|1784049583,Carroll County Department of Fire & EMS,MEDICAL,2026-07-14 09:19:43-04:00,9,Tuesday,morning,3,-77.04236,39.56609
FD24013403|26013442_639196690490704386|1784051618,Carroll County Department of Fire & EMS,MEDICAL,2026-07-14 09:53:38-04:00,9,Tuesday,morning,1,-76.99393,39.59617
FD24013403|26013455_639196692010255921|1784062062,Carroll County Department of Fire & EMS,MEDICAL,2026-07-14 12:47:42-04:00,12,Tuesday,afternoon,1,-77.11413,39.60254
FD24013403|26013458_639196695610798686|1784063864,Carroll County Department of Fire & EMS,MEDICAL,2026-07-14 13:17:44-04:00,13,Tuesday,afternoon,1,-76.99252,39.53657
FD24013403|26013459_639196719010484674|1784064020,Carroll County Department of Fire & EMS,MEDICAL,2026-07-14 13:20:20-04:00,13,Tuesday,afternoon,2,-76.99547,39.57104
FD24013403|26013460_639196693396722056|1784065479,Carroll County Department of Fire & EMS,MEDICAL,2026-07-14 13:44:39-04:00,13,Tuesday,afternoon,1,-77.18617,39.72529
FD24013403|26013471_639196779010312535|1784075940,Carroll County Department of Fire & EMS,MEDICAL,2026-07-14 16:39:00-04:00,16,Tuesday,afternoon,1,-77.00137,39.41341
FD24013403|26013475_639196817713969297|1784083216,Carroll County Department of Fire & EMS,MEDICAL,2026-07-14 18:40:16-04:00,18,Tuesday,evening,1,-76.89313,39.66541
FD24013403|26013482_639197202312605293|1784098961,Carroll County Department of Fire & EMS,MEDICAL,2026-07-14 23:02:41-04:00,23,Tuesday,evening,1,-77.03431,39.40132
FD24013403|26013485_639197070852868230|1784106256,Carroll County Department of Fire & EMS,HAZSIT,2026-07-15 01:04:16-04:00,1,Wednesday,overnight,1,-77.04402,39.68277
FD24013403|26013489_639197485509063214|1784114267,Carroll County Department of Fire & EMS,NOEMERG,2026-07-15 03:17:47-04:00,3,Wednesday,overnight,1,-76.97162,39.51721
FD24013403|26013490_639197531708873457|1784114833,Carroll County Department of Fire & EMS,MEDICAL,2026-07-15 03:27:13-04:00,3,Wednesday,overnight,1,-77.15872,39.64318
FD24013403|26013492_639197323716465850|1784117094,Carroll County Department of Fire & EMS,HAZSIT,2026-07-15 04:04:54-04:00,4,Wednesday,overnight,1,-76.817347307241,39.63431020517
FD24013403|26013493_639197533681639873|1784117787,Carroll County Department of Fire & EMS,NOEMERG,2026-07-15 04:16:27-04:00,4,Wednesday,overnight,1,-76.97804,39.62272
FD24013403|26013500_639197535246022585|1784125372,Carroll County Department of Fire & EMS,NOEMERG,2026-07-15 06:22:52-04:00,6,Wednesday,morning,1,-77.16255,39.64849
FD24013403|26013501_639197537300410977|1784127810,Carroll County Department of Fire & EMS,NOEMERG,2026-07-15 07:03:30-04:00,7,Wednesday,morning,1,-77.26354,39.79338
FD24013403|26013516_639197562567892456|1784140070,Carroll County Department of Fire & EMS,MEDICAL,2026-07-15 10:27:50-04:00,10,Wednesday,morning,1,-76.93951,39.61726
FD24013403|26013524_639197563095634762|1784149237,Carroll County Department of Fire & EMS,NOEMERG,2026-07-15 13:00:37-04:00,13,Wednesday,afternoon,1,-76.97392,39.56125
FD24013403|26013525_639197907908096233|1784151972,Carroll County Department of Fire & EMS,NOEMERG,2026-07-15 13:46:12-04:00,13,Wednesday,afternoon,1,-76.93924,39.38924
FD24013403|26013557_639198054007762517|1784196434,Carroll County Department of Fire & EMS,MEDICAL,2026-07-16 02:07:14-04:00,2,Thursday,overnight,1,-76.89924,39.62958
FD24013403|26013561_639198438611784189|1784201522,Carroll County Department of Fire & EMS,NOEMERG,2026-07-16 03:32:02-04:00,3,Thursday,overnight,1,-76.286962173182,38.964932757391
FD24013403|26013569_639198439209977403|1784210927,Carroll County Department of Fire & EMS,MEDICAL,2026-07-16 06:08:47-04:00,6,Thursday,morning,1,-77.16832,39.65817
FD24013403|26013570_639198440333321041|1784211429,Carroll County Department of Fire & EMS,NOEMERG,2026-07-16 06:17:09-04:00,6,Thursday,morning,1,-77.16968,39.56488
FD24013403|26013577_639198318913128516|1784218378,Carroll County Department of Fire & EMS,MEDICAL,2026-07-16 08:12:58-04:00,8,Thursday,morning,1,-77.0241,39.41728
FD24013403|26013579_639198322821293751|1784220003,Carroll County Department of Fire & EMS,PUBSERV,2026-07-16 08:40:03-04:00,8,Thursday,morning,1,-77.0543,39.45316
FD24013403|26013581_639198950007099858|1784221084,Carroll County Department of Fire & EMS,MEDICAL,2026-07-16 08:58:04-04:00,8,Thursday,morning,1,-76.99547,39.5404
FD24013403|26013603_639198519829612770|1784251617,Carroll County Department of Fire & EMS,HAZSIT,2026-07-16 17:26:57-04:00,17,Thursday,afternoon,1,-77.10132,39.67579
FD24013403|26013635_639199398459912848|1784300691,Carroll County Department of Fire & EMS,NOEMERG,2026-07-17 07:04:51-04:00,7,Friday,morning,1,-77.03503,39.57826
FD24013403|26013643_639199222157091805|1784305774,Carroll County Department of Fire & EMS,MEDICAL,2026-07-17 08:29:34-04:00,8,Friday,morning,1,-77.01494,39.5863
FD24013403|26013645_639199221197763566|1784309345,Carroll County Department of Fire & EMS,MEDICAL,2026-07-17 09:29:05-04:00,9,Friday,morning,1,-77.02573,39.55931
FD24013403|26013658_639199242608821481|1784325456,Carroll County Department of Fire & EMS,MEDICAL,2026-07-17 13:57:36-04:00,13,Friday,afternoon,1,-77.16313,39.65307
FD24013403|26013662_639199399816131480|1784331968,Carroll County Department of Fire & EMS,MEDICAL,2026-07-17 15:46:08-04:00,15,Friday,afternoon,2,-76.99357,39.43983
FD24013403|26013663_639199391724364533|1784333260,Carroll County Department of Fire & EMS,FIRE,2026-07-17 16:07:40-04:00,16,Friday,afternoon,1,-76.9366,39.54276
FD24013403|26013666_639199398036765474|1784333622,Carroll County Department of Fire & EMS,MEDICAL,2026-07-17 16:13:42-04:00,16,Friday,afternoon,1,-77.05955,39.48667
FD24013403|26013671_639199397108667333|1784337977,Carroll County Department of Fire & EMS,MEDICAL,2026-07-17 17:26:17-04:00,17,Friday,afternoon,1,-76.99357,39.57555
FD24013403|26013678_639199446605335680|1784344975,Carroll County Department of Fire & EMS,MEDICAL,2026-07-17 19:22:55-04:00,19,Friday,evening,1,-76.85877,39.60825
FD24013403|26013688_639199757109870338|1784356147,Carroll County Department of Fire & EMS,MEDICAL,2026-07-17 22:29:07-04:00,22,Friday,evening,1,-76.98104,39.57293
FD24013403|26013691_639203120433310704|1784365727,Carroll County Department of Fire & EMS,MEDICAL,2026-07-18 01:08:47-04:00,1,Saturday,overnight,1,-76.93969,39.46852
FD24013403|26013694_639203127011947104|1784366939,Carroll County Department of Fire & EMS,FIRE,2026-07-18 01:28:59-04:00,1,Saturday,overnight,2,-76.99334,39.45824
FD24013403|26013699_639199758648855268|1784370973,Carroll County Department of Fire & EMS,MEDICAL,2026-07-18 02:36:13-04:00,2,Saturday,overnight,1,-77.00471,39.57231
FD24013403|26013705_639200137813473635|1784379196,Carroll County Department of Fire & EMS,MEDICAL,2026-07-18 04:53:16-04:00,4,Saturday,overnight,1,-77.15296,39.37282
FD24013403|26013737_639200156122398334|1784414141,Carroll County Department of Fire & EMS,NOEMERG,2026-07-18 14:35:41-04:00,14,Saturday,afternoon,1,-77.08014,39.42596
FD24013403|26013739_639200157907386530|1784414580,Carroll County Department of Fire & EMS,MEDICAL,2026-07-18 14:43:00-04:00,14,Saturday,afternoon,1,-77.02936,39.41964
FD24013403|26013747_639200643312638653|1784420878,Carroll County Department of Fire & EMS,NOEMERG,2026-07-18 16:27:58-04:00,16,Saturday,afternoon,1,-77.16419,39.66882
FD24013403|26013752_639200249111803452|1784426181,Carroll County Department of Fire & EMS,MEDICAL,2026-07-18 17:56:21-04:00,17,Saturday,afternoon,1,-76.90968,39.69402
FD24013403|26013763_639200395420228002|1784438812,Carroll County Department of Fire & EMS,MEDICAL,2026-07-18 21:26:52-04:00,21,Saturday,evening,1,-76.91398,39.39317
FD24013403|26013775_639204251459101382|1784461774,Carroll County Department of Fire & EMS,NOEMERG,2026-07-19 03:49:34-04:00,3,Sunday,overnight,1,-76.98969,39.56172
FD24013403|26013777_639200620507389750|1784462594,Carroll County Department of Fire & EMS,MEDICAL,2026-07-19 04:03:14-04:00,4,Sunday,overnight,1,-76.97356,39.42621
FD24013403|26013790_639201598555619640|1784474561,Carroll County Department of Fire & EMS,MEDICAL,2026-07-19 07:22:41-04:00,7,Sunday,morning,2,-76.97898,39.53904
FD24013403|26013795_639201601216692438|1784479814,Carroll County Department of Fire & EMS,MEDICAL,2026-07-19 08:50:14-04:00,8,Sunday,morning,2,-76.9139,39.42567
FD24013403|26013799_639204252048322298|1784485592,Carroll County Department of Fire & EMS,NOEMERG,2026-07-19 10:26:32-04:00,10,Sunday,morning,1,-76.87906,39.6607
FD24013403|26013803_639200966450260513|1784487268,Carroll County Department of Fire & EMS,MEDICAL,2026-07-19 10:54:28-04:00,10,Sunday,morning,1,-77.23715,39.60302
FD24013403|26013804_639204252915818458|1784487191,Carroll County Department of Fire & EMS,NOEMERG,2026-07-19 10:53:11-04:00,10,Sunday,morning,1,-76.97421,39.56445
FD24013403|26013806_639201602417888943|1784488652,Carroll County Department of Fire & EMS,MEDICAL,2026-07-19 11:17:32-04:00,11,Sunday,morning,1,-76.95105,39.47572
FD24013403|26013808_639200967943090065|1784489570,Carroll County Department of Fire & EMS,MEDICAL,2026-07-19 11:32:50-04:00,11,Sunday,morning,1,-77.09667,39.66952
FD24013403|26013810_639204253222372491|1784492390,Carroll County Department of Fire & EMS,NOEMERG,2026-07-19 12:19:50-04:00,12,Sunday,afternoon,1,-76.92254,39.57846
FD24013403|26013814_639204254115402675|1784496775,Carroll County Department of Fire & EMS,NOEMERG,2026-07-19 13:32:55-04:00,13,Sunday,afternoon,1,-76.97405,39.5596
FD24013403|26013825_639201604515187825|1784507331,Carroll County Department of Fire & EMS,MEDICAL,2026-07-19 16:28:51-04:00,16,Sunday,afternoon,2,-76.95673,39.37236
FD24013403|26013828_639206579495124635|1784509326,Carroll County Department of Fire & EMS,NOEMERG,2026-07-19 17:02:06-04:00,17,Sunday,afternoon,1,-76.97213,39.37894
FD24013403|26013854_639204583517666601|1784548153,Carroll County Department of Fire & EMS,MEDICAL,2026-07-20 03:49:13-04:00,3,Monday,overnight,1,-76.98969,39.56172
FD24013403|26013856_639201712813584865|1784551407,Carroll County Department of Fire & EMS,HAZSIT,2026-07-20 04:43:27-04:00,4,Monday,overnight,1,-77.04672,39.64387
FD24013403|26013857_639201710115840890|1784553053,Carroll County Department of Fire & EMS,MEDICAL,2026-07-20 05:10:53-04:00,5,Monday,overnight,1,-77.01859,39.65237
FD24013403|26013859_639201606326709977|1784553377,Carroll County Department of Fire & EMS,MEDICAL,2026-07-20 05:16:17-04:00,5,Monday,overnight,1,-77.15305,39.36659
FD24013403|26013880_639204586515729526|1784567951,Carroll County Department of Fire & EMS,MEDICAL,2026-07-20 09:19:11-04:00,9,Monday,morning,1,-76.90281,39.5583
FD24013403|26013883_639201709520353143|1784570479,Carroll County Department of Fire & EMS,MEDICAL,2026-07-20 10:01:19-04:00,10,Monday,morning,1,-77.2336,39.6181
FD24013403|26013884_639204589817736131|1784571623,Carroll County Department of Fire & EMS,MEDICAL,2026-07-20 10:20:23-04:00,10,Monday,morning,1,-76.89156,39.64851
FD24013403|26013894_639202870213958328|1784588604,Carroll County Department of Fire & EMS,MEDICAL,2026-07-20 15:03:24-04:00,15,Monday,afternoon,1,-77.13532,39.70052
FD24013403|26013903_639204591918518021|1784593566,Carroll County Department of Fire & EMS,MEDICAL,2026-07-20 16:26:06-04:00,16,Monday,afternoon,1,-76.99426,39.57349
FD24013403|26013917_639202869679172736|1784605191,Carroll County Department of Fire & EMS,MEDICAL,2026-07-20 19:39:51-04:00,19,Monday,evening,1,-77.16044,39.66516
FD24013403|26013929_639202385114416064|1784624851,Carroll County Department of Fire & EMS,MEDICAL,2026-07-21 01:07:31-04:00,1,Tuesday,overnight,1,-77.15798,39.36726
FD24013403|26013944_639204581487665780|1784643357,Carroll County Department of Fire & EMS,MEDICAL,2026-07-21 06:15:57-04:00,6,Tuesday,morning,1,-77.04977,39.41583
FD24013403|26013958_639204579317206608|1784652190,Carroll County Department of Fire & EMS,MEDICAL,2026-07-21 08:43:10-04:00,8,Tuesday,morning,1,-77.08619,39.45804
FD24013403|26013960_639203130012567531|1784655447,Carroll County Department of Fire & EMS,HAZSIT,2026-07-21 09:37:27-04:00,9,Tuesday,morning,1,-76.99872,39.58034
FD24013403|26013962_639202636526553524|1784659016,Carroll County Department of Fire & EMS,MEDICAL,2026-07-21 10:36:56-04:00,10,Tuesday,morning,1,-77.04392,39.56563
FD24013403|26013963_639202870512354257|1784658020,Carroll County Department of Fire & EMS,PUBSERV,2026-07-21 10:20:20-04:00,10,Tuesday,morning,1,-77.17464,39.65756
FD24013403|26013964_639202635620084149|1784658578,Carroll County Department of Fire & EMS,MEDICAL,2026-07-21 10:29:38-04:00,10,Tuesday,morning,1,-76.98275,39.57214
FD24013403|26013968_639202869025633418|1784664860,Carroll County Department of Fire & EMS,MEDICAL,2026-07-21 12:14:20-04:00,12,Tuesday,afternoon,1,-76.98678,39.57747
FD24013403|26013988_639203132415204507|1784681997,Carroll County Department of Fire & EMS,HAZSIT,2026-07-21 16:59:57-04:00,16,Tuesday,afternoon,2,-77.16911,39.38218
FD24013403|26013992_639204576068570457|1784686691,Carroll County Department of Fire & EMS,MEDICAL,2026-07-21 18:18:11-04:00,18,Tuesday,evening,1,-77.05449,39.48913
FD24013403|26013996_639204572615050654|1784699201,Carroll County Department of Fire & EMS,MEDICAL,2026-07-21 21:46:41-04:00,21,Tuesday,evening,1,-76.92841,39.38546
FD24013403|26014009_639203711440928373|1784725936,Carroll County Department of Fire & EMS,MEDICAL,2026-07-22 05:12:16-04:00,5,Wednesday,overnight,1,-76.9812,39.41941
FD24013403|26014013_639203300122196176|1784730071,Carroll County Department of Fire & EMS,NOEMERG,2026-07-22 06:21:11-04:00,6,Wednesday,morning,1,-76.99241,39.54142
FD24013403|26014021_639203389529587638|1784737669,Carroll County Department of Fire & EMS,MEDICAL,2026-07-22 08:27:49-04:00,8,Wednesday,morning,1,-77.17006,39.65038
FD24013403|26014024_639203688612701257|1784740420,Carroll County Department of Fire & EMS,NOEMERG,2026-07-22 09:13:40-04:00,9,Wednesday,morning,1,-77.15114,39.38793
FD24013403|26014027_639203418379184374|1784743346,Carroll County Department of Fire & EMS,MEDICAL,2026-07-22 10:02:26-04:00,10,Wednesday,morning,1,-76.86074,39.60378
FD24013403|26014032_639203717719598296|1784752202,Carroll County Department of Fire & EMS,MEDICAL,2026-07-22 12:30:02-04:00,12,Wednesday,afternoon,2,-77.00131,39.71774
FD24013403|26014041_639203560564244719|1784758078,Carroll County Department of Fire & EMS,MEDICAL,2026-07-22 14:07:58-04:00,14,Wednesday,afternoon,2,-76.92191,39.52571
FD24013403|26014046_639203688318971154|1784766827,Carroll County Department of Fire & EMS,MEDICAL,2026-07-22 16:33:47-04:00,16,Wednesday,afternoon,1,-76.90844,39.51055
FD24013403|26014050_639203787936324232|1784771189,Carroll County Department of Fire & EMS,MEDICAL,2026-07-22 17:46:29-04:00,17,Wednesday,afternoon,1,-77.17262,39.56647
FD24013403|26014067_639204290421475530|1784817045,Carroll County Department of Fire & EMS,MEDICAL,2026-07-23 06:30:45-04:00,6,Thursday,morning,2,-76.99039,39.60608
FD24013403|26014073_639204563416981487|1784821202,Carroll County Department of Fire & EMS,MEDICAL,2026-07-23 07:40:02-04:00,7,Thursday,morning,1,-76.94497,39.4042
FD24013403|26014080_639204528921174554|1784825116,Carroll County Department of Fire & EMS,FIRE,2026-07-23 08:45:16-04:00,8,Thursday,morning,1,-77.10006,39.55237
FD24013403|26014083_639204568217361374|1784830829,Carroll County Department of Fire & EMS,MEDICAL,2026-07-23 10:20:29-04:00,10,Thursday,morning,1,-76.96903,39.51965
FD24013403|26014098_639204570313907837|1784838566,Carroll County Department of Fire & EMS,NOEMERG,2026-07-23 12:29:26-04:00,12,Thursday,afternoon,1,-77.14799,39.3581
FD24013403|26014103_639204530116220596|1784840314,Carroll County Department of Fire & EMS,MEDICAL,2026-07-23 12:58:34-04:00,12,Thursday,afternoon,1,-77.08449,39.65321
FD24013403|26014107_639204531614158285|1784843977,Carroll County Department of Fire & EMS,MEDICAL,2026-07-23 13:59:37-04:00,13,Thursday,afternoon,1,-77.17368,39.65754
FD24013403|26014110_639204533121917523|1784846343,Carroll County Department of Fire & EMS,PUBSERV,2026-07-23 14:39:03-04:00,14,Thursday,afternoon,1,-77.15855,39.64717
FD24013403|26014111_639204555915718569|1784848051,Carroll County Department of Fire & EMS,MEDICAL,2026-07-23 15:07:31-04:00,15,Thursday,afternoon,1,-76.89219,39.62718
FD24013403|26014113_639204576918981754|1784852309,Carroll County Department of Fire & EMS,NOEMERG,2026-07-23 16:18:29-04:00,16,Thursday,afternoon,1,-76.93539,39.39807
FD24013403|26014123_639204740716132147|1784875123,Carroll County Department of Fire & EMS,PUBSERV,2026-07-23 22:38:43-04:00,22,Thursday,evening,1,-77.15967,39.65101
FD24013403|26014124_639204742733511464|1784875876,Carroll County Department of Fire & EMS,PUBSERV,2026-07-23 22:51:16-04:00,22,Thursday,evening,1,-77.14476,39.64961
FD24013403|26014126_639204816537795670|1784882219,Carroll County Department of Fire & EMS,NOEMERG,2026-07-24 00:36:59-04:00,0,Friday,overnight,1,-76.91301,39.49176
FD24013403|26014139_639205023418296226|1784903091,Carroll County Department of Fire & EMS,MEDICAL,2026-07-24 06:24:51-04:00,6,Friday,morning,1,-76.8877,39.66494
FD24013403|26014143_639205062922468824|1784906991,Carroll County Department of Fire & EMS,HAZSIT,2026-07-24 07:29:51-04:00,7,Friday,morning,1,-77.1542,39.67912
FD24013403|26014157_639205223122961013|1784922548,Carroll County Department of Fire & EMS,RESCUE,2026-07-24 11:49:08-04:00,11,Friday,morning,2,-76.84872,39.6632
FD24013403|26014168_639206446326869865|1784933453,Carroll County Department of Fire & EMS,MEDICAL,2026-07-24 14:50:53-04:00,14,Friday,afternoon,1,-77.01703,39.40714
FD24013403|26014171_639206439915423987|1784935446,Carroll County Department of Fire & EMS,PUBSERV,2026-07-24 15:24:06-04:00,15,Friday,afternoon,1,-77.01703,39.40714
FD24013403|26014174_639205352416409785|1784936997,Carroll County Department of Fire & EMS,NOEMERG,2026-07-24 15:49:57-04:00,15,Friday,afternoon,1,-77.11266,39.53473
FD24013403|26014177_639206443260747642|1784943211,Carroll County Department of Fire & EMS,MEDICAL,2026-07-24 17:33:31-04:00,17,Friday,afternoon,1,-77.14758,39.36623
FD24013403|26014185_639205576877165978|1784952777,Carroll County Department of Fire & EMS,MEDICAL,2026-07-24 20:12:57-04:00,20,Friday,evening,1,-77.19156,39.68326
FD24013403|26014187_639205653015778740|1784955216,Carroll County Department of Fire & EMS,MEDICAL,2026-07-24 20:53:36-04:00,20,Friday,evening,1,-76.90979,39.51532
FD24013403|26014190_639206185267002272|1784963107,Carroll County Department of Fire & EMS,FIRE,2026-07-24 23:05:07-04:00,23,Friday,evening,1,-76.86566,39.66952
FD24013403|26014203_639206436276658928|1784982072,Carroll County Department of Fire & EMS,MEDICAL,2026-07-25 04:21:12-04:00,4,Saturday,overnight,1,-77.15771,39.35853
FD24013403|26014205_639205842638460503|1784983527,Carroll County Department of Fire & EMS,MEDICAL,2026-07-25 04:45:27-04:00,4,Saturday,overnight,1,-77.16215,39.65607
FD24013403|26014218_639206286006800750|1785002466,Carroll County Department of Fire & EMS,MEDICAL,2026-07-25 10:01:06-04:00,10,Saturday,morning,2,-76.98455,39.55658
FD24013403|26014222_639206047608264333|1785006330,Carroll County Department of Fire & EMS,NOEMERG,2026-07-25 11:05:30-04:00,11,Saturday,morning,1,-76.85159,39.67046
FD24013403|26014232_639206186173735274|1785019203,Carroll County Department of Fire & EMS,MEDICAL,2026-07-25 14:40:03-04:00,14,Saturday,afternoon,1,-76.943,39.66622
FD24013403|26014237_639206433016545819|1785022549,Carroll County Department of Fire & EMS,MEDICAL,2026-07-25 15:35:49-04:00,15,Saturday,afternoon,1,-76.98967,39.37006
FD24013403|26014240_639206287217845962|1785023202,Carroll County Department of Fire & EMS,MEDICAL,2026-07-25 15:46:42-04:00,15,Saturday,afternoon,2,-77.01726,39.6656
FD24013403|26014249_639206951723655503|1785034753,Carroll County Department of Fire & EMS,MEDICAL,2026-07-25 18:59:13-04:00,18,Saturday,evening,1,-77.04534,39.68366
FD24013403|26014254_639206954119050502|1785043310,Carroll County Department of Fire & EMS,HAZSIT,2026-07-25 21:21:50-04:00,21,Saturday,evening,1,-77.01549,39.66571
FD24013403|26014289_639206954767228362|1785094294,Carroll County Department of Fire & EMS,MEDICAL,2026-07-26 11:31:34-04:00,11,Sunday,morning,1,-76.91683,39.71326
FD24013403|26014293_639207582024639632|1785101282,Carroll County Department of Fire & EMS,MEDICAL,2026-07-26 13:28:02-04:00,13,Sunday,afternoon,1,-77.0548,39.41038
FD24013403|26014294_639207155470654952|1785100688,Carroll County Department of Fire & EMS,NOEMERG,2026-07-26 13:18:08-04:00,13,Sunday,afternoon,1,-77.15991,39.64974
FD24013403|26014299_639207617130504660|1785104751,Carroll County Department of Fire & EMS,MEDICAL,2026-07-26 14:25:51-04:00,14,Sunday,afternoon,1,-77.05345,39.43231
FD24013403|26014301_639211153809252136|1785105611,Carroll County Department of Fire & EMS,RESCUE,2026-07-26 14:40:11-04:00,14,Sunday,afternoon,3,-77.02808,39.52572
FD24013403|26014314_639207208899814118|1785122968,Carroll County Department of Fire & EMS,MEDICAL,2026-07-26 19:29:28-04:00,19,Sunday,evening,1,-76.87863,39.63466
FD24013403|26014316_639207262211917980|1785127493,Carroll County Department of Fire & EMS,NOEMERG,2026-07-26 20:44:53-04:00,20,Sunday,evening,1,-77.02685,39.66342
FD24013403|26014329_639207607004958476|1785149659,Carroll County Department of Fire & EMS,MEDICAL,2026-07-27 02:54:19-04:00,2,Monday,overnight,1,-77.17837,39.66204
FD24013403|26014332_639207707422918080|1785152411,Carroll County Department of Fire & EMS,MEDICAL,2026-07-27 03:40:11-04:00,3,Monday,overnight,1,-76.99547,39.5404
FD24013403|26014338_639207709913085431|1785166121,Carroll County Department of Fire & EMS,MEDICAL,2026-07-27 07:28:41-04:00,7,Monday,morning,1,-76.92145,39.40585
FD24013403|26014384_639208349455540914|1785223986,Carroll County Department of Fire & EMS,NOEMERG,2026-07-27 23:33:06-04:00,23,Monday,evening,1,-76.286962173182,38.964932757391
FD24013403|26014393_639208683627382699|1785248535,Carroll County Department of Fire & EMS,MEDICAL,2026-07-28 06:22:15-04:00,6,Tuesday,morning,1,-76.97448,39.5673
FD24013403|26014395_639208499723127085|1785249309,Carroll County Department of Fire & EMS,NOEMERG,2026-07-28 06:35:09-04:00,6,Tuesday,morning,3,-77.06596,39.70862
FD24013403|26014410_639211943104207953|1785264927,Carroll County Department of Fire & EMS,MEDICAL,2026-07-28 10:55:27-04:00,10,Tuesday,morning,1,-77.1727,39.66148
FD24013403|26014417_639208686913287257|1785270558,Carroll County Department of Fire & EMS,MEDICAL,2026-07-28 12:29:18-04:00,12,Tuesday,afternoon,1,-76.99046,39.58693
FD24013403|26014419_639211824867808469|1785271515,Carroll County Department of Fire & EMS,RESCUE,2026-07-28 12:45:15-04:00,12,Tuesday,afternoon,3,-77.05092,39.60165
FD24013403|26014422_639208813556947797|1785272240,Carroll County Department of Fire & EMS,FIRE,2026-07-28 12:57:20-04:00,12,Tuesday,afternoon,2,-76.85234,39.61401
FD24013403|26014435_639208812295361612|1785277310,Carroll County Department of Fire & EMS,MEDICAL,2026-07-28 14:21:50-04:00,14,Tuesday,afternoon,1,-76.89121,39.66848
FD24013403|26014487_639210960341282536|1785347972,Carroll County Department of Fire & EMS,MEDICAL,2026-07-29 09:59:32-04:00,9,Wednesday,morning,1,-77.12648,39.41534
FD24013403|26014490_639210958811916750|1785349960,Carroll County Department of Fire & EMS,MEDICAL,2026-07-29 10:32:40-04:00,10,Wednesday,morning,1,-77.1526,39.37164
FD24013403|26014495_639209704844482141|1785353829,Carroll County Department of Fire & EMS,MEDICAL,2026-07-29 11:37:09-04:00,11,Wednesday,morning,1,-77.17505,39.65897
FD24013403|26014500_639209735192783909|1785360044,Carroll County Department of Fire & EMS,NOEMERG,2026-07-29 13:20:44-04:00,13,Wednesday,afternoon,2,-77.00559,39.70119
FD24013403|26014507_639210957616580875|1785369325,Carroll County Department of Fire & EMS,NOEMERG,2026-07-29 15:55:25-04:00,15,Wednesday,afternoon,1,-77.16393,39.36198
FD24013403|26014508_639209705406920268|1785369743,Carroll County Department of Fire & EMS,MEDICAL,2026-07-29 16:02:23-04:00,16,Wednesday,afternoon,1,-77.15469,39.65876
FD24013403|26014510_639209743207326300|1785371074,Carroll County Department of Fire & EMS,MEDICAL,2026-07-29 16:24:34-04:00,16,Wednesday,afternoon,1,-77.174,39.6546
FD24013403|26014518_639210042310763008|1785389637,Carroll County Department of Fire & EMS,MEDICAL,2026-07-29 21:33:57-04:00,21,Wednesday,evening,1,-76.98696,39.57217
FD24013403|26014526_639210630906975472|1785418672,Carroll County Department of Fire & EMS,MEDICAL,2026-07-30 05:37:52-04:00,5,Thursday,overnight,1,-77.08286,39.46151
FD24013403|26014528_639210207908902964|1785419808,Carroll County Department of Fire & EMS,MEDICAL,2026-07-30 05:56:48-04:00,5,Thursday,overnight,1,-77.00538,39.58014
FD24013403|26014549_639210639050713959|1785443472,Carroll County Department of Fire & EMS,MEDICAL,2026-07-30 12:31:12-04:00,12,Thursday,afternoon,1,-77.15288,39.36965
FD24013403|26014557_639210785105109520|1785448935,Carroll County Department of Fire & EMS,MEDICAL,2026-07-30 14:02:15-04:00,14,Thursday,afternoon,1,-76.91403,39.63034
FD24013403|26014562_639210555011382583|1785453604,Carroll County Department of Fire & EMS,NOEMERG,2026-07-30 15:20:04-04:00,15,Thursday,afternoon,1,-77.01104,39.58838
FD24013403|26014563_639210671058691622|1785456096,Carroll County Department of Fire & EMS,NOEMERG,2026-07-30 16:01:36-04:00,16,Thursday,afternoon,1,-76.98407,39.54493
FD24013403|26014565_639210673540184119|1785460137,Carroll County Department of Fire & EMS,MEDICAL,2026-07-30 17:08:57-04:00,17,Thursday,afternoon,1,-77.08763,39.4577
FD24013403|26014570_639210620126086351|1785464108,Carroll County Department of Fire & EMS,NOEMERG,2026-07-30 18:15:08-04:00,18,Thursday,evening,1,-77.17459,39.56927
FD24013403|26014573_639210676510920455|1785467123,Carroll County Department of Fire & EMS,MEDICAL,2026-07-30 19:05:23-04:00,19,Thursday,evening,1,-77.03348,39.48873
FD24013403|26014578_639210786310132706|1785477605,Carroll County Department of Fire & EMS,MEDICAL,2026-07-30 22:00:05-04:00,22,Thursday,evening,1,-76.94836,39.56588
FD24013403|26014591_639211115707405681|1785509495,Carroll County Department of Fire & EMS,MEDICAL,2026-07-31 06:51:35-04:00,6,Friday,morning,2,-76.94756,39.66301
FD24013403|26014594_639211332908764534|1785511448,Carroll County Department of Fire & EMS,NOEMERG,2026-07-31 07:24:08-04:00,7,Friday,morning,1,-76.94633,39.41025
FD24013403|26014600_639211555173755464|1785518193,Carroll County Department of Fire & EMS,MEDICAL,2026-07-31 09:16:33-04:00,9,Friday,morning,1,-76.97141,39.68534
FD24013403|26014602_639211268343891301|1785522313,Carroll County Department of Fire & EMS,NOEMERG,2026-07-31 10:25:13-04:00,10,Friday,morning,1,-77.0926,39.70167
FD24013403|26014606_639211333806418090|1785526476,Carroll County Department of Fire & EMS,NOEMERG,2026-07-31 11:34:36-04:00,11,Friday,morning,1,-76.98103,39.51739
FD24013403|26014607_639211302790411734|1785526739,Carroll County Department of Fire & EMS,MEDICAL,2026-07-31 11:38:59-04:00,11,Friday,morning,3,-77.11822,39.4173
FD24013403|26014624_639211556630289198|1785545278,Carroll County Department of Fire & EMS,MEDICAL,2026-07-31 16:47:58-04:00,16,Friday,afternoon,1,-76.88354,39.64991
FD24013403|26014635_639211557774908409|1785553114,Carroll County Department of Fire & EMS,MEDICAL,2026-07-31 18:58:34-04:00,18,Friday,evening,1,-76.89104,39.66418
FD24013403|26014639_639211810506346614|1785565775,Carroll County Department of Fire & EMS,NOEMERG,2026-07-31 22:29:35-04:00,22,Friday,evening,1,-77.15122,39.38996
FD24013403|26014641_639211812905826762|1785576662,Carroll County Department of Fire & EMS,MEDICAL,2026-08-01 01:31:02-04:00,1,Saturday,overnight,1,-76.97833,39.42145
FD24013403|26014683_639212390066294675|1785623644,Carroll County Department of Fire & EMS,RESCUE,2026-08-01 14:34:04-04:00,14,Saturday,afternoon,2,-76.8895,39.71447
FD24013403|26014698_639212391906635285|1785633932,Carroll County Department of Fire & EMS,FIRE,2026-08-01 17:25:32-04:00,17,Saturday,afternoon,2,-77.07807,39.46543
FD24013403|26014709_639212443814307786|1785644567,Carroll County Department of Fire & EMS,MEDICAL,2026-08-01 20:22:47-04:00,20,Saturday,evening,1,-77.26825,39.60403
